version 2
JvmtiExport can_access_local_variables 0
JvmtiExport can_hotswap_or_post_breakpoint 1
JvmtiExport can_post_on_exceptions 0
# 182 ciObject found
instanceKlass com/fasterxml/jackson/databind/util/ClassUtil
ciInstanceKlass java/lang/Cloneable 1 0 7 100 1 100 1 1 1
instanceKlass org/apache/catalina/Cluster
# instanceKlass java/lang/invoke/LambdaForm$MH+0x000001f74b55e800
# instanceKlass java/lang/invoke/LambdaForm$MH+0x000001f74b55e400
# instanceKlass java/lang/invoke/LambdaForm$DMH+0x000001f74b55e000
instanceKlass com/fasterxml/jackson/core/util/InternalJacksonUtil
# instanceKlass java/lang/invoke/LambdaForm$MH+0x000001f74b55dc00
# instanceKlass java/lang/invoke/LambdaForm$MH+0x000001f74b55d800
# instanceKlass java/lang/invoke/LambdaForm$MH+0x000001f74b55d400
instanceKlass  @bci com/netflix/discovery/shared/Applications populateInstanceCountMap (Ljava/util/Map;)V 71 <appendix> argL0 ; # com/netflix/discovery/shared/Applications$$Lambda+0x000001f74b557b40
instanceKlass com/netflix/discovery/shared/transport/decorator/EurekaHttpClientDecorator$7
instanceKlass org/apache/http/pool/AbstractConnPool$3
instanceKlass java/util/WeakHashMap$HashIterator
instanceKlass  @bci com/netflix/discovery/shared/Applications shuffleAndFilterInstances (Ljava/util/Map;Z)V 83 <appendix> member <vmtarget> ; # com/netflix/discovery/shared/Applications$$Lambda+0x000001f74b557270
instanceKlass  @bci com/netflix/discovery/shared/Applications shuffleAndFilterInstances (Ljava/util/Map;Z)V 71 <appendix> argL0 ; # com/netflix/discovery/shared/Applications$$Lambda+0x000001f74b557010
instanceKlass  @bci com/netflix/discovery/shared/Applications addInstanceToMap (Lcom/netflix/appinfo/InstanceInfo;Ljava/lang/String;Ljava/util/Map;)V 47 <appendix> argL0 ; # com/netflix/discovery/shared/Applications$$Lambda+0x000001f74b556dc0
instanceKlass  @bci com/netflix/discovery/shared/Application getInstances ()Ljava/util/List; 14 <appendix> member <vmtarget> ; # com/netflix/discovery/shared/Application$$Lambda+0x000001f74b556b88
# instanceKlass java/lang/invoke/LambdaForm$MH+0x000001f74b55d000
# instanceKlass java/lang/invoke/LambdaForm$BMH+0x000001f74b55cc00
# instanceKlass java/lang/invoke/LambdaForm$DMH+0x000001f74b55c800
# instanceKlass java/lang/invoke/LambdaForm$MH+0x000001f74b55c400
# instanceKlass java/lang/invoke/LambdaForm$DMH+0x000001f74b55c000
# instanceKlass java/lang/invoke/LambdaForm$MH+0x000001f74b55bc00
# instanceKlass java/lang/invoke/LambdaForm$DMH+0x000001f74b55b800
# instanceKlass java/lang/invoke/LambdaForm$MH+0x000001f74b55b400
# instanceKlass java/lang/invoke/LambdaForm$DMH+0x000001f74b55b000
# instanceKlass java/lang/invoke/LambdaForm$MH+0x000001f74b55ac00
# instanceKlass java/lang/invoke/LambdaForm$DMH+0x000001f74b55a800
instanceKlass org/apache/hc/core5/http/io/entity/NullEntity
# instanceKlass java/lang/invoke/LambdaForm$MH+0x000001f74b55a400
# instanceKlass java/lang/invoke/LambdaForm$MH+0x000001f74b55a000
# instanceKlass java/lang/invoke/LambdaForm$MH+0x000001f74b559c00
# instanceKlass java/lang/invoke/LambdaForm$MH+0x000001f74b559800
# instanceKlass java/lang/invoke/LambdaForm$MH+0x000001f74b559400
# instanceKlass java/lang/invoke/LambdaForm$MH+0x000001f74b559000
# instanceKlass java/lang/invoke/LambdaForm$BMH+0x000001f74b558c00
# instanceKlass java/lang/invoke/LambdaForm$DMH+0x000001f74b558800
# instanceKlass java/lang/invoke/LambdaForm$DMH+0x000001f74b558400
# instanceKlass java/lang/invoke/LambdaForm$MH+0x000001f74b558000
# instanceKlass java/lang/invoke/LambdaForm$MH+0x000001f74b553c00
# instanceKlass java/lang/invoke/LambdaForm$MH+0x000001f74b553800
# instanceKlass java/lang/invoke/LambdaForm$MH+0x000001f74b553400
# instanceKlass java/lang/invoke/LambdaForm$BMH+0x000001f74b553000
# instanceKlass java/lang/invoke/LambdaForm$DMH+0x000001f74b552c00
# instanceKlass java/lang/invoke/LambdaForm$MH+0x000001f74b552800
# instanceKlass java/lang/invoke/LambdaForm$BMH+0x000001f74b552400
# instanceKlass java/lang/invoke/LambdaForm$DMH+0x000001f74b552000
# instanceKlass java/lang/invoke/LambdaForm$DMH+0x000001f74b551c00
# instanceKlass java/lang/invoke/LambdaForm$DMH+0x000001f74b551800
instanceKlass com/fasterxml/jackson/databind/deser/BeanDeserializer$1
# instanceKlass java/lang/invoke/LambdaForm$MH+0x000001f74b551400
# instanceKlass java/lang/invoke/LambdaForm$MH+0x000001f74b551000
instanceKlass com/fasterxml/jackson/databind/cfg/CoercionConfigs$1
instanceKlass com/fasterxml/jackson/core/io/NumberInput
instanceKlass com/fasterxml/jackson/databind/deser/impl/PropertyValue
instanceKlass com/fasterxml/jackson/databind/deser/impl/PropertyValueBuffer
instanceKlass  @bci org/springframework/web/util/HierarchicalUriComponents getQuery ()Ljava/lang/String; 25 <appendix> member <vmtarget> ; # org/springframework/web/util/HierarchicalUriComponents$$Lambda+0x000001f74b554fd8
instanceKlass  @bci org/springframework/web/util/HierarchicalUriComponents lambda$expandQueryParams$6 (Lorg/springframework/web/util/UriComponents$UriTemplateVariables;Lorg/springframework/util/MultiValueMap;Ljava/lang/String;Ljava/util/List;)V 16 <appendix> member <vmtarget> ; # org/springframework/web/util/HierarchicalUriComponents$$Lambda+0x000001f74b554d80
instanceKlass com/netflix/discovery/shared/transport/decorator/EurekaHttpClientDecorator$3
instanceKlass java/util/concurrent/ConcurrentLinkedQueue$Itr
instanceKlass org/apache/tomcat/PeriodicEventListener
instanceKlass  @bci org/apache/catalina/webresources/Cache backgroundProcess ()V 4 <appendix> argL0 ; # org/apache/catalina/webresources/Cache$$Lambda+0x000001f74b554900
instanceKlass  @bci org/springframework/boot/devtools/restart/Restarter clear (Ljava/lang/Class;Ljava/lang/String;)V 55 <appendix> member <vmtarget> ; # org/springframework/boot/devtools/restart/Restarter$$Lambda+0x000001f74b554698
instanceKlass com/sun/beans/util/Cache$CacheEntry
instanceKlass com/sun/beans/util/Cache
instanceKlass com/sun/beans/introspect/ClassInfo
instanceKlass java/beans/WeakIdentityMap
instanceKlass java/beans/ThreadGroupContext
instanceKlass  @bci org/springframework/cloud/loadbalancer/support/LoadBalancerEagerContextInitializer onApplicationEvent (Lorg/springframework/boot/context/event/ApplicationReadyEvent;)V 13 <appendix> member <vmtarget> ; # org/springframework/cloud/loadbalancer/support/LoadBalancerEagerContextInitializer$$Lambda+0x000001f74b554248
instanceKlass  @bci org/springframework/boot/SpringApplicationRunListeners ready (Lorg/springframework/context/ConfigurableApplicationContext;Ljava/time/Duration;)V 5 <appendix> member <vmtarget> ; # org/springframework/boot/SpringApplicationRunListeners$$Lambda+0x000001f74b554000
instanceKlass  @bci org/springframework/boot/SpringApplication callRunners (Lorg/springframework/context/ConfigurableApplicationContext;Lorg/springframework/boot/ApplicationArguments;)V 125 <appendix> member <vmtarget> ; # org/springframework/boot/SpringApplication$$Lambda+0x000001f74b54fd20
instanceKlass java/util/IdentityHashMap$IdentityHashMapSpliterator
instanceKlass org/springframework/boot/SpringApplication$FactoryAwareOrderSourceProvider
instanceKlass org/springframework/http/client/HttpComponentsClientHttpRequest$BodyEntity
instanceKlass org/springframework/http/client/InterceptingClientHttpRequest$InterceptingRequestExecution$1
instanceKlass org/springframework/boot/Runner
instanceKlass  @bci org/springframework/boot/SpringApplicationRunListeners started (Lorg/springframework/context/ConfigurableApplicationContext;Ljava/time/Duration;)V 5 <appendix> member <vmtarget> ; # org/springframework/boot/SpringApplicationRunListeners$$Lambda+0x000001f74b54e9f8
instanceKlass jdk/internal/math/MathUtils
instanceKlass jdk/internal/math/ToDecimal
instanceKlass  @bci org/springframework/web/servlet/resource/ResourceUrlProvider lambda$detectResourceHandlers$1 (Lorg/springframework/web/servlet/handler/AbstractUrlHandlerMapping;)V 5 <appendix> member <vmtarget> ; # org/springframework/web/servlet/resource/ResourceUrlProvider$$Lambda+0x000001f74b54d9e0
instanceKlass  @bci org/springframework/web/servlet/resource/ResourceUrlProvider detectResourceHandlers (Lorg/springframework/context/ApplicationContext;)V 48 <appendix> member <vmtarget> ; # org/springframework/web/servlet/resource/ResourceUrlProvider$$Lambda+0x000001f74b54d428
instanceKlass com/fasterxml/jackson/databind/ser/std/StdKeySerializers
instanceKlass  @bci org/springframework/web/servlet/resource/ResourceUrlProvider detectResourceHandlers (Lorg/springframework/context/ApplicationContext;)V 37 <appendix> member <vmtarget> ; # org/springframework/web/servlet/resource/ResourceUrlProvider$$Lambda+0x000001f74b54d1d0
instanceKlass  @bci org/springframework/web/servlet/resource/ResourceUrlProvider detectResourceHandlers (Lorg/springframework/context/ApplicationContext;)V 20 <appendix> member <vmtarget> ; # org/springframework/web/servlet/resource/ResourceUrlProvider$$Lambda+0x000001f74b54cf68
instanceKlass org/springframework/boot/devtools/restart/classloader/ClassLoaderFile
# instanceKlass java/lang/invoke/LambdaForm$MH+0x000001f74b550c00
# instanceKlass java/lang/invoke/LambdaForm$MH+0x000001f74b550800
# instanceKlass java/lang/invoke/LambdaForm$BMH+0x000001f74b550400
# instanceKlass java/lang/invoke/LambdaForm$DMH+0x000001f74b550000
instanceKlass com/fasterxml/jackson/core/JsonGenerator$1
instanceKlass com/fasterxml/jackson/databind/jsontype/TypeSerializer$1
instanceKlass com/fasterxml/jackson/core/type/WritableTypeId
instanceKlass com/fasterxml/jackson/databind/ser/impl/PropertySerializerMap$SerializerAndMapResult
instanceKlass  @bci org/springframework/boot/autoconfigure/condition/ConditionEvaluationReport addNoMatchOutcomeToAncestors (Ljava/lang/String;)V 13 <appendix> member <vmtarget> ; # org/springframework/boot/autoconfigure/condition/ConditionEvaluationReport$$Lambda+0x000001f74b54b860
instanceKlass com/fasterxml/jackson/core/io/NumberOutput
instanceKlass  @bci org/springframework/boot/autoconfigure/condition/ConditionEvaluationReport getConditionAndOutcomesBySource ()Ljava/util/Map; 12 <appendix> member <vmtarget> ; # org/springframework/boot/autoconfigure/condition/ConditionEvaluationReport$$Lambda+0x000001f74b54b400
instanceKlass java/util/AbstractMap$SimpleEntry
instanceKlass com/fasterxml/jackson/databind/ObjectWriter$Prefetch
instanceKlass com/fasterxml/jackson/databind/ObjectWriter$GeneratorSettings
instanceKlass com/fasterxml/jackson/core/util/MinimalPrettyPrinter
instanceKlass org/springframework/util/TypeUtils
instanceKlass com/fasterxml/jackson/core/FormatFeature
instanceKlass  @bci org/springframework/http/converter/json/AbstractJackson2HttpMessageConverter writeInternal (Ljava/lang/Object;Ljava/lang/reflect/Type;Lorg/springframework/http/HttpOutputMessage;)V 71 <appendix> member <vmtarget> ; # org/springframework/http/converter/json/AbstractJackson2HttpMessageConverter$$Lambda+0x000001f74b5494f8
instanceKlass  @bci org/springframework/boot/web/embedded/tomcat/TomcatWebServer getContextPath ()Ljava/lang/String; 70 <appendix> argL0 ; # org/springframework/boot/web/embedded/tomcat/TomcatWebServer$$Lambda+0x000001f74b5492a8
instanceKlass org/springframework/http/converter/json/MappingJacksonValue
instanceKlass  @bci org/springframework/boot/web/embedded/tomcat/TomcatWebServer getContextPath ()Ljava/lang/String; 60 <appendix> argL0 ; # org/springframework/boot/web/embedded/tomcat/TomcatWebServer$$Lambda+0x000001f74b548e08
instanceKlass  @bci org/springframework/boot/web/embedded/tomcat/TomcatWebServer getContextPath ()Ljava/lang/String; 50 <appendix> member <vmtarget> ; # org/springframework/boot/web/embedded/tomcat/TomcatWebServer$$Lambda+0x000001f74b548ba0
instanceKlass  @bci org/springframework/boot/web/embedded/tomcat/TomcatWebServer getContextPath ()Ljava/lang/String; 39 <appendix> member <vmtarget> ; # org/springframework/boot/web/embedded/tomcat/TomcatWebServer$$Lambda+0x000001f74b548948
instanceKlass  @bci org/springframework/web/client/RestTemplate$HttpEntityRequestCallback doWithRequest (Lorg/springframework/http/client/ClientHttpRequest;)V 208 <appendix> member <vmtarget> ; # org/springframework/web/client/RestTemplate$HttpEntityRequestCallback$$Lambda+0x000001f74b548700
instanceKlass  @bci org/springframework/boot/web/embedded/tomcat/TomcatWebServer getContextPath ()Ljava/lang/String; 22 <appendix> member <vmtarget> ; # org/springframework/boot/web/embedded/tomcat/TomcatWebServer$$Lambda+0x000001f74b548498
instanceKlass  @bci org/springframework/boot/web/embedded/tomcat/TomcatEmbeddedContext lambda$deferredLoadOnStartup$0 ()V 9 <appendix> member <vmtarget> ; # org/springframework/boot/web/embedded/tomcat/TomcatEmbeddedContext$$Lambda+0x000001f74b548250
instanceKlass  @bci org/springframework/boot/web/embedded/tomcat/TomcatEmbeddedContext getLoadOnStartupWrappers ([Lorg/apache/catalina/Container;)Ljava/util/stream/Stream; 95 <appendix> argL0 ; # org/springframework/boot/web/embedded/tomcat/TomcatEmbeddedContext$$Lambda+0x000001f74b548000
instanceKlass java/util/TreeMap$TreeMapSpliterator
instanceKlass com/fasterxml/jackson/databind/util/EnumValues
instanceKlass  @bci org/springframework/boot/web/embedded/tomcat/TomcatEmbeddedContext deferredLoadOnStartup ()V 11 <appendix> member <vmtarget> ; # org/springframework/boot/web/embedded/tomcat/TomcatEmbeddedContext$$Lambda+0x000001f74b544a38
instanceKlass  @bci org/apache/coyote/AbstractProtocol startAsyncTimeout ()V 77 <appendix> member <vmtarget> ; # org/apache/coyote/AbstractProtocol$$Lambda+0x000001f74b544800
instanceKlass  @bci org/apache/coyote/AbstractProtocol start ()V 58 <appendix> member <vmtarget> ; # org/apache/coyote/AbstractProtocol$$Lambda+0x000001f74b545ce0
instanceKlass com/fasterxml/jackson/databind/ser/std/NumberSerializers$1
instanceKlass org/apache/tomcat/util/net/Acceptor
instanceKlass com/fasterxml/jackson/annotation/JsonFilter
instanceKlass com/fasterxml/jackson/databind/annotation/JsonAppend
instanceKlass java/nio/BufferMismatch
instanceKlass com/fasterxml/jackson/databind/ser/impl/PropertySerializerMap
instanceKlass com/fasterxml/jackson/databind/ser/PropertyBuilder$1
instanceKlass com/fasterxml/jackson/annotation/JsonTypeId
instanceKlass com/fasterxml/jackson/databind/introspect/POJOPropertyBuilder$3
instanceKlass com/fasterxml/jackson/annotation/JsonInclude
instanceKlass com/fasterxml/jackson/databind/ser/PropertyBuilder
instanceKlass sun/nio/ch/UnixDomainSocketsUtil
instanceKlass sun/nio/ch/UnixDomainSockets
instanceKlass com/fasterxml/jackson/databind/ser/BeanSerializerBuilder
instanceKlass sun/nio/ch/PipeImpl$Initializer$LoopbackConnector
instanceKlass sun/nio/ch/PipeImpl$Initializer
instanceKlass java/nio/channels/Pipe
instanceKlass sun/nio/ch/WEPoll
# instanceKlass java/lang/invoke/LambdaForm$MH+0x000001f74b544000
instanceKlass sun/nio/ch/Util$2
instanceKlass java/nio/channels/spi/AbstractSelector$1
instanceKlass com/fasterxml/jackson/databind/util/internal/PrivateMaxEntriesMap$EntryIterator
instanceKlass java/nio/channels/Selector
instanceKlass  @bci com/fasterxml/jackson/databind/ser/impl/ReadOnlyClassToSerializerMap <init> (Lcom/fasterxml/jackson/databind/util/LookupCache;)V 38 <appendix> member <vmtarget> ; # com/fasterxml/jackson/databind/ser/impl/ReadOnlyClassToSerializerMap$$Lambda+0x000001f74b5436e0
instanceKlass com/fasterxml/jackson/databind/util/TypeKey
instanceKlass org/apache/tomcat/util/collections/SynchronizedQueue
instanceKlass com/fasterxml/jackson/databind/ser/impl/ReadOnlyClassToSerializerMap$Bucket
instanceKlass com/fasterxml/jackson/databind/ser/impl/ReadOnlyClassToSerializerMap
instanceKlass org/apache/tomcat/util/net/NioEndpoint$Poller
instanceKlass com/fasterxml/jackson/databind/deser/std/DateDeserializers
instanceKlass  @bci org/springframework/web/util/HierarchicalUriComponents expandQueryParams (Lorg/springframework/web/util/UriComponents$UriTemplateVariables;)Lorg/springframework/util/MultiValueMap; 37 <appendix> member <vmtarget> ; # org/springframework/web/util/HierarchicalUriComponents$$Lambda+0x000001f74b541440
instanceKlass org/springframework/web/util/HierarchicalUriComponents$QueryUriTemplateVariables
instanceKlass org/apache/tomcat/util/threads/ThreadPoolExecutor$RejectPolicy
instanceKlass org/springframework/web/util/UriComponents$VarArgsTemplateVariables
instanceKlass org/apache/tomcat/util/threads/ThreadPoolExecutor$RejectedExecutionHandler
instanceKlass org/apache/tomcat/util/threads/RetryableQueue
instanceKlass com/netflix/discovery/shared/transport/decorator/EurekaHttpClientDecorator$1
instanceKlass sun/nio/ch/DefaultSelectorProvider
instanceKlass java/nio/channels/spi/SelectorProvider$Holder
instanceKlass com/netflix/appinfo/HealthCheckCallbackToHandlerBridge
instanceKlass java/nio/channels/spi/SelectorProvider
instanceKlass com/netflix/appinfo/RefreshableInstanceConfig
instanceKlass com/netflix/appinfo/AmazonInfo
instanceKlass com/netflix/appinfo/UniqueIdentifier
instanceKlass  @bci org/springframework/cloud/netflix/eureka/serviceregistry/EurekaServiceRegistry register (Lorg/springframework/cloud/netflix/eureka/serviceregistry/EurekaRegistration;)V 128 <appendix> member <vmtarget> ; # org/springframework/cloud/netflix/eureka/serviceregistry/EurekaServiceRegistry$$Lambda+0x000001f74b53f0d0
instanceKlass com/netflix/discovery/InstanceInfoReplicator$2
instanceKlass jakarta/annotation/Nullable
instanceKlass org/springframework/beans/factory/annotation/InitDestroyAnnotationBeanPostProcessor$LifecycleMethod
instanceKlass java/util/stream/ReduceOps$5ReducingSink
instanceKlass  @bci java/util/stream/IntPipeline sum ()I 2 <appendix> argL0 ; # java/util/stream/IntPipeline$$Lambda+0x000001f74b2f5fc8
instanceKlass java/util/function/IntBinaryOperator
instanceKlass  @bci com/netflix/discovery/shared/Applications size ()I 7 <appendix> argL0 ; # com/netflix/discovery/shared/Applications$$Lambda+0x000001f74b53e0d0
instanceKlass java/util/concurrent/ConcurrentLinkedQueue$CLQSpliterator
instanceKlass com/netflix/discovery/DiscoveryManager
instanceKlass com/netflix/discovery/DiscoveryClient$6
instanceKlass com/netflix/discovery/util/RateLimiter$1
instanceKlass com/netflix/discovery/util/RateLimiter
instanceKlass com/netflix/discovery/InstanceInfoReplicator$1
instanceKlass com/netflix/discovery/InstanceInfoReplicator
instanceKlass com/netflix/discovery/DiscoveryClient$HeartbeatThread
instanceKlass com/netflix/discovery/DiscoveryClient$CacheRefreshThread
instanceKlass com/netflix/discovery/DiscoveryEvent
instanceKlass jakarta/ws/rs/core/Response$StatusType
instanceKlass  @bci org/springframework/http/ReadOnlyHttpHeaders entrySet ()Ljava/util/Set; 32 <appendix> argL0 ; # org/springframework/http/ReadOnlyHttpHeaders$$Lambda+0x000001f74b53bac8
instanceKlass  @bci org/springframework/http/ReadOnlyHttpHeaders entrySet ()Ljava/util/Set; 24 <appendix> argL0 ; # org/springframework/http/ReadOnlyHttpHeaders$$Lambda+0x000001f74b53b898
instanceKlass  @bci org/springframework/http/ReadOnlyHttpHeaders entrySet ()Ljava/util/Set; 14 <appendix> argL0 ; # org/springframework/http/ReadOnlyHttpHeaders$$Lambda+0x000001f74b53b648
instanceKlass com/netflix/discovery/shared/transport/EurekaHttpResponse$EurekaHttpResponseBuilder
instanceKlass com/netflix/discovery/shared/transport/EurekaHttpResponse
instanceKlass org/apache/hc/core5/pool/StrictConnPool$2
instanceKlass org/apache/hc/core5/io/Closer
instanceKlass org/apache/hc/core5/http/ContentType
instanceKlass org/apache/hc/core5/http/io/entity/EntityUtils
instanceKlass io/micrometer/observation/SimpleObservation
instanceKlass org/springframework/http/support/HttpComponentsHeadersAdapter$HeaderEntry
instanceKlass org/springframework/util/LinkedCaseInsensitiveMap$EntryIterator
instanceKlass org/springframework/http/support/HttpComponentsHeadersAdapter$HeaderNamesIterator
instanceKlass org/springframework/http/support/HttpComponentsHeadersAdapter$EntryIterator
instanceKlass  @bci org/springframework/http/ReadOnlyHttpHeaders forEach (Ljava/util/function/BiConsumer;)V 5 <appendix> member <vmtarget> ; # org/springframework/http/ReadOnlyHttpHeaders$$Lambda+0x000001f74b5385d0
instanceKlass  @bci org/springframework/util/LinkedCaseInsensitiveMap putAll (Ljava/util/Map;)V 12 <appendix> member <vmtarget> ; # org/springframework/util/LinkedCaseInsensitiveMap$$Lambda+0x000001f74b538388
instanceKlass org/springframework/http/ResponseEntity$DefaultBuilder
instanceKlass org/springframework/http/ResponseEntity$BodyBuilder
instanceKlass org/springframework/http/ResponseEntity$HeadersBuilder
# instanceKlass java/lang/invoke/LambdaForm$MH+0x000001f74b530c00
# instanceKlass java/lang/invoke/LambdaForm$MH+0x000001f74b530800
# instanceKlass java/lang/invoke/LambdaForm$MH+0x000001f74b530400
instanceKlass java/util/concurrent/ForkJoinTask$Aux
instanceKlass com/fasterxml/jackson/core/JsonStreamContext
instanceKlass com/fasterxml/jackson/core/json/ByteSourceJsonBootstrapper
instanceKlass com/fasterxml/jackson/core/util/TextBuffer
instanceKlass com/fasterxml/jackson/core/io/IOContext
instanceKlass com/fasterxml/jackson/core/util/BufferRecycler
instanceKlass com/fasterxml/jackson/core/util/BufferRecyclers
instanceKlass com/fasterxml/jackson/core/io/ContentReference
instanceKlass com/fasterxml/jackson/core/filter/TokenFilter
instanceKlass org/springframework/http/converter/json/MappingJacksonInputMessage
instanceKlass org/springframework/util/StreamUtils
instanceKlass  @bci org/springframework/http/converter/json/AbstractJackson2HttpMessageConverter readJavaType (Lcom/fasterxml/jackson/databind/JavaType;Lorg/springframework/http/HttpInputMessage;)Ljava/lang/Object; 39 <appendix> member <vmtarget> ; # org/springframework/http/converter/json/AbstractJackson2HttpMessageConverter$$Lambda+0x000001f74b536388
instanceKlass org/springframework/http/support/HttpComponentsHeadersAdapter
instanceKlass org/springframework/web/client/ClientHttpResponseDecorator
instanceKlass  @bci org/springframework/http/HttpStatusCode valueOf (I)Lorg/springframework/http/HttpStatusCode; 19 <appendix> member <vmtarget> ; # org/springframework/http/HttpStatusCode$$Lambda+0x000001f74b534f10
instanceKlass org/springframework/http/client/HttpComponentsClientHttpResponse
instanceKlass org/apache/hc/core5/http/io/EofSensorWatcher
instanceKlass org/apache/hc/client5/http/impl/classic/CloseableHttpResponse
instanceKlass org/apache/hc/core5/http/message/BasicHeaderElement
instanceKlass org/apache/hc/core5/http/message/BasicNameValuePair
instanceKlass org/apache/hc/core5/http/HeaderElement
instanceKlass org/apache/hc/core5/http/message/BasicHeaderValueParser
instanceKlass org/apache/hc/core5/http/message/HeaderValueParser
instanceKlass org/apache/hc/core5/http/message/AbstractHeaderElementIterator
instanceKlass org/apache/hc/core5/http/impl/io/IncomingHttpEntity
instanceKlass org/apache/hc/core5/http/message/StatusLine
instanceKlass  @bci org/apache/hc/core5/http/message/BasicLineParser parseProtocolVersion (Lorg/apache/hc/core5/util/CharArrayBuffer;Lorg/apache/hc/core5/http/message/ParserCursor;)Lorg/apache/hc/core5/http/ProtocolVersion; 184 <appendix> argL0 ; # org/apache/hc/core5/http/message/BasicLineParser$$Lambda+0x000001f74b52da98
instanceKlass  @cpi org/apache/hc/core5/http/message/BasicLineParser 142 form vmentry <vmtarget> ; # java/lang/invoke/LambdaForm$DMH+0x000001f74b530000
instanceKlass org/apache/hc/core5/http/ProtocolVersionParser$Factory
instanceKlass org/apache/hc/core5/http/ProtocolVersionParser
instanceKlass org/apache/hc/core5/http/message/RequestLine
instanceKlass  @bci org/apache/hc/client5/http/impl/classic/InternalExecRuntime execute (Ljava/lang/String;Lorg/apache/hc/core5/http/ClassicHttpRequest;Lorg/apache/hc/core5/http/io/HttpResponseInformationCallback;Lorg/apache/hc/client5/http/protocol/HttpClientContext;)Lorg/apache/hc/core5/http/ClassicHttpResponse; 100 <appendix> member <vmtarget> ; # org/apache/hc/client5/http/impl/classic/InternalExecRuntime$$Lambda+0x000001f74b52d400
instanceKlass org/apache/hc/client5/http/io/ConnectionEndpoint$RequestExecutor
instanceKlass  @bci org/apache/hc/client5/http/impl/classic/MainClientExec execute (Lorg/apache/hc/core5/http/ClassicHttpRequest;Lorg/apache/hc/client5/http/classic/ExecChain$Scope;Lorg/apache/hc/client5/http/classic/ExecChain;)Lorg/apache/hc/core5/http/ClassicHttpResponse; 127 <appendix> member <vmtarget> ; # org/apache/hc/client5/http/impl/classic/MainClientExec$$Lambda+0x000001f74b52d1c8
instanceKlass org/apache/hc/core5/http/io/HttpResponseInformationCallback
instanceKlass org/apache/hc/client5/http/utils/DateUtils
instanceKlass org/apache/hc/client5/http/impl/cookie/BasicHttpOnlyHandler
instanceKlass org/apache/hc/client5/http/impl/cookie/AbstractCookieAttributeHandler
instanceKlass org/apache/hc/client5/http/impl/cookie/PublicSuffixDomainFilter
instanceKlass org/apache/hc/client5/http/impl/cookie/BasicDomainHandler
instanceKlass org/apache/hc/client5/http/impl/cookie/BasicPathHandler
instanceKlass  @bci org/apache/hc/core5/util/Tokenizer delimiters ([C)Lorg/apache/hc/core5/util/Tokenizer$Delimiter; 1 <appendix> member <vmtarget> ; # org/apache/hc/core5/util/Tokenizer$$Lambda+0x000001f74b52b5a0
instanceKlass org/apache/hc/client5/http/cookie/SetCookie
instanceKlass org/apache/hc/client5/http/cookie/Cookie
instanceKlass org/apache/hc/client5/http/impl/cookie/RFC6265CookieSpec
instanceKlass org/apache/hc/client5/http/impl/cookie/RFC6265CookieSpecFactory$2
instanceKlass org/apache/hc/client5/http/cookie/CookieOrigin
instanceKlass org/apache/hc/core5/net/InetAddressUtils
instanceKlass org/apache/hc/client5/http/EndpointInfo
instanceKlass sun/nio/ch/ExtendedSocketOption$1
instanceKlass sun/nio/ch/ExtendedSocketOption
instanceKlass sun/nio/ch/OptionKey
instanceKlass sun/nio/ch/SocketOptionRegistry$LazyInitialization
instanceKlass sun/nio/ch/SocketOptionRegistry$RegistryKey
instanceKlass sun/nio/ch/SocketOptionRegistry
instanceKlass java/net/StandardSocketOptions$StdSocketOption
instanceKlass java/net/StandardSocketOptions
instanceKlass org/apache/hc/client5/http/config/TlsConfig$Builder
instanceKlass org/apache/hc/client5/http/config/TlsConfig
instanceKlass org/apache/hc/client5/http/RouteTracker
instanceKlass org/apache/hc/core5/http/impl/io/AbstractMessageParser
instanceKlass org/apache/hc/core5/http/impl/io/AbstractMessageWriter
instanceKlass org/apache/hc/core5/http/impl/BasicHttpConnectionMetrics
instanceKlass org/apache/hc/core5/http/impl/io/SessionOutputBufferImpl
instanceKlass org/apache/hc/core5/util/ByteArrayBuffer
instanceKlass org/apache/hc/core5/http/impl/io/SessionInputBufferImpl
instanceKlass org/apache/hc/core5/http/impl/BasicHttpTransportMetrics
instanceKlass org/apache/hc/core5/http/impl/io/SocketHolder
instanceKlass org/apache/hc/core5/http/io/SessionInputBuffer
instanceKlass org/apache/hc/core5/http/io/SessionOutputBuffer
instanceKlass org/apache/hc/core5/http/EndpointDetails
instanceKlass org/apache/hc/core5/http/HttpConnectionMetrics
instanceKlass org/apache/hc/core5/http/io/HttpTransportMetrics
instanceKlass org/apache/hc/core5/http/impl/io/BHttpConnectionBase
instanceKlass org/apache/hc/core5/util/Identifiable
instanceKlass org/apache/hc/client5/http/io/ConnectionEndpoint
instanceKlass org/apache/hc/client5/http/impl/io/PoolingHttpClientConnectionManager$3
instanceKlass org/apache/hc/core5/pool/PoolEntry
instanceKlass org/apache/hc/core5/pool/StrictConnPool$PerRoutePool
instanceKlass org/apache/hc/core5/pool/StrictConnPool$LeaseRequest
instanceKlass org/apache/hc/core5/util/Deadline
instanceKlass org/apache/hc/core5/util/Asserts
instanceKlass org/apache/hc/client5/http/impl/auth/HttpAuthenticator$1
instanceKlass org/apache/hc/client5/http/impl/classic/RequestEntityProxy
instanceKlass org/apache/hc/core5/util/LangUtils
instanceKlass  @bci org/apache/hc/client5/http/protocol/HttpClientContext getAuthExchange (Lorg/apache/hc/core5/http/HttpHost;)Lorg/apache/hc/client5/http/auth/AuthExchange; 5 <appendix> argL0 ; # org/apache/hc/client5/http/protocol/HttpClientContext$$Lambda+0x000001f74b522f08
instanceKlass org/apache/hc/client5/http/auth/AuthExchange
instanceKlass sun/nio/cs/Surrogate
instanceKlass sun/nio/cs/Surrogate$Parser
instanceKlass sun/nio/cs/ThreadLocalCoders$Cache
instanceKlass sun/nio/cs/ThreadLocalCoders
instanceKlass org/apache/hc/core5/net/PercentCodec
instanceKlass org/apache/hc/core5/net/URIBuilder
instanceKlass org/apache/hc/client5/http/impl/RequestSupport
instanceKlass  @bci org/apache/hc/client5/http/impl/classic/ExecChainElement execute (Lorg/apache/hc/core5/http/ClassicHttpRequest;Lorg/apache/hc/client5/http/classic/ExecChain$Scope;)Lorg/apache/hc/core5/http/ClassicHttpResponse; 22 <appendix> member <vmtarget> ; # org/apache/hc/client5/http/impl/classic/ExecChainElement$$Lambda+0x000001f74b522258
instanceKlass org/apache/hc/client5/http/classic/ExecChain
instanceKlass org/apache/hc/core5/http/message/BasicListHeaderIterator
instanceKlass org/apache/hc/core5/http/support/AbstractMessageBuilder
instanceKlass org/apache/hc/client5/http/classic/ExecChain$Scope
instanceKlass org/apache/hc/client5/http/impl/classic/InternalExecRuntime
instanceKlass org/apache/hc/client5/http/impl/ExecSupport
instanceKlass org/apache/hc/core5/http/HttpHost
instanceKlass org/apache/hc/client5/http/routing/RoutingSupport
instanceKlass org/apache/hc/core5/http/message/BasicHeader
instanceKlass  @bci org/springframework/http/client/HttpComponentsClientHttpRequest addHeaders (Lorg/apache/hc/core5/http/ClassicHttpRequest;Lorg/springframework/http/HttpHeaders;)V 2 <appendix> member <vmtarget> ; # org/springframework/http/client/HttpComponentsClientHttpRequest$$Lambda+0x000001f74b51fb10
instanceKlass  @bci org/springframework/http/client/InterceptingClientHttpRequest$InterceptingRequestExecution execute (Lorg/springframework/http/HttpRequest;[B)Lorg/springframework/http/client/ClientHttpResponse; 87 <appendix> member <vmtarget> ; # org/springframework/http/client/InterceptingClientHttpRequest$InterceptingRequestExecution$$Lambda+0x000001f74b51f8c8
instanceKlass  @bci org/springframework/util/MultiValueMapAdapter addAll (Ljava/lang/Object;Ljava/util/List;)V 6 <appendix> member <vmtarget> ; # org/springframework/util/MultiValueMapAdapter$$Lambda+0x000001f74b51f670
instanceKlass  @bci org/springframework/http/client/InterceptingClientHttpRequest$InterceptingRequestExecution execute (Lorg/springframework/http/HttpRequest;[B)Lorg/springframework/http/client/ClientHttpResponse; 71 <appendix> member <vmtarget> ; # org/springframework/http/client/InterceptingClientHttpRequest$InterceptingRequestExecution$$Lambda+0x000001f74b51f428
instanceKlass org/springframework/http/StreamingHttpOutputMessage
instanceKlass java/util/concurrent/atomic/AtomicMarkableReference$Pair
instanceKlass java/util/concurrent/atomic/AtomicMarkableReference
instanceKlass org/apache/hc/core5/net/Ports
instanceKlass org/apache/hc/core5/net/Host
instanceKlass org/apache/hc/core5/net/URIAuthority
instanceKlass org/apache/hc/core5/http/message/HeaderGroup
instanceKlass org/apache/hc/core5/concurrent/CancellableDependency
instanceKlass org/apache/hc/client5/http/classic/methods/HttpUriRequest
instanceKlass org/springframework/http/client/InterceptingClientHttpRequest$InterceptingRequestExecution
instanceKlass  @bci org/springframework/util/MimeType appendTo (Ljava/util/Map;Ljava/lang/StringBuilder;)V 2 <appendix> member <vmtarget> ; # org/springframework/util/MimeType$$Lambda+0x000001f74b51cc18
instanceKlass  @bci org/springframework/util/MimeTypeUtils sortBySpecificity (Ljava/util/List;)V 32 <appendix> argL0 ; # org/springframework/util/MimeTypeUtils$$Lambda+0x000001f74b51c9b8
instanceKlass com/fasterxml/jackson/databind/util/ViewMatcher
instanceKlass com/netflix/discovery/shared/Applications$VipIndexSupport
instanceKlass java/util/OptionalDouble
instanceKlass java/util/OptionalLong
instanceKlass java/util/OptionalInt
instanceKlass org/springframework/http/converter/SmartHttpMessageConverter
instanceKlass  @bci org/springframework/web/client/RestTemplate$AcceptHeaderRequestCallback getSupportedMediaTypes (Ljava/lang/reflect/Type;Lorg/springframework/http/converter/HttpMessageConverter;)Ljava/util/stream/Stream; 73 <appendix> argL0 ; # org/springframework/web/client/RestTemplate$AcceptHeaderRequestCallback$$Lambda+0x000001f74b51bec8
instanceKlass com/fasterxml/jackson/databind/annotation/JacksonStdImpl
instanceKlass com/fasterxml/jackson/databind/deser/impl/JavaUtilCollectionsDeserializers
instanceKlass com/netflix/appinfo/LeaseInfo$1
instanceKlass com/fasterxml/jackson/databind/util/CompactStringObjectMap
instanceKlass com/fasterxml/jackson/databind/introspect/EnumNamingStrategyFactory
instanceKlass com/fasterxml/jackson/databind/annotation/EnumNaming
instanceKlass com/fasterxml/jackson/annotation/JsonEnumDefaultValue
instanceKlass com/fasterxml/jackson/databind/util/EnumResolver
instanceKlass com/fasterxml/jackson/databind/deser/impl/PropertyBasedCreator
instanceKlass com/fasterxml/jackson/databind/deser/std/NumberDeserializers
instanceKlass com/fasterxml/jackson/databind/introspect/AnnotationCollector$OneAnnotation
instanceKlass com/fasterxml/jackson/databind/jsontype/impl/StdTypeResolverBuilder$1
instanceKlass com/fasterxml/jackson/annotation/JsonSubTypes
instanceKlass com/fasterxml/jackson/annotation/JsonTypeName
instanceKlass com/fasterxml/jackson/databind/jsontype/TypeDeserializer
instanceKlass com/fasterxml/jackson/databind/jsontype/TypeSerializer
instanceKlass com/fasterxml/jackson/databind/jsontype/impl/StdTypeResolverBuilder
instanceKlass com/fasterxml/jackson/annotation/JsonTypeInfo$Value
instanceKlass sun/reflect/generics/tree/IntSignature
instanceKlass com/fasterxml/jackson/databind/introspect/MethodGenericTypeResolver
instanceKlass com/netflix/appinfo/InstanceInfo$PortWrapper
instanceKlass com/netflix/appinfo/InstanceInfo$1
instanceKlass com/netflix/discovery/converters/Auto
instanceKlass com/fasterxml/jackson/databind/deser/impl/CreatorCandidate$Param
instanceKlass com/fasterxml/jackson/databind/deser/impl/CreatorCandidate
instanceKlass com/fasterxml/jackson/databind/introspect/POJOPropertiesCollector$1
instanceKlass com/fasterxml/jackson/databind/introspect/PotentialCreator
instanceKlass com/fasterxml/jackson/annotation/JsonCreator
instanceKlass com/thoughtworks/xstream/annotations/XStreamImplicit
instanceKlass com/thoughtworks/xstream/annotations/XStreamOmitField
instanceKlass com/fasterxml/jackson/databind/util/BeanUtil
instanceKlass com/fasterxml/jackson/databind/jsontype/impl/SubTypeValidator
instanceKlass com/fasterxml/jackson/databind/deser/std/JdkDeserializers
instanceKlass com/fasterxml/jackson/databind/ext/Java7Handlers
instanceKlass org/w3c/dom/Document
instanceKlass org/w3c/dom/Node
instanceKlass com/fasterxml/jackson/databind/ext/OptionalHandlerFactory
instanceKlass com/fasterxml/jackson/databind/util/LinkedNode
instanceKlass com/fasterxml/jackson/databind/deser/BasicDeserializerFactory$ContainerDefaultMappings
instanceKlass com/fasterxml/jackson/databind/deser/impl/BeanPropertyMap
instanceKlass com/fasterxml/jackson/annotation/JsonAlias
instanceKlass com/fasterxml/jackson/databind/introspect/POJOPropertyBuilder$1
instanceKlass com/fasterxml/jackson/databind/introspect/POJOPropertyBuilder$4
instanceKlass com/fasterxml/jackson/databind/introspect/POJOPropertyBuilder$2
instanceKlass com/fasterxml/jackson/databind/deser/impl/NullsConstantProvider
instanceKlass com/fasterxml/jackson/annotation/JsonIgnoreType
instanceKlass com/fasterxml/jackson/databind/util/IgnorePropertiesUtil
instanceKlass com/fasterxml/jackson/databind/deser/impl/ReadableObjectId$Referring
instanceKlass com/fasterxml/jackson/databind/deser/SettableAnyProperty
instanceKlass com/fasterxml/jackson/databind/deser/ContextualKeyDeserializer
instanceKlass com/fasterxml/jackson/databind/util/ArrayIterator
instanceKlass com/fasterxml/jackson/databind/BeanProperty$Std
instanceKlass com/fasterxml/jackson/databind/annotation/JsonTypeResolver
instanceKlass com/fasterxml/jackson/annotation/JsonIncludeProperties$Value
instanceKlass com/fasterxml/jackson/annotation/JsonIncludeProperties
instanceKlass com/fasterxml/jackson/annotation/JsonIgnoreProperties$Value
instanceKlass com/fasterxml/jackson/annotation/JsonIgnoreProperties
instanceKlass com/fasterxml/jackson/databind/deser/BeanDeserializerBuilder
instanceKlass com/fasterxml/jackson/databind/deser/impl/CreatorCollector
instanceKlass com/fasterxml/jackson/databind/type/TypeBindings$AsKey
instanceKlass com/fasterxml/jackson/databind/type/TypeBindings$TypeParamStash
instanceKlass com/fasterxml/jackson/databind/PropertyMetadata
instanceKlass com/fasterxml/jackson/annotation/JsonPropertyDescription
instanceKlass com/fasterxml/jackson/annotation/JsonPropertyOrder
instanceKlass com/fasterxml/jackson/databind/annotation/JsonNaming
instanceKlass com/fasterxml/jackson/annotation/JacksonInject
instanceKlass com/fasterxml/jackson/databind/introspect/POJOPropertyBuilder$6
instanceKlass com/fasterxml/jackson/databind/introspect/POJOPropertyBuilder$5
instanceKlass com/fasterxml/jackson/annotation/JsonGetter
instanceKlass com/fasterxml/jackson/databind/introspect/AnnotatedMethodMap
instanceKlass com/fasterxml/jackson/databind/introspect/AnnotatedMethodCollector$MethodBuilder
instanceKlass com/fasterxml/jackson/databind/introspect/MemberKey
instanceKlass com/fasterxml/jackson/databind/introspect/POJOPropertyBuilder$Linked
instanceKlass com/fasterxml/jackson/databind/AnnotationIntrospector$ReferenceProperty
instanceKlass com/fasterxml/jackson/databind/introspect/POJOPropertyBuilder$WithMember
instanceKlass com/fasterxml/jackson/annotation/JsonIgnore
instanceKlass com/fasterxml/jackson/annotation/JsonAutoDetect$1
instanceKlass com/fasterxml/jackson/annotation/JsonProperty
instanceKlass com/fasterxml/jackson/annotation/JsonSetter
instanceKlass com/fasterxml/jackson/annotation/JsonAnySetter
instanceKlass com/fasterxml/jackson/annotation/JsonAnyGetter
instanceKlass com/fasterxml/jackson/annotation/JsonValue
instanceKlass com/fasterxml/jackson/annotation/JsonKey
instanceKlass com/fasterxml/jackson/databind/introspect/AnnotatedFieldCollector$FieldBuilder
instanceKlass com/fasterxml/jackson/databind/introspect/TypeResolutionContext$Basic
instanceKlass com/fasterxml/jackson/databind/introspect/CollectorBase
instanceKlass com/fasterxml/jackson/databind/introspect/PotentialCreators
instanceKlass com/fasterxml/jackson/core/JsonLocation
instanceKlass com/fasterxml/jackson/databind/deser/impl/JDKValueInstantiators
instanceKlass com/fasterxml/jackson/databind/annotation/JsonValueInstantiator
instanceKlass com/fasterxml/jackson/databind/annotation/JsonPOJOBuilder
instanceKlass com/fasterxml/jackson/databind/annotation/NoClass
instanceKlass com/fasterxml/jackson/annotation/JsonIdentityInfo
instanceKlass com/fasterxml/jackson/annotation/JsonAutoDetect
instanceKlass com/fasterxml/jackson/databind/introspect/POJOPropertiesCollector
instanceKlass com/fasterxml/jackson/databind/introspect/AnnotationMap
instanceKlass com/fasterxml/jackson/annotation/JacksonAnnotationsInside
instanceKlass com/netflix/discovery/converters/jackson/builder/ApplicationsJacksonBuilder
instanceKlass com/fasterxml/jackson/databind/util/Converter$None
instanceKlass com/fasterxml/jackson/databind/util/Converter
instanceKlass com/thoughtworks/xstream/annotations/XStreamAlias
instanceKlass com/netflix/discovery/provider/Serializer
instanceKlass com/fasterxml/jackson/databind/util/internal/PrivateMaxEntriesMap$AddTask
instanceKlass com/fasterxml/jackson/databind/util/internal/PrivateMaxEntriesMap$WeightedValue
instanceKlass com/fasterxml/jackson/databind/type/ClassStack
instanceKlass  @bci org/springframework/web/client/RestTemplate$AcceptHeaderRequestCallback doWithRequest (Lorg/springframework/http/client/ClientHttpRequest;)V 31 <appendix> member <vmtarget> ; # org/springframework/web/client/RestTemplate$AcceptHeaderRequestCallback$$Lambda+0x000001f74b4facb8
instanceKlass  @bci org/springframework/web/client/RestTemplate$AcceptHeaderRequestCallback doWithRequest (Lorg/springframework/http/client/ClientHttpRequest;)V 20 <appendix> member <vmtarget> ; # org/springframework/web/client/RestTemplate$AcceptHeaderRequestCallback$$Lambda+0x000001f74b4faa50
instanceKlass io/micrometer/common/util/internal/logging/AbstractInternalLogger
instanceKlass io/micrometer/common/util/internal/logging/InternalLogger
instanceKlass io/micrometer/common/util/internal/logging/InternalLoggerFactory
instanceKlass io/micrometer/observation/NoopObservation$NoopScope
instanceKlass io/micrometer/observation/SimpleObservation$SimpleScope
instanceKlass io/micrometer/observation/Observation$Scope
instanceKlass io/micrometer/observation/NoopObservation
instanceKlass io/micrometer/observation/Observation
instanceKlass  @bci org/springframework/web/client/RestTemplate doExecute (Ljava/net/URI;Ljava/lang/String;Lorg/springframework/http/HttpMethod;Lorg/springframework/web/client/RequestCallback;Lorg/springframework/web/client/ResponseExtractor;)Ljava/lang/Object; 64 <appendix> member <vmtarget> ; # org/springframework/web/client/RestTemplate$$Lambda+0x000001f74b4f9800
instanceKlass io/micrometer/observation/Observation$Event
instanceKlass  @bci org/springframework/http/client/observation/ClientRequestObservationContext <init> (Lorg/springframework/http/client/ClientHttpRequest;)V 1 <appendix> argL0 ; # org/springframework/http/client/observation/ClientRequestObservationContext$$Lambda+0x000001f74b4f8820
instanceKlass io/micrometer/observation/transport/Propagator$Setter
instanceKlass io/micrometer/observation/ObservationView
instanceKlass  @bci org/springframework/core/log/CompositeLog isDebugEnabled ()Z 1 <appendix> argL0 ; # org/springframework/core/log/CompositeLog$$Lambda+0x000001f74b4f7830
instanceKlass  @bci org/springframework/http/client/support/HttpAccessor initialize (Lorg/springframework/http/client/ClientHttpRequest;)V 5 <appendix> member <vmtarget> ; # org/springframework/http/client/support/HttpAccessor$$Lambda+0x000001f74b4f75e8
instanceKlass org/springframework/http/client/ClientHttpRequestInitializer
instanceKlass org/springframework/http/client/AbstractClientHttpRequest
instanceKlass org/springframework/http/client/AbstractClientHttpRequestFactoryWrapper
instanceKlass org/springframework/web/client/HttpMessageConverterExtractor
instanceKlass org/springframework/web/client/RestTemplate$ResponseEntityResponseExtractor
instanceKlass org/springframework/web/client/RestTemplate$AcceptHeaderRequestCallback
instanceKlass  @bci org/springframework/util/UnmodifiableMultiValueMap forEach (Ljava/util/function/BiConsumer;)V 5 <appendix> member <vmtarget> ; # org/springframework/util/UnmodifiableMultiValueMap$$Lambda+0x000001f74b4f5258
instanceKlass  @bci org/springframework/web/util/HierarchicalUriComponents encodeQueryParams (Ljava/util/function/BiFunction;)Lorg/springframework/util/MultiValueMap; 25 <appendix> member <vmtarget> ; # org/springframework/web/util/HierarchicalUriComponents$$Lambda+0x000001f74b4f5010
instanceKlass  @bci org/springframework/web/util/HierarchicalUriComponents encode (Ljava/nio/charset/Charset;)Lorg/springframework/web/util/HierarchicalUriComponents; 108 <appendix> member <vmtarget> ; # org/springframework/web/util/HierarchicalUriComponents$$Lambda+0x000001f74b4f4dc8
instanceKlass org/springframework/web/util/HierarchicalUriComponents$FullPathComponent
instanceKlass org/springframework/web/util/HierarchicalUriComponents$1
instanceKlass org/springframework/web/util/UriComponents$UriTemplateVariables
instanceKlass org/springframework/web/util/UriComponentsBuilder$FullPathComponentBuilder
instanceKlass org/springframework/web/util/UriComponentsBuilder$PathSegmentComponentBuilder
instanceKlass org/springframework/web/util/RfcUriParser$InternalParser
instanceKlass org/springframework/web/util/RfcUriParser
instanceKlass org/springframework/web/util/UriComponentsBuilder$1
instanceKlass org/springframework/web/util/HierarchicalUriComponents$PathComponent
instanceKlass org/springframework/web/util/UriComponentsBuilder$CompositePathComponentBuilder
instanceKlass org/springframework/web/util/UriComponentsBuilder$PathComponentBuilder
instanceKlass org/springframework/web/util/UriComponents
instanceKlass  @bci org/springframework/cloud/netflix/eureka/http/RestTemplateTransportClientFactory restTemplate (Ljava/lang/String;)Lorg/springframework/web/client/RestTemplate; 151 <appendix> argL0 ; # org/springframework/cloud/netflix/eureka/http/RestTemplateTransportClientFactory$$Lambda+0x000001f74b4ee748
instanceKlass com/netflix/discovery/converters/jackson/mixin/InstanceInfoJsonMixIn
instanceKlass com/netflix/discovery/converters/jackson/mixin/ApplicationsJsonMixIn
instanceKlass com/fasterxml/jackson/databind/PropertyNamingStrategies
instanceKlass org/springframework/cloud/netflix/eureka/http/EurekaHttpClientUtils
instanceKlass  @bci org/springframework/boot/http/client/AbstractClientHttpRequestFactoryBuilder build (Lorg/springframework/boot/http/client/ClientHttpRequestFactorySettings;)Lorg/springframework/http/client/ClientHttpRequestFactory; 31 <appendix> member <vmtarget> ; # org/springframework/boot/http/client/AbstractClientHttpRequestFactoryBuilder$$Lambda+0x000001f74b4ebc80
instanceKlass  @bci org/springframework/boot/http/client/HttpComponentsClientHttpRequestFactoryBuilder createConnectionManager (Lorg/springframework/boot/http/client/ClientHttpRequestFactorySettings;)Lorg/apache/hc/client5/http/impl/io/PoolingHttpClientConnectionManager; 61 <appendix> member <vmtarget> ; # org/springframework/boot/http/client/HttpComponentsClientHttpRequestFactoryBuilder$$Lambda+0x000001f74b4eba38
instanceKlass  @bci org/springframework/boot/http/client/HttpComponentsClientHttpRequestFactoryBuilder createConnectionManager (Lorg/springframework/boot/http/client/ClientHttpRequestFactorySettings;)Lorg/apache/hc/client5/http/impl/io/PoolingHttpClientConnectionManager; 40 <appendix> member <vmtarget> ; # org/springframework/boot/http/client/HttpComponentsClientHttpRequestFactoryBuilder$$Lambda+0x000001f74b4eb800
instanceKlass  @bci org/springframework/boot/http/client/HttpComponentsClientHttpRequestFactoryBuilder createConnectionConfig (Lorg/springframework/boot/http/client/ClientHttpRequestFactorySettings;)Lorg/apache/hc/client5/http/config/ConnectionConfig; 67 <appendix> member <vmtarget> ; # org/springframework/boot/http/client/HttpComponentsClientHttpRequestFactoryBuilder$$Lambda+0x000001f74b4eb5b8
instanceKlass  @bci org/springframework/boot/http/client/HttpComponentsClientHttpRequestFactoryBuilder createConnectionConfig (Lorg/springframework/boot/http/client/ClientHttpRequestFactorySettings;)Lorg/apache/hc/client5/http/config/ConnectionConfig; 58 <appendix> argL0 ; # org/springframework/boot/http/client/HttpComponentsClientHttpRequestFactoryBuilder$$Lambda+0x000001f74b4eb368
instanceKlass  @bci org/springframework/boot/http/client/HttpComponentsClientHttpRequestFactoryBuilder createConnectionConfig (Lorg/springframework/boot/http/client/ClientHttpRequestFactorySettings;)Lorg/apache/hc/client5/http/config/ConnectionConfig; 50 <appendix> member <vmtarget> ; # org/springframework/boot/http/client/HttpComponentsClientHttpRequestFactoryBuilder$$Lambda+0x000001f74b4eb130
instanceKlass  @bci org/springframework/boot/http/client/HttpComponentsClientHttpRequestFactoryBuilder createConnectionConfig (Lorg/springframework/boot/http/client/ClientHttpRequestFactorySettings;)Lorg/apache/hc/client5/http/config/ConnectionConfig; 35 <appendix> member <vmtarget> ; # org/springframework/boot/http/client/HttpComponentsClientHttpRequestFactoryBuilder$$Lambda+0x000001f74b4eaee8
instanceKlass  @bci org/springframework/boot/http/client/HttpComponentsClientHttpRequestFactoryBuilder createConnectionConfig (Lorg/springframework/boot/http/client/ClientHttpRequestFactorySettings;)Lorg/apache/hc/client5/http/config/ConnectionConfig; 26 <appendix> argL0 ; # org/springframework/boot/http/client/HttpComponentsClientHttpRequestFactoryBuilder$$Lambda+0x000001f74b4eac98
instanceKlass  @bci org/springframework/boot/http/client/HttpComponentsClientHttpRequestFactoryBuilder createConnectionConfig (Lorg/springframework/boot/http/client/ClientHttpRequestFactorySettings;)Lorg/apache/hc/client5/http/config/ConnectionConfig; 18 <appendix> member <vmtarget> ; # org/springframework/boot/http/client/HttpComponentsClientHttpRequestFactoryBuilder$$Lambda+0x000001f74b4eaa60
instanceKlass org/springframework/boot/http/client/HttpComponentsClientHttpRequestFactoryBuilder$1
instanceKlass org/springframework/web/util/DefaultUriBuilderFactory
instanceKlass org/springframework/web/util/UriBuilderFactory
instanceKlass io/micrometer/observation/SimpleObservationRegistry
instanceKlass io/micrometer/observation/ObservationRegistry$ObservationConfig
instanceKlass io/micrometer/observation/NoopObservationRegistry
instanceKlass io/micrometer/observation/ObservationRegistry
instanceKlass org/springframework/web/client/RestTemplate$HeadersExtractor
instanceKlass org/springframework/web/client/DefaultResponseErrorHandler
instanceKlass org/springframework/http/client/SimpleClientHttpRequestFactory
instanceKlass io/micrometer/common/ImmutableKeyValue
instanceKlass io/micrometer/common/KeyValue
instanceKlass io/micrometer/observation/docs/ObservationDocumentation
instanceKlass  @bci io/micrometer/observation/ObservationConvention <clinit> ()V 0 <appendix> argL0 ; # io/micrometer/observation/ObservationConvention$$Lambda+0x000001f74b4e7438
instanceKlass io/micrometer/common/docs/KeyName
instanceKlass org/springframework/http/client/observation/DefaultClientRequestObservationConvention
instanceKlass org/springframework/http/client/observation/ClientRequestObservationConvention
instanceKlass io/micrometer/observation/ObservationConvention
instanceKlass io/micrometer/observation/KeyValuesConvention
instanceKlass org/springframework/web/client/RequestCallback
instanceKlass org/springframework/web/client/ResponseExtractor
instanceKlass org/springframework/boot/web/client/BasicAuthentication
instanceKlass org/springframework/web/util/UriTemplateHandler
instanceKlass  @bci org/springframework/boot/autoconfigure/web/client/RestTemplateBuilderConfigurer configure (Lorg/springframework/boot/web/client/RestTemplateBuilder;)Lorg/springframework/boot/web/client/RestTemplateBuilder; 72 <appendix> argL0 ; # org/springframework/boot/autoconfigure/web/client/RestTemplateBuilderConfigurer$$Lambda+0x000001f74b4e6448
instanceKlass  @bci org/springframework/boot/autoconfigure/web/client/RestTemplateBuilderConfigurer configure (Lorg/springframework/boot/web/client/RestTemplateBuilder;)Lorg/springframework/boot/web/client/RestTemplateBuilder; 57 <appendix> argL0 ; # org/springframework/boot/autoconfigure/web/client/RestTemplateBuilderConfigurer$$Lambda+0x000001f74b4e6208
# instanceKlass java/lang/invoke/LambdaForm$MH+0x000001f74b4e4800
# instanceKlass java/lang/invoke/LambdaForm$MH+0x000001f74b4e4400
# instanceKlass java/lang/invoke/LambdaForm$MH+0x000001f74b4e4000
instanceKlass org/springframework/boot/web/client/RestTemplateRequestCustomizer
instanceKlass org/springframework/boot/web/client/RestTemplateCustomizer
instanceKlass org/apache/hc/client5/http/auth/Credentials
instanceKlass org/apache/hc/client5/http/impl/auth/SystemDefaultCredentialsProvider
instanceKlass  @bci org/apache/hc/client5/http/impl/classic/HttpClientBuilder build ()Lorg/apache/hc/client5/http/impl/classic/CloseableHttpClient; 1061 <appendix> argL0 ; # org/apache/hc/client5/http/impl/classic/HttpClientBuilder$$Lambda+0x000001f74b4e38c0
instanceKlass  @bci org/apache/hc/client5/http/ssl/HttpsSupport getProperty (Ljava/lang/String;)Ljava/lang/String; 1 <appendix> member <vmtarget> ; # org/apache/hc/client5/http/ssl/HttpsSupport$$Lambda+0x000001f74b4e2dc8
instanceKlass javax/net/ssl/KeyManagerFactorySpi
instanceKlass javax/net/ssl/KeyManagerFactory
instanceKlass sun/security/ssl/SSLContextImpl$DefaultManagersHolder
instanceKlass org/apache/hc/client5/http/ssl/AbstractClientTlsStrategy
instanceKlass org/apache/hc/core5/http/nio/ssl/TlsStrategy
instanceKlass org/springframework/http/client/ClientHttpRequest
instanceKlass  @bci org/apache/hc/client5/http/impl/classic/HttpClientBuilder contextAdaptor ()Ljava/util/function/Function; 0 <appendix> argL0 ; # org/apache/hc/client5/http/impl/classic/HttpClientBuilder$$Lambda+0x000001f74b4e28c8
instanceKlass org/apache/hc/core5/http/protocol/HttpCoreContext
instanceKlass org/apache/hc/client5/http/classic/ExecRuntime
instanceKlass org/apache/hc/client5/http/impl/auth/BasicCredentialsProvider
instanceKlass org/apache/hc/client5/http/auth/CredentialsStore
instanceKlass org/apache/hc/client5/http/cookie/CookieIdentityComparator
instanceKlass org/apache/hc/client5/http/cookie/BasicCookieStore
instanceKlass org/apache/hc/client5/http/impl/cookie/IgnoreCookieSpecFactory
instanceKlass org/apache/hc/client5/http/cookie/CookieSpec
instanceKlass org/apache/hc/client5/http/cookie/CommonCookieAttributeHandler
instanceKlass org/apache/hc/client5/http/cookie/CookieAttributeHandler
instanceKlass org/apache/hc/client5/http/impl/cookie/RFC6265CookieSpecFactory
instanceKlass org/apache/hc/client5/http/cookie/CookieSpecFactory
instanceKlass org/apache/hc/client5/http/impl/CookieSpecSupport
instanceKlass org/apache/hc/client5/http/impl/auth/BearerSchemeFactory
instanceKlass org/apache/hc/client5/http/impl/auth/DigestSchemeFactory
instanceKlass org/apache/hc/client5/http/auth/AuthScheme
instanceKlass org/apache/hc/client5/http/impl/auth/BasicSchemeFactory
instanceKlass org/apache/hc/client5/http/auth/AuthSchemeFactory
instanceKlass org/apache/hc/client5/http/impl/classic/ExecChainElement
instanceKlass org/apache/hc/client5/http/impl/classic/RedirectExec
instanceKlass org/apache/hc/client5/http/impl/DefaultRedirectStrategy
instanceKlass org/apache/hc/client5/http/impl/routing/DefaultRoutePlanner
instanceKlass org/apache/hc/client5/http/impl/classic/HttpRequestRetryExec
instanceKlass org/apache/hc/client5/http/impl/DefaultHttpRequestRetryStrategy
instanceKlass org/apache/hc/client5/http/entity/DeflateInputStreamFactory
instanceKlass org/apache/hc/client5/http/entity/GZIPInputStreamFactory
instanceKlass org/apache/hc/core5/http/message/BufferedHeader
instanceKlass org/apache/hc/core5/http/FormattedHeader
instanceKlass org/apache/hc/core5/util/CharArrayBuffer
instanceKlass org/apache/hc/core5/http/message/MessageSupport
instanceKlass org/apache/hc/client5/http/entity/InputStreamFactory
instanceKlass org/apache/hc/core5/http/io/entity/HttpEntityWrapper
instanceKlass org/apache/hc/client5/http/impl/classic/ContentCompressionExec
instanceKlass org/apache/hc/client5/http/impl/classic/ProtocolExec
instanceKlass org/apache/hc/client5/http/impl/routing/BasicRouteDirector
instanceKlass org/apache/hc/client5/http/auth/AuthCache
instanceKlass org/apache/hc/client5/http/impl/auth/AuthCacheKeeper
instanceKlass  @bci org/apache/hc/core5/util/Tokenizer delimiters (CCC)Lorg/apache/hc/core5/util/Tokenizer$Delimiter; 3 <adapter> ; # java/lang/invoke/LambdaForm$MH+0x000001f74b4dcc00
# instanceKlass java/lang/invoke/LambdaForm$DMH+0x000001f74b4dc800
instanceKlass  @bci org/apache/hc/core5/util/Tokenizer delimiters (CCC)Lorg/apache/hc/core5/util/Tokenizer$Delimiter; 3 <appendix> form vmentry <vmtarget> ; # java/lang/invoke/LambdaForm$DMH+0x000001f74b4dc400
instanceKlass  @bci org/apache/hc/core5/util/Tokenizer delimiters (CCC)Lorg/apache/hc/core5/util/Tokenizer$Delimiter; 3 <appendix> member <vmtarget> ; # org/apache/hc/core5/util/Tokenizer$$Lambda+0x000001f74b4dad10
instanceKlass  @cpi org/apache/hc/core5/util/Tokenizer 161 form vmentry <vmtarget> ; # java/lang/invoke/LambdaForm$DMH+0x000001f74b4dc000
instanceKlass org/apache/hc/client5/http/impl/auth/AuthChallengeParser
instanceKlass org/apache/hc/client5/http/impl/auth/HttpAuthenticator
instanceKlass org/apache/hc/core5/http/HttpEntity
instanceKlass org/apache/hc/core5/http/ClassicHttpRequest
instanceKlass org/apache/hc/client5/http/routing/HttpRouteDirector
instanceKlass org/apache/hc/client5/http/impl/classic/ConnectExec
instanceKlass org/apache/hc/client5/http/impl/ProtocolSwitchStrategy
instanceKlass org/apache/hc/client5/http/impl/classic/MainClientExec
instanceKlass org/apache/hc/client5/http/classic/ExecChainHandler
instanceKlass org/apache/hc/core5/http/config/NamedElementChain$Node
instanceKlass org/apache/hc/core5/http/config/NamedElementChain
instanceKlass org/apache/hc/core5/http/protocol/DefaultHttpProcessor
instanceKlass org/apache/hc/client5/http/protocol/ResponseProcessCookies
instanceKlass org/apache/hc/client5/http/protocol/RequestAddCookies
instanceKlass org/apache/hc/core5/http/protocol/ChainBuilder
instanceKlass org/apache/hc/client5/http/protocol/RequestUpgrade
instanceKlass org/apache/hc/client5/http/protocol/RequestExpectContinue
instanceKlass org/apache/hc/core5/http/protocol/RequestUserAgent
instanceKlass org/apache/hc/client5/http/protocol/RequestClientConnControl
instanceKlass org/apache/hc/core5/http/protocol/RequestContent
instanceKlass org/apache/hc/client5/http/protocol/RequestDefaultHeaders
instanceKlass org/apache/hc/client5/http/protocol/RequestValidateTrace
instanceKlass org/apache/hc/core5/http/protocol/RequestTargetHost
instanceKlass org/apache/hc/core5/http/protocol/HttpProcessorBuilder
instanceKlass org/apache/hc/core5/util/VersionInfo
instanceKlass org/apache/hc/client5/http/impl/DefaultUserTokenHandler
instanceKlass org/apache/hc/client5/http/impl/DefaultAuthenticationStrategy
instanceKlass org/apache/hc/client5/http/impl/DefaultConnectionKeepAliveStrategy
instanceKlass org/apache/hc/core5/http/impl/DefaultConnectionReuseStrategy
instanceKlass org/apache/hc/core5/http/EntityDetails
instanceKlass org/apache/hc/core5/http/HttpRequest
instanceKlass org/apache/hc/core5/http/impl/io/HttpRequestExecutor
instanceKlass  @bci org/springframework/cloud/netflix/eureka/http/DefaultEurekaClientHttpRequestFactorySupplier buildRequestConfig ()Lorg/apache/hc/client5/http/config/RequestConfig; 35 <appendix> member <vmtarget> ; # org/springframework/cloud/netflix/eureka/http/DefaultEurekaClientHttpRequestFactorySupplier$$Lambda+0x000001f74b4d2fd0
instanceKlass org/apache/hc/core5/http/impl/io/NoResponseOutOfOrderStrategy
instanceKlass org/apache/hc/core5/http/impl/DefaultContentLengthStrategy
instanceKlass org/apache/hc/core5/http/impl/EnglishReasonPhraseCatalog
instanceKlass org/apache/hc/core5/http/ClassicHttpResponse
instanceKlass org/apache/hc/core5/http/HttpEntityContainer
instanceKlass org/apache/hc/core5/http/HttpResponse
instanceKlass org/apache/hc/core5/http/HttpMessage
instanceKlass org/apache/hc/core5/http/MessageHeaders
instanceKlass org/apache/hc/core5/http/ReasonPhraseCatalog
instanceKlass org/apache/hc/core5/http/impl/io/DefaultClassicHttpResponseFactory
instanceKlass  @bci org/apache/hc/core5/util/Tokenizer delimiters (C)Lorg/apache/hc/core5/util/Tokenizer$Delimiter; 1 <appendix> member <vmtarget> ; # org/apache/hc/core5/util/Tokenizer$$Lambda+0x000001f74b4d2230
instanceKlass  @bci org/apache/hc/core5/util/Tokenizer delimiters (CC)Lorg/apache/hc/core5/util/Tokenizer$Delimiter; 2 <appendix> member <vmtarget> ; # org/apache/hc/core5/util/Tokenizer$$Lambda+0x000001f74b4d2000
instanceKlass org/apache/hc/core5/util/Tokenizer$Delimiter
instanceKlass org/apache/hc/core5/util/Tokenizer
instanceKlass org/apache/hc/core5/http/Header
instanceKlass org/apache/hc/core5/http/NameValuePair
instanceKlass org/apache/hc/core5/util/Tokenizer$Cursor
instanceKlass org/apache/hc/core5/http/message/BasicLineParser
instanceKlass org/apache/hc/core5/http/io/HttpMessageParser
instanceKlass org/apache/hc/core5/http/HttpResponseFactory
instanceKlass org/apache/hc/core5/http/message/LineParser
instanceKlass org/apache/hc/client5/http/impl/io/DefaultHttpResponseParserFactory
instanceKlass org/apache/hc/core5/http/message/BasicLineFormatter
instanceKlass org/apache/hc/core5/http/io/HttpMessageWriter
instanceKlass org/apache/hc/core5/http/message/LineFormatter
instanceKlass org/apache/hc/core5/http/impl/io/DefaultHttpRequestWriterFactory
instanceKlass org/apache/hc/core5/http/config/CharCodingConfig$Builder
instanceKlass org/apache/hc/core5/http/config/CharCodingConfig
instanceKlass org/apache/hc/core5/http/ProtocolVersion
instanceKlass org/apache/hc/core5/http/config/Http1Config$Builder
instanceKlass org/apache/hc/core5/http/config/Http1Config
instanceKlass org/apache/hc/client5/http/io/ManagedHttpClientConnection
instanceKlass org/apache/hc/core5/http/io/HttpClientConnection
instanceKlass org/apache/hc/core5/http/io/BHttpConnection
instanceKlass org/apache/hc/core5/http/HttpConnection
instanceKlass org/apache/hc/core5/http/SocketModalCloseable
instanceKlass org/apache/hc/core5/http/io/ResponseOutOfOrderStrategy
instanceKlass org/apache/hc/core5/http/ContentLengthStrategy
instanceKlass org/apache/hc/core5/http/io/HttpMessageParserFactory
instanceKlass org/apache/hc/core5/http/io/HttpMessageWriterFactory
instanceKlass org/apache/hc/client5/http/impl/io/ManagedHttpClientConnectionFactory
instanceKlass org/apache/hc/core5/concurrent/BasicFuture
instanceKlass org/apache/hc/core5/pool/StrictConnPool
instanceKlass org/apache/hc/client5/http/impl/io/PoolingHttpClientConnectionManager$4
instanceKlass org/apache/hc/client5/http/SystemDefaultDnsResolver
instanceKlass org/apache/hc/client5/http/impl/DefaultSchemePortResolver
instanceKlass org/apache/hc/core5/http/config/Registry
instanceKlass org/apache/hc/core5/util/TextUtils
instanceKlass org/apache/hc/core5/http/config/RegistryBuilder
instanceKlass  @bci org/apache/hc/client5/http/impl/io/DefaultHttpClientConnectionOperator <clinit> ()V 8 <appendix> argL0 ; # org/apache/hc/client5/http/impl/io/DefaultHttpClientConnectionOperator$$Lambda+0x000001f74b4ce668
instanceKlass org/apache/hc/client5/http/io/DetachedSocketFactory
instanceKlass org/apache/hc/client5/http/DnsResolver
instanceKlass org/apache/hc/core5/net/NamedEndpoint
instanceKlass org/apache/hc/client5/http/impl/io/DefaultHttpClientConnectionOperator
instanceKlass org/apache/hc/client5/http/impl/PrefixedIncrementingId
instanceKlass org/apache/hc/client5/http/io/LeaseRequest
instanceKlass org/apache/hc/core5/concurrent/Cancellable
instanceKlass org/apache/hc/core5/http/io/HttpConnectionFactory
instanceKlass org/apache/hc/core5/pool/ManagedConnPool
instanceKlass org/apache/hc/core5/pool/ConnPool
instanceKlass  @bci org/apache/hc/client5/http/impl/io/PoolingHttpClientConnectionManagerBuilder setDefaultConnectionConfig (Lorg/apache/hc/client5/http/config/ConnectionConfig;)Lorg/apache/hc/client5/http/impl/io/PoolingHttpClientConnectionManagerBuilder; 2 <appendix> member <vmtarget> ; # org/apache/hc/client5/http/impl/io/PoolingHttpClientConnectionManagerBuilder$$Lambda+0x000001f74b4cdaa0
instanceKlass  @bci org/apache/hc/client5/http/impl/io/PoolingHttpClientConnectionManagerBuilder setDefaultSocketConfig (Lorg/apache/hc/core5/http/io/SocketConfig;)Lorg/apache/hc/client5/http/impl/io/PoolingHttpClientConnectionManagerBuilder; 2 <appendix> member <vmtarget> ; # org/apache/hc/client5/http/impl/io/PoolingHttpClientConnectionManagerBuilder$$Lambda+0x000001f74b4cd868
instanceKlass org/apache/hc/client5/http/HttpRoute
instanceKlass org/apache/hc/client5/http/RouteInfo
instanceKlass org/apache/hc/core5/function/Resolver
instanceKlass org/apache/hc/core5/http/io/SocketConfig$Builder
instanceKlass  @bci org/apache/hc/client5/http/impl/io/PoolingHttpClientConnectionManagerBuilder setSSLSocketFactory (Lorg/apache/hc/client5/http/socket/LayeredConnectionSocketFactory;)Lorg/apache/hc/client5/http/impl/io/PoolingHttpClientConnectionManagerBuilder; 2 <appendix> member <vmtarget> ; # org/apache/hc/client5/http/impl/io/PoolingHttpClientConnectionManagerBuilder$$Lambda+0x000001f74b4cd110
instanceKlass  @cpi org/apache/hc/client5/http/impl/io/PoolingHttpClientConnectionManagerBuilder 171 form vmentry <vmtarget> ; # java/lang/invoke/LambdaForm$DMH+0x000001f74b4d0000
instanceKlass org/apache/hc/core5/http/protocol/HttpContext
instanceKlass org/apache/hc/client5/http/psl/PublicSuffixMatcher
instanceKlass org/apache/hc/client5/http/psl/PublicSuffixList
instanceKlass org/apache/hc/client5/http/psl/PublicSuffixListParser
instanceKlass org/apache/hc/core5/util/Args
instanceKlass org/apache/hc/client5/http/psl/PublicSuffixMatcherLoader
instanceKlass org/apache/hc/client5/http/ssl/DefaultHostnameVerifier
instanceKlass org/apache/hc/client5/http/ssl/HttpClientHostnameVerifier
instanceKlass org/apache/hc/client5/http/ssl/HttpsSupport
instanceKlass org/apache/hc/core5/util/TimeValue
instanceKlass org/apache/hc/client5/http/ssl/SSLConnectionSocketFactory
instanceKlass org/apache/hc/core5/ssl/SSLContexts
instanceKlass org/apache/hc/client5/http/ssl/SSLConnectionSocketFactoryBuilder
instanceKlass org/apache/hc/client5/http/io/HttpClientConnectionOperator
instanceKlass org/apache/hc/client5/http/impl/io/PoolingHttpClientConnectionManagerBuilder
instanceKlass org/apache/hc/client5/http/config/Configurable
instanceKlass org/apache/hc/client5/http/impl/classic/CloseableHttpClient
instanceKlass org/apache/hc/client5/http/auth/CredentialsProvider
instanceKlass org/apache/hc/client5/http/cookie/CookieStore
instanceKlass org/apache/hc/client5/http/routing/HttpRoutePlanner
instanceKlass org/apache/hc/client5/http/HttpRequestRetryStrategy
instanceKlass org/apache/hc/core5/http/config/Lookup
instanceKlass org/apache/hc/core5/http/protocol/HttpProcessor
instanceKlass org/apache/hc/client5/http/SchemePortResolver
instanceKlass org/apache/hc/core5/http/HttpResponseInterceptor
instanceKlass org/apache/hc/core5/http/HttpRequestInterceptor
instanceKlass org/apache/hc/client5/http/UserTokenHandler
instanceKlass org/apache/hc/client5/http/AuthenticationStrategy
instanceKlass org/apache/hc/client5/http/ConnectionKeepAliveStrategy
instanceKlass org/apache/hc/core5/http/ConnectionReuseStrategy
instanceKlass org/apache/hc/client5/http/impl/classic/HttpClientBuilder
instanceKlass org/springframework/cloud/netflix/eureka/http/RestTemplateEurekaHttpClient
instanceKlass  @bci com/netflix/spectator/api/patterns/PolledMeter$Builder monitorSize (Ljava/util/Collection;)Ljava/util/Collection; 2 <appendix> argL0 ; # com/netflix/spectator/api/patterns/PolledMeter$Builder$$Lambda+0x000001f74b4ca138
instanceKlass com/netflix/discovery/shared/transport/TransportUtils
instanceKlass com/netflix/discovery/shared/transport/decorator/EurekaHttpClientDecorator$6
instanceKlass com/netflix/discovery/InstanceRegionChecker
instanceKlass com/netflix/discovery/AbstractAzToRegionMapper
instanceKlass  @bci com/netflix/discovery/shared/transport/decorator/SessionedEurekaHttpClient <init> (Ljava/lang/String;Lcom/netflix/discovery/shared/transport/EurekaHttpClientFactory;J)V 60 <appendix> argL0 ; # com/netflix/discovery/shared/transport/decorator/SessionedEurekaHttpClient$$Lambda+0x000001f74b4c95f0
instanceKlass com/netflix/discovery/shared/transport/decorator/RetryableEurekaHttpClient$1
instanceKlass com/netflix/discovery/shared/transport/decorator/ServerStatusEvaluators$2
instanceKlass com/netflix/discovery/shared/transport/decorator/ServerStatusEvaluators$1
instanceKlass com/netflix/discovery/shared/transport/decorator/ServerStatusEvaluator
instanceKlass com/netflix/discovery/shared/transport/decorator/ServerStatusEvaluators
instanceKlass com/netflix/discovery/shared/transport/decorator/RedirectingEurekaHttpClient$1
instanceKlass com/netflix/discovery/shared/dns/DnsServiceImpl
instanceKlass com/netflix/discovery/shared/dns/DnsService
instanceKlass com/netflix/discovery/shared/transport/decorator/EurekaHttpClientDecorator$RequestExecutor
instanceKlass com/netflix/discovery/shared/transport/decorator/EurekaHttpClientDecorator
instanceKlass com/netflix/discovery/shared/transport/EurekaHttpClients$1
instanceKlass  @bci com/netflix/discovery/shared/resolver/AsyncResolver <init> (Ljava/lang/String;Lcom/netflix/discovery/shared/resolver/ClusterResolver;Ljava/util/List;III)V 183 <appendix> argL0 ; # com/netflix/discovery/shared/resolver/AsyncResolver$$Lambda+0x000001f74b4c4a58
instanceKlass java/util/TimerTask
instanceKlass com/netflix/discovery/shared/resolver/AsyncResolver$2
instanceKlass com/netflix/discovery/shared/resolver/AsyncResolver$1
instanceKlass  @bci com/netflix/discovery/shared/resolver/AsyncResolver <init> (Ljava/lang/String;Lcom/netflix/discovery/shared/resolver/ClusterResolver;Ljava/util/List;III)V 72 <appendix> argL0 ; # com/netflix/discovery/shared/resolver/AsyncResolver$$Lambda+0x000001f74b4c5790
instanceKlass com/netflix/discovery/shared/resolver/AsyncResolver$3
instanceKlass com/netflix/discovery/shared/resolver/AsyncResolver
instanceKlass com/netflix/discovery/shared/resolver/DefaultEndpoint
instanceKlass com/netflix/discovery/endpoint/EndpointUtils
instanceKlass com/netflix/discovery/shared/resolver/aws/ConfigClusterResolver
instanceKlass com/netflix/discovery/shared/resolver/aws/ZoneAffinityClusterResolver
instanceKlass com/netflix/discovery/shared/transport/EurekaHttpClientFactory
instanceKlass com/netflix/discovery/shared/resolver/ClosableResolver
instanceKlass com/netflix/discovery/shared/transport/EurekaHttpClients
instanceKlass com/netflix/discovery/DiscoveryClient$5
instanceKlass com/netflix/discovery/shared/transport/EurekaHttpClient
instanceKlass org/springframework/web/client/ResponseErrorHandler
instanceKlass org/springframework/cloud/netflix/eureka/http/RestTemplateTransportClientFactory
instanceKlass com/netflix/discovery/DiscoveryClient$EurekaTransport
instanceKlass com/netflix/discovery/DiscoveryClient$4
instanceKlass com/netflix/discovery/DiscoveryClient$3
instanceKlass com/netflix/discovery/DiscoveryClient$2
instanceKlass org/slf4j/helpers/FormattingTuple
instanceKlass org/slf4j/helpers/NormalizedParameters
instanceKlass org/slf4j/helpers/MessageFormatter
instanceKlass  @bci com/netflix/discovery/DiscoveryClient <init> (Lcom/netflix/appinfo/ApplicationInfoManager;Lcom/netflix/discovery/EurekaClientConfig;Lcom/netflix/discovery/shared/transport/jersey/TransportClientFactories;Lcom/netflix/discovery/AbstractDiscoveryClientOptionalArgs;Ljakarta/inject/Provider;Lcom/netflix/discovery/shared/resolver/EndpointRandomizer;)V 597 <appendix> argL0 ; # com/netflix/discovery/DiscoveryClient$$Lambda+0x000001f74b4c3a40
instanceKlass  @bci com/netflix/discovery/DiscoveryClient <init> (Lcom/netflix/appinfo/ApplicationInfoManager;Lcom/netflix/discovery/EurekaClientConfig;Lcom/netflix/discovery/shared/transport/jersey/TransportClientFactories;Lcom/netflix/discovery/AbstractDiscoveryClientOptionalArgs;Ljakarta/inject/Provider;Lcom/netflix/discovery/shared/resolver/EndpointRandomizer;)V 512 <appendix> argL0 ; # com/netflix/discovery/DiscoveryClient$$Lambda+0x000001f74b4c3810
instanceKlass java/util/Formatter$FormatSpecifierParser
instanceKlass com/netflix/discovery/util/ThresholdLevelsMetric
instanceKlass com/netflix/discovery/endpoint/EndpointUtils$InstanceInfoBasedUrlRandomizer
instanceKlass com/netflix/discovery/DiscoveryClient$Stats
instanceKlass  @bci com/netflix/spectator/api/patterns/GaugePoller schedule (Ljava/util/concurrent/ScheduledExecutorService;Ljava/lang/ref/WeakReference;JLjava/util/function/Consumer;)Ljava/util/concurrent/Future; 23 <appendix> member <vmtarget> ; # com/netflix/spectator/api/patterns/GaugePoller$$Lambda+0x000001f74b4c2cf8
instanceKlass  @bci com/netflix/spectator/api/patterns/GaugePoller schedule (Ljava/util/concurrent/ScheduledExecutorService;Ljava/lang/ref/WeakReference;JLjava/util/function/Consumer;)Ljava/util/concurrent/Future; 11 <appendix> member <vmtarget> ; # com/netflix/spectator/api/patterns/GaugePoller$$Lambda+0x000001f74b4c2ac0
instanceKlass com/netflix/spectator/api/patterns/GaugePoller$1
instanceKlass com/netflix/spectator/api/patterns/GaugePoller
instanceKlass  @bci com/netflix/spectator/api/patterns/PolledMeter$AbstractMeterState schedule (Lcom/netflix/spectator/api/Registry;Ljava/util/concurrent/ScheduledExecutorService;J)V 26 <appendix> member <vmtarget> ; # com/netflix/spectator/api/patterns/PolledMeter$AbstractMeterState$$Lambda+0x000001f74b4c2428
instanceKlass com/netflix/spectator/api/patterns/PolledMeter$ValueEntry
instanceKlass com/netflix/spectator/api/Utils
instanceKlass  @bci com/netflix/spectator/api/patterns/PolledMeter$Builder monitorValue (Ljava/lang/Object;Ljava/util/function/ToDoubleFunction;)Ljava/lang/Object; 99 <appendix> member <vmtarget> ; # com/netflix/spectator/api/patterns/PolledMeter$Builder$$Lambda+0x000001f74b4c1d98
instanceKlass com/netflix/spectator/api/patterns/PolledMeter$AbstractMeterState
instanceKlass  @bci com/netflix/spectator/api/patterns/PolledMeter$Builder monitorValue (Ljava/lang/Number;)Ljava/lang/Number; 2 <appendix> argL0 ; # com/netflix/spectator/api/patterns/PolledMeter$Builder$$Lambda+0x000001f74b4c0f98
instanceKlass  @cpi com/netflix/spectator/api/patterns/PolledMeter$Builder 170 form vmentry <vmtarget> ; # java/lang/invoke/LambdaForm$DMH+0x000001f74b4c4000
instanceKlass java/util/function/ToDoubleFunction
instanceKlass  @bci com/netflix/spectator/impl/Config <clinit> ()V 0 <appendix> argL0 ; # com/netflix/spectator/impl/Config$$Lambda+0x000001f74b4c0d38
instanceKlass com/netflix/spectator/api/RegistryConfig
instanceKlass com/netflix/spectator/impl/Config
instanceKlass com/netflix/spectator/api/patterns/TagsBuilder
instanceKlass com/netflix/spectator/api/patterns/IdBuilder
instanceKlass com/netflix/spectator/api/patterns/PolledMeter
instanceKlass com/netflix/spectator/api/Timer$BatchUpdater
instanceKlass com/netflix/spectator/api/Counter$BatchUpdater
instanceKlass com/netflix/spectator/impl/SwapMeter
instanceKlass com/netflix/spectator/api/ArrayTagSet
instanceKlass com/netflix/spectator/api/DefaultId
instanceKlass com/netflix/spectator/api/BasicTag
instanceKlass com/netflix/spectator/impl/Preconditions
instanceKlass com/netflix/spectator/api/ExtendedRegistry
instanceKlass  @bci com/netflix/spectator/api/CompositeRegistry <init> (Lcom/netflix/spectator/api/Clock;)V 56 <appendix> member <vmtarget> ; # com/netflix/spectator/api/CompositeRegistry$$Lambda+0x000001f74b4ba810
instanceKlass java/util/function/LongSupplier
instanceKlass com/netflix/spectator/api/Clock
instanceKlass com/netflix/spectator/api/DistributionSummary
instanceKlass com/netflix/spectator/api/Id
instanceKlass com/netflix/spectator/api/TagList
instanceKlass com/netflix/spectator/api/Timer
instanceKlass com/netflix/spectator/api/Gauge
instanceKlass com/netflix/spectator/api/Counter
instanceKlass com/netflix/spectator/api/LongTaskTimer
instanceKlass com/netflix/spectator/api/Meter
instanceKlass com/netflix/spectator/api/CompositeRegistry
instanceKlass com/netflix/spectator/api/Spectator
instanceKlass com/netflix/spectator/api/Registry
instanceKlass com/netflix/spectator/api/Tag
instanceKlass com/netflix/discovery/util/SpectatorUtil
instanceKlass com/netflix/discovery/BackupRegistry
instanceKlass com/netflix/discovery/DiscoveryClient$1
instanceKlass  @bci com/netflix/discovery/DiscoveryClient <init> (Lcom/netflix/appinfo/ApplicationInfoManager;Lcom/netflix/discovery/EurekaClientConfig;Lcom/netflix/discovery/shared/transport/jersey/TransportClientFactories;Lcom/netflix/discovery/AbstractDiscoveryClientOptionalArgs;)V 6 <appendix> argL0 ; # com/netflix/discovery/DiscoveryClient$$Lambda+0x000001f74b4b9180
instanceKlass com/netflix/discovery/shared/resolver/ResolverUtils
instanceKlass com/netflix/discovery/shared/resolver/EndpointRandomizer
instanceKlass com/netflix/discovery/shared/resolver/ClusterResolver
instanceKlass com/netflix/discovery/shared/resolver/aws/ApplicationsResolver$ApplicationsSource
instanceKlass com/netflix/discovery/EurekaEvent
instanceKlass com/netflix/discovery/AzToRegionMapper
instanceKlass com/netflix/discovery/endpoint/EndpointUtils$ServiceUrlRandomizer
instanceKlass org/springframework/cloud/util/ProxyUtils
# instanceKlass java/lang/invoke/LambdaForm$MH+0x000001f74b4be000
# instanceKlass java/lang/invoke/LambdaForm$DMH+0x000001f74b4bdc00
# instanceKlass java/lang/invoke/LambdaForm$MH+0x000001f74b4bd800
# instanceKlass java/lang/invoke/LambdaForm$MH+0x000001f74b4bd400
# instanceKlass java/lang/invoke/LambdaForm$MH+0x000001f74b4bd000
# instanceKlass java/lang/invoke/LambdaForm$MH+0x000001f74b4bcc00
# instanceKlass java/lang/invoke/LambdaForm$MH+0x000001f74b4bc800
# instanceKlass java/lang/invoke/LambdaForm$MH+0x000001f74b4bc400
# instanceKlass java/lang/invoke/LambdaForm$DMH+0x000001f74b4bc000
instanceKlass  @bci com/netflix/appinfo/InstanceInfo$Builder <init> (Lcom/netflix/appinfo/InstanceInfo;Lcom/netflix/appinfo/providers/VipAddressResolver;Ljava/util/function/Function;)V 23 <appendix> argL0 ; # com/netflix/appinfo/InstanceInfo$Builder$$Lambda+0x000001f74b4b8468
instanceKlass com/netflix/discovery/util/StringCache
instanceKlass com/netflix/appinfo/providers/Archaius1VipAddressResolver
instanceKlass com/netflix/appinfo/providers/VipAddressResolver
instanceKlass com/netflix/appinfo/InstanceInfo$Builder$LazyHolder
instanceKlass com/netflix/appinfo/InstanceInfo$Builder
instanceKlass com/netflix/appinfo/LeaseInfo
instanceKlass com/netflix/appinfo/LeaseInfo$Builder
instanceKlass org/springframework/cloud/netflix/eureka/InstanceInfoFactory
instanceKlass org/springframework/aop/framework/ReflectiveMethodInvocation
instanceKlass org/springframework/aop/ProxyMethodInvocation
instanceKlass org/springframework/aop/IntroductionAwareMethodMatcher
instanceKlass org/springframework/aop/TrueMethodMatcher
instanceKlass org/springframework/aop/MethodMatcher
instanceKlass org/springframework/aop/TrueClassFilter
instanceKlass org/springframework/aop/framework/AdvisedSupport$MethodCacheKey
# instanceKlass java/lang/invoke/LambdaForm$MH+0x000001f74b4b6400
# instanceKlass java/lang/invoke/LambdaForm$DMH+0x000001f74b4b6000
# instanceKlass java/lang/invoke/LambdaForm$MH+0x000001f74b4b5c00
# instanceKlass java/lang/invoke/LambdaForm$MH+0x000001f74b4b5800
# instanceKlass java/lang/invoke/LambdaForm$MH+0x000001f74b4b5400
# instanceKlass java/lang/invoke/LambdaForm$MH+0x000001f74b4b5000
# instanceKlass java/lang/invoke/LambdaForm$MH+0x000001f74b4b4c00
instanceKlass org/springframework/cloud/context/scope/GenericScope$BeanLifecycleWrapper
instanceKlass  @bci org/springframework/context/support/DefaultLifecycleProcessor startBeans (Z)V 43 <appendix> argL0 ; # org/springframework/context/support/DefaultLifecycleProcessor$$Lambda+0x000001f74b4b3518
instanceKlass  @bci org/springframework/context/support/DefaultLifecycleProcessor lambda$startBeans$1 (ZLjava/util/Map;Ljava/util/Map;Ljava/lang/String;Lorg/springframework/context/Lifecycle;)V 32 <appendix> member <vmtarget> ; # org/springframework/context/support/DefaultLifecycleProcessor$$Lambda+0x000001f74b4b30a0
instanceKlass  @bci org/springframework/context/support/DefaultLifecycleProcessor startBeans (Z)V 18 <adapter> ; # java/lang/invoke/LambdaForm$MH+0x000001f74b4b4800
# instanceKlass java/lang/invoke/LambdaForm$DMH+0x000001f74b4b4400
instanceKlass  @bci org/springframework/context/support/DefaultLifecycleProcessor startBeans (Z)V 18 <appendix> form vmentry <vmtarget> ; # java/lang/invoke/LambdaForm$DMH+0x000001f74b4b4000
instanceKlass  @bci org/springframework/context/support/DefaultLifecycleProcessor startBeans (Z)V 18 <appendix> member <vmtarget> ; # org/springframework/context/support/DefaultLifecycleProcessor$$Lambda+0x000001f74b4b2e58
instanceKlass  @cpi org/springframework/context/support/DefaultLifecycleProcessor 564 form vmentry <vmtarget> ; # java/lang/invoke/LambdaForm$DMH+0x000001f74b4a9400
instanceKlass org/springframework/util/ConcurrentReferenceHashMap$EntryIterator
instanceKlass org/springframework/util/ConcurrentReferenceHashMap$KeyIterator
instanceKlass  @bci org/springframework/beans/CachedIntrospectionResults clearClassLoader (Ljava/lang/ClassLoader;)V 44 <appendix> member <vmtarget> ; # org/springframework/beans/CachedIntrospectionResults$$Lambda+0x000001f74b4b2320
instanceKlass  @bci org/springframework/beans/CachedIntrospectionResults clearClassLoader (Ljava/lang/ClassLoader;)V 24 <appendix> member <vmtarget> ; # org/springframework/beans/CachedIntrospectionResults$$Lambda+0x000001f74b4b20b8
instanceKlass  @bci org/springframework/beans/CachedIntrospectionResults clearClassLoader (Ljava/lang/ClassLoader;)V 4 <appendix> member <vmtarget> ; # org/springframework/beans/CachedIntrospectionResults$$Lambda+0x000001f74b4b1e50
instanceKlass  @bci org/springframework/cloud/client/loadbalancer/LoadBalancerAutoConfiguration lambda$loadBalancedRestTemplateInitializerDeprecated$1 (Lorg/springframework/beans/factory/ObjectProvider;)V 2 <appendix> member <vmtarget> ; # org/springframework/cloud/client/loadbalancer/LoadBalancerAutoConfiguration$$Lambda+0x000001f74b4b1c08
instanceKlass jakarta/servlet/descriptor/JspConfigDescriptor
instanceKlass  @bci org/springframework/core/BridgeMethodResolver resolveBridgeMethod (Ljava/lang/reflect/Method;Ljava/lang/Class;)Ljava/lang/reflect/Method; 99 <appendix> member <vmtarget> ; # org/springframework/core/BridgeMethodResolver$$Lambda+0x000001f74b4b19d0
instanceKlass  @bci org/springframework/core/BridgeMethodResolver resolveBridgeMethod (Ljava/lang/reflect/Method;Ljava/lang/Class;)Ljava/lang/reflect/Method; 84 <appendix> member <vmtarget> ; # org/springframework/core/BridgeMethodResolver$$Lambda+0x000001f74b4b1788
instanceKlass  @bci org/springframework/context/event/EventListenerMethodProcessor processBean (Ljava/lang/String;Ljava/lang/Class;)V 32 <appendix> argL0 ; # org/springframework/context/event/EventListenerMethodProcessor$$Lambda+0x000001f74b4b1558
instanceKlass org/springframework/context/event/EventListener
instanceKlass  @bci org/springframework/cloud/loadbalancer/cache/DefaultLoadBalancerCacheManager <init> (Lorg/springframework/cloud/loadbalancer/cache/LoadBalancerCacheProperties;[Ljava/lang/String;)V 37 <appendix> argL0 ; # org/springframework/cloud/loadbalancer/cache/DefaultLoadBalancerCacheManager$$Lambda+0x000001f74b4b1308
instanceKlass  @bci org/springframework/cloud/loadbalancer/cache/DefaultLoadBalancerCacheManager <init> (Lorg/springframework/cloud/loadbalancer/cache/LoadBalancerCacheProperties;[Ljava/lang/String;)V 32 <appendix> argL0 ; # org/springframework/cloud/loadbalancer/cache/DefaultLoadBalancerCacheManager$$Lambda+0x000001f74b4b10b8
instanceKlass com/stoyanr/evictor/queue/NavigableMapEvictionQueue
instanceKlass  @bci org/springframework/cloud/loadbalancer/cache/DefaultLoadBalancerCacheManager aScheduledDaemonThreadExecutor ()Ljava/util/concurrent/ScheduledExecutorService; 0 <appendix> argL0 ; # org/springframework/cloud/loadbalancer/cache/DefaultLoadBalancerCacheManager$$Lambda+0x000001f74b4b07e8
instanceKlass com/stoyanr/evictor/EvictionQueue
instanceKlass com/stoyanr/evictor/scheduler/AbstractQueueEvictionScheduler
instanceKlass org/springframework/cache/Cache$ValueWrapper
instanceKlass  @bci org/springframework/cloud/loadbalancer/cache/DefaultLoadBalancerCacheManager createCaches ([Ljava/lang/String;Lorg/springframework/cloud/loadbalancer/cache/LoadBalancerCacheProperties;)Ljava/util/Set; 11 <appendix> member <vmtarget> ; # org/springframework/cloud/loadbalancer/cache/DefaultLoadBalancerCacheManager$$Lambda+0x000001f74b4abc90
instanceKlass org/springframework/cache/support/AbstractValueAdaptingCache
instanceKlass org/springframework/cloud/loadbalancer/core/DelegatingServiceInstanceListSupplier
instanceKlass org/springframework/cloud/loadbalancer/core/SelectedInstanceCallback
instanceKlass org/springframework/cloud/loadbalancer/core/ServiceInstanceListSupplier
instanceKlass com/stoyanr/evictor/EvictionScheduler
instanceKlass org/springframework/cloud/loadbalancer/cache/DefaultLoadBalancerCacheManager
instanceKlass org/springframework/cloud/configuration/VerificationResult
instanceKlass org/springframework/cloud/configuration/SpringBootVersionVerifier$2
instanceKlass org/springframework/cloud/configuration/CompatibilityPredicate
instanceKlass  @bci org/springframework/cloud/client/loadbalancer/LoadBalancerAutoConfiguration loadBalancedRestTemplateInitializerDeprecated (Lorg/springframework/beans/factory/ObjectProvider;)Lorg/springframework/beans/factory/SmartInitializingSingleton; 2 <appendix> member <vmtarget> ; # org/springframework/cloud/client/loadbalancer/LoadBalancerAutoConfiguration$$Lambda+0x000001f74b4aa6f0
instanceKlass  @bci org/springframework/cloud/client/loadbalancer/LoadBalancerAutoConfiguration$LoadBalancerInterceptorConfig restTemplateCustomizer (Lorg/springframework/cloud/client/loadbalancer/LoadBalancerInterceptor;)Lorg/springframework/cloud/client/loadbalancer/RestTemplateCustomizer; 1 <appendix> member <vmtarget> ; # org/springframework/cloud/client/loadbalancer/LoadBalancerAutoConfiguration$LoadBalancerInterceptorConfig$$Lambda+0x000001f74b4aa4b8
instanceKlass org/springframework/http/client/ClientHttpResponse
instanceKlass org/springframework/http/client/ClientHttpRequestExecution
instanceKlass org/springframework/cloud/client/loadbalancer/LoadBalanced
instanceKlass org/springframework/cloud/client/loadbalancer/DefaultResponse
instanceKlass org/springframework/cloud/client/loadbalancer/LoadBalancerLifecycle
instanceKlass org/springframework/cloud/client/loadbalancer/DefaultRequest
instanceKlass org/springframework/cloud/client/loadbalancer/TimedRequestContext
instanceKlass org/springframework/cloud/client/loadbalancer/Response
instanceKlass org/springframework/cloud/client/loadbalancer/LoadBalancerRequest
instanceKlass org/springframework/cloud/client/loadbalancer/Request
instanceKlass org/springframework/cloud/loadbalancer/blocking/client/BlockingLoadBalancerClient
# instanceKlass java/lang/invoke/LambdaForm$MH+0x000001f74b4a9000
# instanceKlass java/lang/invoke/LambdaForm$MH+0x000001f74b4a8c00
instanceKlass org/springframework/cloud/client/loadbalancer/reactive/ReactiveLoadBalancer
instanceKlass sun/reflect/generics/reflectiveObjects/GenericArrayTypeImpl
instanceKlass  @bci org/springframework/cloud/loadbalancer/config/LoadBalancerAutoConfiguration loadBalancerClientFactory (Lorg/springframework/cloud/client/loadbalancer/LoadBalancerClientsProperties;Lorg/springframework/beans/factory/ObjectProvider;)Lorg/springframework/cloud/loadbalancer/support/LoadBalancerClientFactory; 11 <appendix> argL0 ; # org/springframework/cloud/loadbalancer/config/LoadBalancerAutoConfiguration$$Lambda+0x000001f74b4af408
instanceKlass org/springframework/cloud/loadbalancer/annotation/LoadBalancerClientConfiguration
instanceKlass org/springframework/cloud/client/loadbalancer/LoadBalancerProperties$Retry$Backoff
instanceKlass org/springframework/cloud/client/loadbalancer/LoadBalancerProperties$Stats
instanceKlass org/springframework/cloud/client/loadbalancer/LoadBalancerProperties$Retry
instanceKlass org/springframework/cloud/client/loadbalancer/LoadBalancerProperties$Subset
instanceKlass org/springframework/cloud/client/loadbalancer/LoadBalancerProperties$XForwarded
instanceKlass org/springframework/cloud/client/loadbalancer/LoadBalancerProperties$HealthCheck
instanceKlass org/springframework/cloud/client/loadbalancer/LoadBalancerProperties$StickySession
instanceKlass org/springframework/cloud/client/actuator/NamedFeature
instanceKlass com/netflix/eventbus/spi/EventBus
instanceKlass com/netflix/discovery/shared/transport/TransportClientFactory
instanceKlass com/netflix/discovery/PreRegistrationHandler
instanceKlass  @bci org/springframework/cloud/netflix/eureka/config/DiscoveryClientOptionalArgsConfiguration$RestTemplateConfiguration restTemplateDiscoveryClientOptionalArgs (Lorg/springframework/cloud/configuration/TlsProperties;Lorg/springframework/cloud/netflix/eureka/http/EurekaClientHttpRequestFactorySupplier;Lorg/springframework/beans/factory/ObjectProvider;)Lorg/springframework/cloud/netflix/eureka/http/RestTemplateDiscoveryClientOptionalArgs; 32 <appendix> member <vmtarget> ; # org/springframework/cloud/netflix/eureka/config/DiscoveryClientOptionalArgsConfiguration$RestTemplateConfiguration$$Lambda+0x000001f74b4ac978
instanceKlass org/apache/hc/client5/http/config/RequestConfig$Builder
instanceKlass org/apache/hc/client5/http/socket/LayeredConnectionSocketFactory
instanceKlass org/apache/hc/client5/http/socket/ConnectionSocketFactory
instanceKlass org/springframework/cloud/netflix/eureka/http/DefaultEurekaClientHttpRequestFactorySupplier
instanceKlass org/springframework/cloud/netflix/eureka/http/EurekaClientHttpRequestFactorySupplier$RequestConfigCustomizer
# instanceKlass java/lang/invoke/LambdaForm$MH+0x000001f74b4a8800
# instanceKlass java/lang/invoke/LambdaForm$MH+0x000001f74b4a8400
# instanceKlass java/lang/invoke/LambdaForm$MH+0x000001f74b4a8000
# instanceKlass java/lang/invoke/LambdaForm$MH+0x000001f74b4a4400
instanceKlass  @bci org/springframework/beans/factory/support/DisposableBeanAdapter <init> (Ljava/lang/Object;Ljava/lang/String;Lorg/springframework/beans/factory/support/RootBeanDefinition;Ljava/util/List;)V 317 <appendix> argL0 ; # org/springframework/beans/factory/support/DisposableBeanAdapter$$Lambda+0x000001f74b4a4c80
instanceKlass com/fasterxml/jackson/databind/jsontype/impl/TypeIdResolverBase
instanceKlass com/fasterxml/jackson/databind/jsontype/TypeIdResolver
instanceKlass com/fasterxml/jackson/databind/annotation/JsonTypeIdResolver
instanceKlass com/fasterxml/jackson/annotation/JacksonAnnotation
instanceKlass com/fasterxml/jackson/annotation/JsonRootName
instanceKlass  @bci org/springframework/cloud/netflix/eureka/EurekaClientAutoConfiguration eurekaInstanceConfigBean (Lorg/springframework/cloud/commons/util/InetUtils;Lorg/springframework/cloud/netflix/eureka/metadata/ManagementMetadataProvider;)Lorg/springframework/cloud/netflix/eureka/EurekaInstanceConfigBean; 354 <appendix> member <vmtarget> ; # org/springframework/cloud/netflix/eureka/EurekaClientAutoConfiguration$$Lambda+0x000001f74b4a7428
instanceKlass org/springframework/cloud/commons/util/IdUtils
instanceKlass com/netflix/appinfo/MyDataCenterInfo
instanceKlass com/netflix/appinfo/DataCenterInfo
instanceKlass org/springframework/cloud/netflix/eureka/metadata/DefaultManagementMetadataProvider
instanceKlass  @bci org/springframework/boot/context/properties/source/ConfigurationPropertyName convertToDashedElement (Ljava/lang/CharSequence;)Ljava/lang/CharSequence; 3 <appendix> argL0 ; # org/springframework/boot/context/properties/source/ConfigurationPropertyName$$Lambda+0x000001f74b4a64f0
instanceKlass  @bci org/springframework/boot/context/properties/source/ConfigurationPropertyName convertToOriginalForm (Ljava/lang/CharSequence;)Ljava/lang/CharSequence; 3 <appendix> argL0 ; # org/springframework/boot/context/properties/source/ConfigurationPropertyName$$Lambda+0x000001f74b4a62c0
instanceKlass com/netflix/discovery/converters/wrappers/CodecWrappers$JacksonXmlMini
instanceKlass com/netflix/discovery/converters/wrappers/CodecWrappers$JacksonJsonMini
instanceKlass com/netflix/discovery/converters/wrappers/CodecWrappers$JacksonXml
instanceKlass com/netflix/discovery/converters/wrappers/CodecWrappers$XStreamXml
instanceKlass com/netflix/discovery/converters/wrappers/CodecWrappers$XStreamJson
instanceKlass com/netflix/discovery/converters/wrappers/CodecWrappers$JacksonJson
instanceKlass com/netflix/discovery/converters/wrappers/CodecWrappers
instanceKlass com/netflix/discovery/converters/wrappers/CodecWrappers$LegacyJacksonJson
instanceKlass com/netflix/discovery/converters/wrappers/CodecWrapper
instanceKlass com/netflix/discovery/converters/wrappers/DecoderWrapper
instanceKlass com/netflix/discovery/converters/wrappers/EncoderWrapper
instanceKlass com/netflix/discovery/converters/wrappers/CodecWrapperBase
instanceKlass org/springframework/cloud/netflix/eureka/CloudEurekaTransportConfig
instanceKlass com/netflix/discovery/shared/transport/EurekaTransportConfig
instanceKlass org/springframework/cloud/client/discovery/simple/SimpleDiscoveryClient
instanceKlass  @bci jdk/internal/reflect/MethodHandleIntegerFieldAccessorImpl setInt (Ljava/lang/Object;I)V 41 <adapter> ; # java/lang/invoke/LambdaForm$MH+0x000001f74b4a4000
instanceKlass org/springframework/core/convert/support/StringToNumberConverterFactory$StringToNumber
instanceKlass org/springframework/cloud/client/DefaultServiceInstance
instanceKlass org/springframework/jmx/export/annotation/ManagedAttribute
instanceKlass org/springframework/jmx/export/annotation/ManagedOperation
instanceKlass org/springframework/boot/devtools/livereload/Connection
instanceKlass org/springframework/boot/devtools/livereload/LiveReloadServer$WorkerThreadFactory
instanceKlass org/springframework/boot/devtools/restart/Restarter$LeakSafeThreadFactory
instanceKlass  @bci org/springframework/beans/factory/support/AbstractBeanFactory doGetBean (Ljava/lang/String;Ljava/lang/Class;[Ljava/lang/Object;Z)Ljava/lang/Object; 637 <appendix> member <vmtarget> ; # org/springframework/beans/factory/support/AbstractBeanFactory$$Lambda+0x000001f74b4a0f98
instanceKlass org/springframework/boot/devtools/filewatch/FileSystemWatcher$Watcher
instanceKlass org/springframework/boot/devtools/filewatch/FileSnapshot
instanceKlass  @bci org/springframework/boot/devtools/filewatch/DirectorySnapshot <init> (Ljava/io/File;)V 23 <appendix> member <vmtarget> ; # org/springframework/boot/devtools/filewatch/DirectorySnapshot$$Lambda+0x000001f74b4a08f8
instanceKlass  @bci org/springframework/boot/devtools/filewatch/FileSystemWatcher createOrRestoreInitialSnapshots ()V 18 <appendix> member <vmtarget> ; # org/springframework/boot/devtools/filewatch/FileSystemWatcher$$Lambda+0x000001f74b4a06b0
instanceKlass org/springframework/boot/devtools/filewatch/DirectorySnapshot
instanceKlass org/springframework/boot/devtools/classpath/ClassPathFileChangeListener
instanceKlass  @bci org/springframework/boot/devtools/filewatch/FileSystemWatcher addSourceDirectory (Ljava/io/File;)V 19 <appendix> member <vmtarget> ; # org/springframework/boot/devtools/filewatch/FileSystemWatcher$$Lambda+0x000001f74b4a0000
instanceKlass  @bci org/springframework/boot/devtools/filewatch/FileSystemWatcher addSourceDirectories (Ljava/lang/Iterable;)V 15 <appendix> member <vmtarget> ; # org/springframework/boot/devtools/filewatch/FileSystemWatcher$$Lambda+0x000001f74b49cc00
instanceKlass org/springframework/boot/devtools/classpath/ClassPathDirectories
instanceKlass org/springframework/boot/devtools/filewatch/StaticSnapshotStateRepository
instanceKlass org/springframework/boot/devtools/filewatch/SnapshotStateRepository$1
instanceKlass org/springframework/boot/devtools/filewatch/SnapshotStateRepository
instanceKlass org/springframework/boot/devtools/filewatch/FileChangeListener
instanceKlass org/springframework/boot/devtools/filewatch/ChangedFile
instanceKlass org/springframework/boot/devtools/classpath/PatternClassPathRestartStrategy
instanceKlass  @bci org/springframework/boot/devtools/autoconfigure/LocalDevToolsAutoConfiguration$RestartConfiguration fileSystemWatcherFactory ()Lorg/springframework/boot/devtools/filewatch/FileSystemWatcherFactory; 1 <appendix> member <vmtarget> ; # org/springframework/boot/devtools/autoconfigure/LocalDevToolsAutoConfiguration$RestartConfiguration$$Lambda+0x000001f74b49d000
instanceKlass org/springframework/boot/devtools/autoconfigure/RemoteDevToolsProperties$Proxy
instanceKlass org/springframework/boot/devtools/autoconfigure/RemoteDevToolsProperties$Restart
instanceKlass org/springframework/web/multipart/MultipartHttpServletRequest
instanceKlass org/springframework/web/multipart/MultipartRequest
instanceKlass  @bci org/springframework/boot/autoconfigure/web/client/RestClientAutoConfiguration restClientBuilderConfigurer (Lorg/springframework/beans/factory/ObjectProvider;Lorg/springframework/beans/factory/ObjectProvider;Lorg/springframework/beans/factory/ObjectProvider;)Lorg/springframework/boot/autoconfigure/web/client/RestClientBuilderConfigurer; 19 <appendix> argL0 ; # org/springframework/boot/autoconfigure/web/client/RestClientAutoConfiguration$$Lambda+0x000001f74b49f740
instanceKlass  @bci org/springframework/boot/autoconfigure/web/client/RestClientAutoConfiguration restClientBuilderConfigurer (Lorg/springframework/beans/factory/ObjectProvider;Lorg/springframework/beans/factory/ObjectProvider;Lorg/springframework/beans/factory/ObjectProvider;)Lorg/springframework/boot/autoconfigure/web/client/RestClientBuilderConfigurer; 5 <appendix> argL0 ; # org/springframework/boot/autoconfigure/web/client/RestClientAutoConfiguration$$Lambda+0x000001f74b49f510
instanceKlass  @bci org/springframework/boot/autoconfigure/web/client/RestClientAutoConfiguration restClientSsl (Lorg/springframework/beans/factory/ObjectProvider;Lorg/springframework/boot/ssl/SslBundles;)Lorg/springframework/boot/autoconfigure/web/client/AutoConfiguredRestClientSsl; 5 <appendix> argL0 ; # org/springframework/boot/autoconfigure/web/client/RestClientAutoConfiguration$$Lambda+0x000001f74b49f2e0
# instanceKlass java/lang/invoke/LambdaForm$MH+0x000001f74b49c800
# instanceKlass java/lang/invoke/LambdaForm$MH+0x000001f74b49c400
instanceKlass  @bci org/springframework/boot/task/SimpleAsyncTaskSchedulerBuilder append (Ljava/util/Set;Ljava/lang/Iterable;)Ljava/util/Set; 26 <appendix> member <vmtarget> ; # org/springframework/boot/task/SimpleAsyncTaskSchedulerBuilder$$Lambda+0x000001f74b49e8c0
instanceKlass  @bci org/springframework/boot/autoconfigure/task/TaskSchedulingConfigurations$SimpleAsyncTaskSchedulerBuilderConfiguration builder ()Lorg/springframework/boot/task/SimpleAsyncTaskSchedulerBuilder; 35 <appendix> member <vmtarget> ; # org/springframework/boot/autoconfigure/task/TaskSchedulingConfigurations$SimpleAsyncTaskSchedulerBuilderConfiguration$$Lambda+0x000001f74b49e668
instanceKlass org/springframework/boot/task/SimpleAsyncTaskSchedulerCustomizer
instanceKlass org/springframework/boot/autoconfigure/task/TaskSchedulingConfigurations
instanceKlass  @bci org/springframework/boot/task/ThreadPoolTaskSchedulerBuilder append (Ljava/util/Set;Ljava/lang/Iterable;)Ljava/util/Set; 26 <appendix> member <vmtarget> ; # org/springframework/boot/task/ThreadPoolTaskSchedulerBuilder$$Lambda+0x000001f74b49e000
instanceKlass org/springframework/boot/task/ThreadPoolTaskSchedulerCustomizer
instanceKlass  @bci org/springframework/boot/LazyInitializationExcludeFilter forBeanTypes ([Ljava/lang/Class;)Lorg/springframework/boot/LazyInitializationExcludeFilter; 1 <appendix> member <vmtarget> ; # org/springframework/boot/LazyInitializationExcludeFilter$$Lambda+0x000001f74b49b8d0
instanceKlass  @cpi org/springframework/boot/LazyInitializationExcludeFilter 53 form vmentry <vmtarget> ; # java/lang/invoke/LambdaForm$DMH+0x000001f74b49c000
instanceKlass org/springframework/boot/info/InfoProperties
instanceKlass org/apache/hc/client5/http/impl/io/PoolingHttpClientConnectionManager
instanceKlass org/apache/hc/core5/pool/ConnPoolControl
instanceKlass org/apache/hc/core5/pool/ConnPoolStats
instanceKlass org/apache/hc/client5/http/config/ConnectionConfig
instanceKlass org/apache/hc/client5/http/config/RequestConfig
instanceKlass org/apache/hc/core5/http/io/SocketConfig
instanceKlass org/apache/hc/client5/http/config/ConnectionConfig$Builder
instanceKlass org/springframework/http/client/HttpComponentsClientHttpRequestFactory
instanceKlass  @bci org/springframework/boot/http/client/HttpComponentsClientHttpRequestFactoryBuilder <init> ()V 19 <appendix> argL0 ; # org/springframework/boot/http/client/HttpComponentsClientHttpRequestFactoryBuilder$$Lambda+0x000001f74b4991c0
instanceKlass  @bci org/springframework/boot/http/client/AbstractClientHttpRequestFactoryBuilder <clinit> ()V 0 <appendix> argL0 ; # org/springframework/boot/http/client/AbstractClientHttpRequestFactoryBuilder$$Lambda+0x000001f74b498f80
instanceKlass org/apache/hc/client5/http/protocol/RedirectStrategy
instanceKlass org/apache/hc/client5/http/classic/HttpClient
instanceKlass org/apache/hc/client5/http/io/HttpClientConnectionManager
instanceKlass org/apache/hc/core5/io/ModalCloseable
instanceKlass org/apache/hc/client5/http/ssl/TlsSocketStrategy
instanceKlass org/springframework/boot/http/client/AbstractClientHttpRequestFactoryBuilder
instanceKlass org/apache/hc/client5/http/impl/classic/HttpClients
instanceKlass org/springframework/boot/http/client/HttpComponentsClientHttpRequestFactoryBuilder$Classes
instanceKlass com/google/gson/reflect/TypeToken
instanceKlass com/google/gson/internal/bind/ReflectiveTypeAdapterFactory$BoundField
instanceKlass com/google/gson/internal/bind/ReflectiveTypeAdapterFactory
instanceKlass com/google/gson/internal/bind/JsonAdapterAnnotationTypeAdapterFactory$DummyTypeAdapterFactory
instanceKlass com/google/gson/internal/bind/JsonAdapterAnnotationTypeAdapterFactory
instanceKlass com/google/gson/internal/bind/MapTypeAdapterFactory
instanceKlass com/google/gson/internal/bind/CollectionTypeAdapterFactory
instanceKlass com/google/gson/internal/bind/ArrayTypeAdapter$1
instanceKlass com/google/gson/internal/bind/DefaultDateTypeAdapter$1
instanceKlass com/google/gson/internal/bind/NumberTypeAdapter$1
instanceKlass com/google/gson/internal/bind/ObjectTypeAdapter$1
instanceKlass com/google/gson/internal/bind/TypeAdapters$29
instanceKlass com/google/gson/internal/bind/TypeAdapters$33
instanceKlass com/google/gson/internal/bind/TypeAdapters$34
instanceKlass java/util/concurrent/atomic/AtomicIntegerArray
instanceKlass com/google/gson/internal/bind/TypeAdapters$32
instanceKlass com/google/gson/internal/bind/TypeAdapters$31
instanceKlass com/google/gson/internal/bind/TypeAdapters
instanceKlass com/google/gson/internal/ObjectConstructor
instanceKlass com/google/gson/internal/ConstructorConstructor
instanceKlass com/google/gson/internal/sql/SqlTimestampTypeAdapter$1
instanceKlass com/google/gson/internal/sql/SqlTimeTypeAdapter$1
instanceKlass com/google/gson/internal/sql/SqlDateTypeAdapter$1
instanceKlass com/google/gson/internal/bind/DefaultDateTypeAdapter$DateType
instanceKlass com/google/gson/internal/sql/SqlTypesSupport
instanceKlass com/google/gson/ExclusionStrategy
instanceKlass com/google/gson/ReflectionAccessFilter
instanceKlass  @bci org/springframework/boot/autoconfigure/gson/GsonAutoConfiguration$StandardGsonBuilderCustomizer customize (Lcom/google/gson/GsonBuilder;)V 338 <appendix> member <vmtarget> ; # org/springframework/boot/autoconfigure/gson/GsonAutoConfiguration$StandardGsonBuilderCustomizer$$Lambda+0x000001f74b48b9c8
instanceKlass  @bci org/springframework/boot/autoconfigure/gson/GsonAutoConfiguration$StandardGsonBuilderCustomizer customize (Lcom/google/gson/GsonBuilder;)V 324 <appendix> member <vmtarget> ; # org/springframework/boot/autoconfigure/gson/GsonAutoConfiguration$StandardGsonBuilderCustomizer$$Lambda+0x000001f74b48b790
instanceKlass  @bci org/springframework/boot/autoconfigure/gson/GsonAutoConfiguration$StandardGsonBuilderCustomizer customize (Lcom/google/gson/GsonBuilder;)V 309 <appendix> member <vmtarget> ; # org/springframework/boot/autoconfigure/gson/GsonAutoConfiguration$StandardGsonBuilderCustomizer$$Lambda+0x000001f74b48b558
instanceKlass  @bci org/springframework/boot/autoconfigure/gson/GsonAutoConfiguration$StandardGsonBuilderCustomizer customize (Lcom/google/gson/GsonBuilder;)V 292 <appendix> member <vmtarget> ; # org/springframework/boot/autoconfigure/gson/GsonAutoConfiguration$StandardGsonBuilderCustomizer$$Lambda+0x000001f74b48b320
instanceKlass  @bci org/springframework/boot/autoconfigure/gson/GsonAutoConfiguration$StandardGsonBuilderCustomizer strictnessOrLeniency (Lcom/google/gson/GsonBuilder;)Ljava/util/function/Consumer; 16 <appendix> member <vmtarget> ; # org/springframework/boot/autoconfigure/gson/GsonAutoConfiguration$StandardGsonBuilderCustomizer$$Lambda+0x000001f74b48b0d8
instanceKlass  @bci org/springframework/boot/autoconfigure/gson/GsonAutoConfiguration$StandardGsonBuilderCustomizer customize (Lcom/google/gson/GsonBuilder;)V 269 <appendix> member <vmtarget> ; # org/springframework/boot/autoconfigure/gson/GsonAutoConfiguration$StandardGsonBuilderCustomizer$$Lambda+0x000001f74b48ac48
instanceKlass  @bci org/springframework/boot/autoconfigure/gson/GsonAutoConfiguration$StandardGsonBuilderCustomizer customize (Lcom/google/gson/GsonBuilder;)V 254 <appendix> member <vmtarget> ; # org/springframework/boot/autoconfigure/gson/GsonAutoConfiguration$StandardGsonBuilderCustomizer$$Lambda+0x000001f74b48aa10
instanceKlass  @bci org/springframework/boot/autoconfigure/gson/GsonAutoConfiguration$StandardGsonBuilderCustomizer customize (Lcom/google/gson/GsonBuilder;)V 237 <appendix> member <vmtarget> ; # org/springframework/boot/autoconfigure/gson/GsonAutoConfiguration$StandardGsonBuilderCustomizer$$Lambda+0x000001f74b48a7d8
instanceKlass  @bci org/springframework/boot/autoconfigure/gson/GsonAutoConfiguration$StandardGsonBuilderCustomizer customize (Lcom/google/gson/GsonBuilder;)V 222 <appendix> member <vmtarget> ; # org/springframework/boot/autoconfigure/gson/GsonAutoConfiguration$StandardGsonBuilderCustomizer$$Lambda+0x000001f74b48a590
instanceKlass  @bci org/springframework/boot/autoconfigure/gson/GsonAutoConfiguration$StandardGsonBuilderCustomizer customize (Lcom/google/gson/GsonBuilder;)V 208 <appendix> member <vmtarget> ; # org/springframework/boot/autoconfigure/gson/GsonAutoConfiguration$StandardGsonBuilderCustomizer$$Lambda+0x000001f74b48a358
instanceKlass  @bci org/springframework/boot/autoconfigure/gson/GsonAutoConfiguration$StandardGsonBuilderCustomizer customize (Lcom/google/gson/GsonBuilder;)V 193 <appendix> member <vmtarget> ; # org/springframework/boot/autoconfigure/gson/GsonAutoConfiguration$StandardGsonBuilderCustomizer$$Lambda+0x000001f74b48a110
instanceKlass  @bci org/springframework/boot/autoconfigure/gson/GsonAutoConfiguration$StandardGsonBuilderCustomizer customize (Lcom/google/gson/GsonBuilder;)V 179 <appendix> member <vmtarget> ; # org/springframework/boot/autoconfigure/gson/GsonAutoConfiguration$StandardGsonBuilderCustomizer$$Lambda+0x000001f74b489ed8
instanceKlass  @bci org/springframework/boot/autoconfigure/gson/GsonAutoConfiguration$StandardGsonBuilderCustomizer customize (Lcom/google/gson/GsonBuilder;)V 164 <appendix> member <vmtarget> ; # org/springframework/boot/autoconfigure/gson/GsonAutoConfiguration$StandardGsonBuilderCustomizer$$Lambda+0x000001f74b489ca0
instanceKlass  @bci org/springframework/boot/autoconfigure/gson/GsonAutoConfiguration$StandardGsonBuilderCustomizer customize (Lcom/google/gson/GsonBuilder;)V 147 <appendix> member <vmtarget> ; # org/springframework/boot/autoconfigure/gson/GsonAutoConfiguration$StandardGsonBuilderCustomizer$$Lambda+0x000001f74b489a68
instanceKlass  @bci org/springframework/boot/autoconfigure/gson/GsonAutoConfiguration$StandardGsonBuilderCustomizer customize (Lcom/google/gson/GsonBuilder;)V 132 <appendix> member <vmtarget> ; # org/springframework/boot/autoconfigure/gson/GsonAutoConfiguration$StandardGsonBuilderCustomizer$$Lambda+0x000001f74b489830
instanceKlass  @bci org/springframework/boot/autoconfigure/gson/GsonAutoConfiguration$StandardGsonBuilderCustomizer customize (Lcom/google/gson/GsonBuilder;)V 115 <appendix> member <vmtarget> ; # org/springframework/boot/autoconfigure/gson/GsonAutoConfiguration$StandardGsonBuilderCustomizer$$Lambda+0x000001f74b4895f8
instanceKlass  @bci org/springframework/boot/autoconfigure/gson/GsonAutoConfiguration$StandardGsonBuilderCustomizer customize (Lcom/google/gson/GsonBuilder;)V 100 <appendix> member <vmtarget> ; # org/springframework/boot/autoconfigure/gson/GsonAutoConfiguration$StandardGsonBuilderCustomizer$$Lambda+0x000001f74b4893c0
instanceKlass  @bci org/springframework/boot/autoconfigure/gson/GsonAutoConfiguration$StandardGsonBuilderCustomizer customize (Lcom/google/gson/GsonBuilder;)V 83 <appendix> member <vmtarget> ; # org/springframework/boot/autoconfigure/gson/GsonAutoConfiguration$StandardGsonBuilderCustomizer$$Lambda+0x000001f74b489188
instanceKlass  @bci org/springframework/boot/autoconfigure/gson/GsonAutoConfiguration$StandardGsonBuilderCustomizer customize (Lcom/google/gson/GsonBuilder;)V 68 <appendix> member <vmtarget> ; # org/springframework/boot/autoconfigure/gson/GsonAutoConfiguration$StandardGsonBuilderCustomizer$$Lambda+0x000001f74b488f50
instanceKlass  @bci org/springframework/boot/autoconfigure/gson/GsonAutoConfiguration$StandardGsonBuilderCustomizer customize (Lcom/google/gson/GsonBuilder;)V 51 <appendix> member <vmtarget> ; # org/springframework/boot/autoconfigure/gson/GsonAutoConfiguration$StandardGsonBuilderCustomizer$$Lambda+0x000001f74b488d18
instanceKlass  @bci org/springframework/boot/autoconfigure/gson/GsonAutoConfiguration$StandardGsonBuilderCustomizer customize (Lcom/google/gson/GsonBuilder;)V 36 <appendix> member <vmtarget> ; # org/springframework/boot/autoconfigure/gson/GsonAutoConfiguration$StandardGsonBuilderCustomizer$$Lambda+0x000001f74b488ae0
instanceKlass  @bci org/springframework/boot/autoconfigure/gson/GsonAutoConfiguration$StandardGsonBuilderCustomizer customize (Lcom/google/gson/GsonBuilder;)V 19 <appendix> member <vmtarget> ; # org/springframework/boot/autoconfigure/gson/GsonAutoConfiguration$StandardGsonBuilderCustomizer$$Lambda+0x000001f74b4888a8
instanceKlass  @bci org/springframework/boot/autoconfigure/gson/GsonAutoConfiguration gsonBuilder (Ljava/util/List;)Lcom/google/gson/GsonBuilder; 10 <appendix> member <vmtarget> ; # org/springframework/boot/autoconfigure/gson/GsonAutoConfiguration$$Lambda+0x000001f74b488660
instanceKlass com/google/gson/FormattingStyle
instanceKlass com/google/gson/stream/JsonWriter
instanceKlass com/google/gson/stream/JsonReader
instanceKlass com/google/gson/ToNumberStrategy
instanceKlass com/google/gson/JsonElement
instanceKlass com/google/gson/TypeAdapter
instanceKlass com/google/gson/internal/Excluder
instanceKlass com/google/gson/TypeAdapterFactory
instanceKlass org/springframework/context/support/DefaultLifecycleProcessor$LifecycleGroup
instanceKlass org/springframework/boot/util/Instantiator$AvailableParameters
# instanceKlass java/lang/invoke/LambdaForm$MH+0x000001f74b484c00
# instanceKlass java/lang/invoke/LambdaForm$MH+0x000001f74b484800
# instanceKlass java/lang/invoke/LambdaForm$MH+0x000001f74b484400
# instanceKlass java/lang/invoke/LambdaForm$MH+0x000001f74b484000
instanceKlass org/springframework/web/servlet/handler/HandlerExceptionResolverComposite
instanceKlass org/springframework/web/util/DisconnectedClientHelper
instanceKlass org/springframework/web/util/UriComponentsBuilder
instanceKlass org/springframework/web/util/UriBuilder
instanceKlass org/springframework/web/servlet/function/ServerResponse
instanceKlass org/springframework/web/servlet/function/ServerResponse$Context
instanceKlass org/springframework/web/servlet/mvc/method/annotation/ViewNameMethodReturnValueHandler
instanceKlass org/springframework/web/servlet/mvc/method/annotation/AsyncTaskMethodReturnValueHandler
instanceKlass org/springframework/util/concurrent/ListenableFutureCallback
instanceKlass org/springframework/util/concurrent/FailureCallback
instanceKlass org/springframework/util/concurrent/SuccessCallback
instanceKlass org/springframework/web/servlet/mvc/method/annotation/DeferredResultMethodReturnValueHandler
instanceKlass org/springframework/web/servlet/mvc/method/annotation/CallableMethodReturnValueHandler
instanceKlass org/springframework/web/servlet/mvc/method/annotation/HttpHeadersReturnValueHandler
instanceKlass org/springframework/web/servlet/mvc/method/annotation/ResponseEntityReturnValueHandler
instanceKlass org/springframework/web/servlet/mvc/method/annotation/StreamingResponseBodyReturnValueHandler
instanceKlass org/springframework/web/servlet/mvc/method/annotation/ViewMethodReturnValueHandler
instanceKlass org/springframework/web/servlet/mvc/method/annotation/ModelAndViewMethodReturnValueHandler
instanceKlass org/springframework/web/servlet/mvc/method/annotation/ResponseBodyEmitter
instanceKlass org/springframework/web/servlet/mvc/method/annotation/ReactiveTypeHandler
instanceKlass org/springframework/core/NestedExceptionUtils
instanceKlass  @bci org/springframework/beans/factory/support/DefaultSingletonBeanRegistry getSingleton (Ljava/lang/String;Lorg/springframework/beans/factory/ObjectFactory;)Ljava/lang/Object; 1250 <appendix> member <vmtarget> ; # org/springframework/beans/factory/support/DefaultSingletonBeanRegistry$$Lambda+0x000001f74b47ec38
instanceKlass org/springframework/beans/factory/config/NamedBeanHolder
instanceKlass org/springframework/beans/factory/NamedBean
instanceKlass org/springframework/web/servlet/view/ContentNegotiatingViewResolver$1
instanceKlass  @bci org/springframework/web/servlet/view/AbstractCachingViewResolver <clinit> ()V 10 <appendix> argL0 ; # org/springframework/web/servlet/view/AbstractCachingViewResolver$$Lambda+0x000001f74b47e000
instanceKlass  @cpi org/springframework/web/servlet/view/AbstractCachingViewResolver 223 form vmentry <vmtarget> ; # java/lang/invoke/LambdaForm$DMH+0x000001f74b47c000
instanceKlass org/springframework/web/servlet/view/AbstractCachingViewResolver$CacheFilter
instanceKlass org/springframework/web/servlet/view/AbstractCachingViewResolver$1
instanceKlass org/springframework/web/servlet/SmartView
instanceKlass org/springframework/web/servlet/view/ViewResolverComposite
instanceKlass org/springframework/web/servlet/config/annotation/UrlBasedViewResolverRegistration
instanceKlass org/springframework/web/servlet/mvc/method/annotation/ResponseBodyEmitter$Handler
instanceKlass org/springframework/web/servlet/mvc/method/annotation/ResponseBodyEmitterReturnValueHandler
instanceKlass org/springframework/web/servlet/mvc/method/annotation/PrincipalMethodArgumentResolver
instanceKlass org/springframework/web/servlet/mvc/method/annotation/UriComponentsBuilderMethodArgumentResolver
instanceKlass org/springframework/web/method/annotation/SessionStatusMethodArgumentResolver
instanceKlass org/springframework/web/method/annotation/ErrorsMethodArgumentResolver
instanceKlass org/springframework/web/method/annotation/MapMethodProcessor
instanceKlass org/springframework/web/method/annotation/ModelMethodProcessor
instanceKlass org/springframework/web/servlet/mvc/support/RedirectAttributes
instanceKlass org/springframework/ui/Model
instanceKlass org/springframework/web/servlet/mvc/method/annotation/RedirectAttributesMethodArgumentResolver
instanceKlass org/springframework/web/servlet/mvc/method/annotation/ServletResponseMethodArgumentResolver
instanceKlass org/springframework/web/servlet/mvc/method/annotation/ServletRequestMethodArgumentResolver
instanceKlass org/springframework/web/method/annotation/RequestHeaderMapMethodArgumentResolver
instanceKlass  @bci org/springframework/web/accept/ContentNegotiationManager getAllFileExtensions ()Ljava/util/List; 1 <appendix> argL0 ; # org/springframework/web/accept/ContentNegotiationManager$$Lambda+0x000001f74b473130
instanceKlass org/springframework/web/servlet/mvc/method/annotation/RequestResponseBodyAdviceChain
instanceKlass org/springframework/core/io/support/ResourceRegion
instanceKlass org/springframework/core/ParameterizedTypeReference
instanceKlass org/springframework/web/servlet/mvc/method/annotation/AbstractMessageConverterMethodArgumentResolver
instanceKlass org/springframework/validation/DataBinder
instanceKlass org/springframework/web/method/annotation/ModelAttributeMethodProcessor
instanceKlass org/springframework/web/servlet/mvc/method/annotation/MatrixVariableMapMethodArgumentResolver
instanceKlass org/springframework/web/servlet/mvc/method/annotation/PathVariableMapMethodArgumentResolver
instanceKlass org/springframework/web/method/annotation/RequestParamMapMethodArgumentResolver
instanceKlass org/springframework/web/method/annotation/AbstractNamedValueMethodArgumentResolver$NamedValueInfo
instanceKlass org/springframework/web/method/annotation/AbstractNamedValueMethodArgumentResolver
instanceKlass org/springframework/web/bind/annotation/ControllerAdvice
instanceKlass org/springframework/validation/method/MethodValidator
instanceKlass org/springframework/web/method/support/HandlerMethodReturnValueHandlerComposite
instanceKlass org/springframework/web/method/support/HandlerMethodReturnValueHandler
instanceKlass org/springframework/web/method/support/HandlerMethodArgumentResolverComposite
instanceKlass org/springframework/web/method/support/HandlerMethodArgumentResolver
instanceKlass org/springframework/web/method/annotation/SessionAttributesHandler
instanceKlass org/springframework/web/method/ControllerAdviceBean
instanceKlass org/springframework/web/method/annotation/ModelFactory
instanceKlass org/springframework/web/method/support/ModelAndViewContainer
instanceKlass org/springframework/scheduling/concurrent/ExecutorLifecycleDelegate
instanceKlass  @bci org/springframework/boot/task/ThreadPoolTaskExecutorBuilder configure (Lorg/springframework/scheduling/concurrent/ThreadPoolTaskExecutor;)Lorg/springframework/scheduling/concurrent/ThreadPoolTaskExecutor; 238 <appendix> member <vmtarget> ; # org/springframework/boot/task/ThreadPoolTaskExecutorBuilder$$Lambda+0x000001f74b46e818
instanceKlass  @bci org/springframework/boot/task/ThreadPoolTaskExecutorBuilder configure (Lorg/springframework/scheduling/concurrent/ThreadPoolTaskExecutor;)Lorg/springframework/scheduling/concurrent/ThreadPoolTaskExecutor; 216 <appendix> member <vmtarget> ; # org/springframework/boot/task/ThreadPoolTaskExecutorBuilder$$Lambda+0x000001f74b46e5d0
instanceKlass  @bci org/springframework/boot/task/ThreadPoolTaskExecutorBuilder configure (Lorg/springframework/scheduling/concurrent/ThreadPoolTaskExecutor;)Lorg/springframework/scheduling/concurrent/ThreadPoolTaskExecutor; 191 <appendix> member <vmtarget> ; # org/springframework/boot/task/ThreadPoolTaskExecutorBuilder$$Lambda+0x000001f74b46e388
instanceKlass  @cpi org/springframework/boot/task/ThreadPoolTaskExecutorBuilder 302 form vmentry <vmtarget> ; # java/lang/invoke/LambdaForm$DMH+0x000001f74b470000
instanceKlass  @bci org/springframework/boot/task/ThreadPoolTaskExecutorBuilder configure (Lorg/springframework/scheduling/concurrent/ThreadPoolTaskExecutor;)Lorg/springframework/scheduling/concurrent/ThreadPoolTaskExecutor; 177 <appendix> argL0 ; # org/springframework/boot/task/ThreadPoolTaskExecutorBuilder$$Lambda+0x000001f74b46e138
instanceKlass  @bci org/springframework/boot/task/ThreadPoolTaskExecutorBuilder configure (Lorg/springframework/scheduling/concurrent/ThreadPoolTaskExecutor;)Lorg/springframework/scheduling/concurrent/ThreadPoolTaskExecutor; 161 <appendix> member <vmtarget> ; # org/springframework/boot/task/ThreadPoolTaskExecutorBuilder$$Lambda+0x000001f74b46def0
instanceKlass  @bci org/springframework/boot/task/ThreadPoolTaskExecutorBuilder configure (Lorg/springframework/scheduling/concurrent/ThreadPoolTaskExecutor;)Lorg/springframework/scheduling/concurrent/ThreadPoolTaskExecutor; 139 <appendix> member <vmtarget> ; # org/springframework/boot/task/ThreadPoolTaskExecutorBuilder$$Lambda+0x000001f74b46dca8
instanceKlass  @bci org/springframework/boot/task/ThreadPoolTaskExecutorBuilder configure (Lorg/springframework/scheduling/concurrent/ThreadPoolTaskExecutor;)Lorg/springframework/scheduling/concurrent/ThreadPoolTaskExecutor; 117 <appendix> member <vmtarget> ; # org/springframework/boot/task/ThreadPoolTaskExecutorBuilder$$Lambda+0x000001f74b46da60
instanceKlass  @bci org/springframework/boot/task/ThreadPoolTaskExecutorBuilder configure (Lorg/springframework/scheduling/concurrent/ThreadPoolTaskExecutor;)Lorg/springframework/scheduling/concurrent/ThreadPoolTaskExecutor; 95 <appendix> member <vmtarget> ; # org/springframework/boot/task/ThreadPoolTaskExecutorBuilder$$Lambda+0x000001f74b46d818
instanceKlass  @bci org/springframework/boot/task/ThreadPoolTaskExecutorBuilder configure (Lorg/springframework/scheduling/concurrent/ThreadPoolTaskExecutor;)Lorg/springframework/scheduling/concurrent/ThreadPoolTaskExecutor; 81 <appendix> argL0 ; # org/springframework/boot/task/ThreadPoolTaskExecutorBuilder$$Lambda+0x000001f74b46d5c8
instanceKlass  @bci org/springframework/boot/task/ThreadPoolTaskExecutorBuilder configure (Lorg/springframework/scheduling/concurrent/ThreadPoolTaskExecutor;)Lorg/springframework/scheduling/concurrent/ThreadPoolTaskExecutor; 65 <appendix> member <vmtarget> ; # org/springframework/boot/task/ThreadPoolTaskExecutorBuilder$$Lambda+0x000001f74b46d380
instanceKlass  @bci org/springframework/boot/task/ThreadPoolTaskExecutorBuilder configure (Lorg/springframework/scheduling/concurrent/ThreadPoolTaskExecutor;)Lorg/springframework/scheduling/concurrent/ThreadPoolTaskExecutor; 43 <appendix> member <vmtarget> ; # org/springframework/boot/task/ThreadPoolTaskExecutorBuilder$$Lambda+0x000001f74b46d138
instanceKlass  @bci org/springframework/boot/task/ThreadPoolTaskExecutorBuilder configure (Lorg/springframework/scheduling/concurrent/ThreadPoolTaskExecutor;)Lorg/springframework/scheduling/concurrent/ThreadPoolTaskExecutor; 21 <appendix> member <vmtarget> ; # org/springframework/boot/task/ThreadPoolTaskExecutorBuilder$$Lambda+0x000001f74b46cef0
instanceKlass org/springframework/web/servlet/mvc/method/annotation/AbstractMappingJacksonResponseBodyAdvice
instanceKlass org/springframework/web/servlet/mvc/method/annotation/ResponseBodyAdvice
instanceKlass org/springframework/web/servlet/mvc/method/annotation/RequestBodyAdviceAdapter
instanceKlass org/springframework/web/servlet/mvc/method/annotation/RequestBodyAdvice
instanceKlass org/springframework/web/bind/support/DefaultSessionAttributeStore
instanceKlass  @bci org/springframework/core/ReactiveAdapterRegistry$ReactorRegistrar registerAdapters (Lorg/springframework/core/ReactiveAdapterRegistry;)V 112 <appendix> argL0 ; # org/springframework/core/ReactiveAdapterRegistry$ReactorRegistrar$$Lambda+0x000001f74b46c140
instanceKlass  @bci org/springframework/core/ReactiveAdapterRegistry$ReactorRegistrar registerAdapters (Lorg/springframework/core/ReactiveAdapterRegistry;)V 107 <appendix> argL0 ; # org/springframework/core/ReactiveAdapterRegistry$ReactorRegistrar$$Lambda+0x000001f74b46bef0
instanceKlass  @bci org/springframework/core/ReactiveAdapterRegistry$ReactorRegistrar registerAdapters (Lorg/springframework/core/ReactiveAdapterRegistry;)V 99 <appendix> argL0 ; # org/springframework/core/ReactiveAdapterRegistry$ReactorRegistrar$$Lambda+0x000001f74b46bcc0
instanceKlass  @bci org/springframework/core/ReactiveAdapterRegistry$ReactorRegistrar registerAdapters (Lorg/springframework/core/ReactiveAdapterRegistry;)V 88 <appendix> argL0 ; # org/springframework/core/ReactiveAdapterRegistry$ReactorRegistrar$$Lambda+0x000001f74b46ba70
instanceKlass  @bci org/springframework/core/ReactiveAdapterRegistry$ReactorRegistrar registerAdapters (Lorg/springframework/core/ReactiveAdapterRegistry;)V 83 <appendix> argL0 ; # org/springframework/core/ReactiveAdapterRegistry$ReactorRegistrar$$Lambda+0x000001f74b46b820
instanceKlass  @bci org/springframework/core/ReactiveAdapterRegistry$ReactorRegistrar registerAdapters (Lorg/springframework/core/ReactiveAdapterRegistry;)V 75 <appendix> argL0 ; # org/springframework/core/ReactiveAdapterRegistry$ReactorRegistrar$$Lambda+0x000001f74b46b5f0
instanceKlass java/util/concurrent/CompletableFuture
instanceKlass  @bci org/springframework/core/ReactiveAdapterRegistry$ReactorRegistrar registerAdapters (Lorg/springframework/core/ReactiveAdapterRegistry;)V 64 <appendix> argL0 ; # org/springframework/core/ReactiveAdapterRegistry$ReactorRegistrar$$Lambda+0x000001f74b46ac58
instanceKlass  @bci org/springframework/core/ReactiveAdapterRegistry$ReactorRegistrar registerAdapters (Lorg/springframework/core/ReactiveAdapterRegistry;)V 59 <appendix> argL0 ; # org/springframework/core/ReactiveAdapterRegistry$ReactorRegistrar$$Lambda+0x000001f74b46aa08
instanceKlass  @bci org/springframework/core/ReactiveAdapterRegistry$ReactorRegistrar registerAdapters (Lorg/springframework/core/ReactiveAdapterRegistry;)V 51 <appendix> argL0 ; # org/springframework/core/ReactiveAdapterRegistry$ReactorRegistrar$$Lambda+0x000001f74b46a7d8
instanceKlass  @bci org/springframework/core/ReactiveAdapterRegistry$ReactorRegistrar registerAdapters (Lorg/springframework/core/ReactiveAdapterRegistry;)V 40 <appendix> argL0 ; # org/springframework/core/ReactiveAdapterRegistry$ReactorRegistrar$$Lambda+0x000001f74b46a588
instanceKlass  @bci org/springframework/core/ReactiveAdapterRegistry$ReactorRegistrar registerAdapters (Lorg/springframework/core/ReactiveAdapterRegistry;)V 35 <appendix> argL0 ; # org/springframework/core/ReactiveAdapterRegistry$ReactorRegistrar$$Lambda+0x000001f74b46a338
instanceKlass  @bci org/springframework/core/ReactiveAdapterRegistry$ReactorRegistrar registerAdapters (Lorg/springframework/core/ReactiveAdapterRegistry;)V 27 <appendix> argL0 ; # org/springframework/core/ReactiveAdapterRegistry$ReactorRegistrar$$Lambda+0x000001f74b46a108
instanceKlass  @bci org/springframework/core/ReactiveAdapterRegistry$ReactorRegistrar registerAdapters (Lorg/springframework/core/ReactiveAdapterRegistry;)V 16 <appendix> argL0 ; # org/springframework/core/ReactiveAdapterRegistry$ReactorRegistrar$$Lambda+0x000001f74b469eb8
instanceKlass  @bci org/springframework/core/ReactiveAdapterRegistry$ReactorRegistrar registerAdapters (Lorg/springframework/core/ReactiveAdapterRegistry;)V 11 <appendix> argL0 ; # org/springframework/core/ReactiveAdapterRegistry$ReactorRegistrar$$Lambda+0x000001f74b469c68
instanceKlass org/springframework/core/ReactiveTypeDescriptor
instanceKlass  @bci org/springframework/core/ReactiveAdapterRegistry$ReactorRegistrar registerAdapters (Lorg/springframework/core/ReactiveAdapterRegistry;)V 3 <appendix> argL0 ; # org/springframework/core/ReactiveAdapterRegistry$ReactorRegistrar$$Lambda+0x000001f74b469818
instanceKlass java/util/concurrent/CompletionStage
instanceKlass reactor/adapter/JdkFlowAdapter$PublisherAsFlowPublisher
instanceKlass java/util/concurrent/Flow$Publisher
instanceKlass reactor/adapter/JdkFlowAdapter
instanceKlass  @bci reactor/core/publisher/Flux <clinit> ()V 32 <appendix> argL0 ; # reactor/core/publisher/Flux$$Lambda+0x000001f74b4550e8
instanceKlass  @cpi org/springframework/util/MimeTypeUtils 476 form vmentry <vmtarget> ; # java/lang/invoke/LambdaForm$DMH+0x000001f74b458800
instanceKlass  @bci reactor/core/publisher/Flux <clinit> ()V 24 <appendix> argL0 ; # reactor/core/publisher/Flux$$Lambda+0x000001f74b454eb8
instanceKlass  @cpi reactor/core/publisher/Flux 3269 form vmentry <vmtarget> ; # java/lang/invoke/LambdaForm$DMH+0x000001f74b458400
# instanceKlass java/lang/invoke/LambdaForm$DMH+0x000001f74b458000
instanceKlass  @bci reactor/core/publisher/Flux <clinit> ()V 16 <appendix> argL0 ; # reactor/core/publisher/Flux$$Lambda+0x000001f74b454c88
instanceKlass  @bci reactor/core/publisher/Flux <clinit> ()V 8 <appendix> argL0 ; # reactor/core/publisher/Flux$$Lambda+0x000001f74b454a58
instanceKlass  @bci reactor/core/publisher/Flux <clinit> ()V 0 <appendix> argL0 ; # reactor/core/publisher/Flux$$Lambda+0x000001f74b454818
instanceKlass reactor/util/function/Tuple2
instanceKlass reactor/util/function/Tuples
instanceKlass reactor/core/publisher/AssemblyOp
instanceKlass reactor/core/publisher/FluxOnAssembly$AssemblySnapshot
instanceKlass org/reactivestreams/Subscription
instanceKlass org/reactivestreams/Processor
instanceKlass reactor/core/Disposable
instanceKlass reactor/util/context/ContextView
instanceKlass reactor/core/observability/SignalListenerFactory
instanceKlass reactor/core/CoreSubscriber
instanceKlass org/reactivestreams/Subscriber
instanceKlass reactor/core/Fuseable$ScalarCallable
instanceKlass reactor/core/publisher/SignalPeek
instanceKlass reactor/core/publisher/OptimizableOperator
instanceKlass reactor/core/Fuseable
instanceKlass reactor/core/publisher/SourceProducer
instanceKlass reactor/core/Scannable
instanceKlass org/springframework/core/ReactiveAdapterRegistry$ReactorRegistrar
instanceKlass org/springframework/core/ReactiveAdapter
instanceKlass org/springframework/core/ReactiveAdapterRegistry
instanceKlass org/springframework/web/context/request/async/DeferredResultProcessingInterceptor
instanceKlass org/springframework/util/ConcurrencyThrottleSupport
instanceKlass org/springframework/util/concurrent/ListenableFuture
instanceKlass  @bci org/springframework/web/servlet/mvc/method/annotation/RequestMappingHandlerAdapter <clinit> ()V 8 <appendix> argL0 ; # org/springframework/web/servlet/mvc/method/annotation/RequestMappingHandlerAdapter$$Lambda+0x000001f74b430550
instanceKlass  @bci org/springframework/web/servlet/mvc/method/annotation/RequestMappingHandlerAdapter <clinit> ()V 0 <appendix> argL0 ; # org/springframework/web/servlet/mvc/method/annotation/RequestMappingHandlerAdapter$$Lambda+0x000001f74b430310
instanceKlass org/springframework/web/bind/support/DefaultDataBinderFactory
instanceKlass org/springframework/web/bind/support/WebDataBinderFactory
instanceKlass org/springframework/web/bind/support/SessionAttributeStore
instanceKlass  @bci org/springframework/web/servlet/handler/SimpleUrlHandlerMapping registerHandlers (Ljava/util/Map;)V 32 <appendix> member <vmtarget> ; # org/springframework/web/servlet/handler/SimpleUrlHandlerMapping$$Lambda+0x000001f74b42f380
instanceKlass org/apache/catalina/TrackedWebResource
instanceKlass org/apache/catalina/webresources/AbstractResource
instanceKlass  @bci org/springframework/web/servlet/resource/ResourceHttpRequestHandler setMediaTypes (Ljava/util/Map;)V 2 <appendix> member <vmtarget> ; # org/springframework/web/servlet/resource/ResourceHttpRequestHandler$$Lambda+0x000001f74b42dfd0
instanceKlass org/springframework/web/servlet/resource/DefaultResourceTransformerChain
instanceKlass org/springframework/web/servlet/resource/DefaultResourceResolverChain
instanceKlass org/springframework/web/servlet/resource/AbstractResourceResolver
instanceKlass org/springframework/web/servlet/resource/ResourceResolver
instanceKlass org/springframework/web/servlet/resource/ResourceHandlerUtils
instanceKlass org/springframework/web/servlet/resource/ResourceTransformerChain
instanceKlass org/springframework/web/HttpRequestHandler
instanceKlass  @bci org/springframework/boot/autoconfigure/web/servlet/WebMvcAutoConfiguration$WebMvcAutoConfigurationAdapter addResourceHandlers (Lorg/springframework/web/servlet/config/annotation/ResourceHandlerRegistry;)V 54 <appendix> member <vmtarget> ; # org/springframework/boot/autoconfigure/web/servlet/WebMvcAutoConfiguration$WebMvcAutoConfigurationAdapter$$Lambda+0x000001f74b42cca0
instanceKlass  @bci org/springframework/boot/autoconfigure/web/WebProperties$Resources$Cache$Cachecontrol toHttpCacheControl ()Lorg/springframework/http/CacheControl; 202 <appendix> member <vmtarget> ; # org/springframework/boot/autoconfigure/web/WebProperties$Resources$Cache$Cachecontrol$$Lambda+0x000001f74b42ca58
instanceKlass  @bci org/springframework/boot/autoconfigure/web/WebProperties$Resources$Cache$Cachecontrol toHttpCacheControl ()Lorg/springframework/http/CacheControl; 190 <appendix> member <vmtarget> ; # org/springframework/boot/autoconfigure/web/WebProperties$Resources$Cache$Cachecontrol$$Lambda+0x000001f74b42c820
instanceKlass  @bci org/springframework/boot/autoconfigure/web/WebProperties$Resources$Cache$Cachecontrol toHttpCacheControl ()Lorg/springframework/http/CacheControl; 180 <appendix> member <vmtarget> ; # org/springframework/boot/autoconfigure/web/WebProperties$Resources$Cache$Cachecontrol$$Lambda+0x000001f74b42c5d8
instanceKlass  @bci org/springframework/boot/autoconfigure/web/WebProperties$Resources$Cache$Cachecontrol toHttpCacheControl ()Lorg/springframework/http/CacheControl; 168 <appendix> member <vmtarget> ; # org/springframework/boot/autoconfigure/web/WebProperties$Resources$Cache$Cachecontrol$$Lambda+0x000001f74b42c3a0
instanceKlass  @bci org/springframework/boot/autoconfigure/web/WebProperties$Resources$Cache$Cachecontrol toHttpCacheControl ()Lorg/springframework/http/CacheControl; 158 <appendix> member <vmtarget> ; # org/springframework/boot/autoconfigure/web/WebProperties$Resources$Cache$Cachecontrol$$Lambda+0x000001f74b42c158
instanceKlass  @bci org/springframework/boot/autoconfigure/web/WebProperties$Resources$Cache$Cachecontrol toHttpCacheControl ()Lorg/springframework/http/CacheControl; 146 <appendix> member <vmtarget> ; # org/springframework/boot/autoconfigure/web/WebProperties$Resources$Cache$Cachecontrol$$Lambda+0x000001f74b42bf20
instanceKlass  @bci org/springframework/boot/autoconfigure/web/WebProperties$Resources$Cache$Cachecontrol toHttpCacheControl ()Lorg/springframework/http/CacheControl; 136 <appendix> member <vmtarget> ; # org/springframework/boot/autoconfigure/web/WebProperties$Resources$Cache$Cachecontrol$$Lambda+0x000001f74b42bce8
instanceKlass  @bci org/springframework/boot/autoconfigure/web/WebProperties$Resources$Cache$Cachecontrol toHttpCacheControl ()Lorg/springframework/http/CacheControl; 119 <appendix> member <vmtarget> ; # org/springframework/boot/autoconfigure/web/WebProperties$Resources$Cache$Cachecontrol$$Lambda+0x000001f74b42bab0
instanceKlass  @bci org/springframework/boot/autoconfigure/web/WebProperties$Resources$Cache$Cachecontrol toHttpCacheControl ()Lorg/springframework/http/CacheControl; 109 <appendix> member <vmtarget> ; # org/springframework/boot/autoconfigure/web/WebProperties$Resources$Cache$Cachecontrol$$Lambda+0x000001f74b42b878
instanceKlass  @bci org/springframework/boot/autoconfigure/web/WebProperties$Resources$Cache$Cachecontrol toHttpCacheControl ()Lorg/springframework/http/CacheControl; 92 <appendix> member <vmtarget> ; # org/springframework/boot/autoconfigure/web/WebProperties$Resources$Cache$Cachecontrol$$Lambda+0x000001f74b42b640
instanceKlass  @bci org/springframework/boot/autoconfigure/web/WebProperties$Resources$Cache$Cachecontrol toHttpCacheControl ()Lorg/springframework/http/CacheControl; 82 <appendix> member <vmtarget> ; # org/springframework/boot/autoconfigure/web/WebProperties$Resources$Cache$Cachecontrol$$Lambda+0x000001f74b42b408
instanceKlass  @bci org/springframework/boot/autoconfigure/web/WebProperties$Resources$Cache$Cachecontrol toHttpCacheControl ()Lorg/springframework/http/CacheControl; 65 <appendix> member <vmtarget> ; # org/springframework/boot/autoconfigure/web/WebProperties$Resources$Cache$Cachecontrol$$Lambda+0x000001f74b42b1d0
instanceKlass  @bci org/springframework/boot/autoconfigure/web/WebProperties$Resources$Cache$Cachecontrol toHttpCacheControl ()Lorg/springframework/http/CacheControl; 55 <appendix> member <vmtarget> ; # org/springframework/boot/autoconfigure/web/WebProperties$Resources$Cache$Cachecontrol$$Lambda+0x000001f74b42af98
instanceKlass  @bci org/springframework/boot/autoconfigure/web/WebProperties$Resources$Cache$Cachecontrol toHttpCacheControl ()Lorg/springframework/http/CacheControl; 38 <appendix> member <vmtarget> ; # org/springframework/boot/autoconfigure/web/WebProperties$Resources$Cache$Cachecontrol$$Lambda+0x000001f74b42ad60
instanceKlass  @bci org/springframework/boot/autoconfigure/web/WebProperties$Resources$Cache$Cachecontrol toHttpCacheControl ()Lorg/springframework/http/CacheControl; 28 <appendix> member <vmtarget> ; # org/springframework/boot/autoconfigure/web/WebProperties$Resources$Cache$Cachecontrol$$Lambda+0x000001f74b42ab28
instanceKlass  @bci org/springframework/boot/context/properties/PropertyMapper$Source whenTrue ()Lorg/springframework/boot/context/properties/PropertyMapper$Source; 9 <appendix> member <vmtarget> ; # org/springframework/boot/context/properties/PropertyMapper$Source$$Lambda+0x000001f74b42a8c0
instanceKlass  @bci org/springframework/boot/autoconfigure/web/WebProperties$Resources$Cache$Cachecontrol toHttpCacheControl ()Lorg/springframework/http/CacheControl; 11 <appendix> member <vmtarget> ; # org/springframework/boot/autoconfigure/web/WebProperties$Resources$Cache$Cachecontrol$$Lambda+0x000001f74b42a688
instanceKlass org/springframework/http/CacheControl
instanceKlass  @bci org/springframework/boot/autoconfigure/web/servlet/WebMvcAutoConfiguration$WebMvcAutoConfigurationAdapter addResourceHandler (Lorg/springframework/web/servlet/config/annotation/ResourceHandlerRegistry;Ljava/lang/String;[Ljava/lang/String;)V 4 <appendix> member <vmtarget> ; # org/springframework/boot/autoconfigure/web/servlet/WebMvcAutoConfiguration$WebMvcAutoConfigurationAdapter$$Lambda+0x000001f74b42a1b8
instanceKlass  @bci org/springframework/web/servlet/function/support/RouterFunctionMapping initRouterFunctions ()V 95 <appendix> argL0 ; # org/springframework/web/servlet/function/support/RouterFunctionMapping$$Lambda+0x000001f74b429f60
instanceKlass  @bci org/springframework/web/servlet/function/support/RouterFunctionMapping initRouterFunctions ()V 16 <appendix> argL0 ; # org/springframework/web/servlet/function/support/RouterFunctionMapping$$Lambda+0x000001f74b429d10
instanceKlass org/springframework/web/servlet/function/RouterFunction
instanceKlass org/springframework/web/servlet/function/HandlerFunction
instanceKlass org/springframework/web/servlet/function/ServerRequest
instanceKlass com/fasterxml/jackson/databind/MappingIterator
instanceKlass com/fasterxml/jackson/databind/jsonFormatVisitors/JsonFormatVisitorWrapper
instanceKlass com/fasterxml/jackson/databind/jsonFormatVisitors/JsonFormatVisitorWithSerializerProvider
instanceKlass com/fasterxml/jackson/databind/jsonschema/JsonSchema
instanceKlass com/fasterxml/jackson/databind/cfg/ConstructorDetector
instanceKlass com/fasterxml/jackson/annotation/JsonAutoDetect$Value
instanceKlass com/fasterxml/jackson/databind/deser/DeserializationProblemHandler
instanceKlass com/fasterxml/jackson/core/io/CharacterEscapes
instanceKlass com/fasterxml/jackson/databind/ObjectWriter
instanceKlass com/fasterxml/jackson/core/type/TypeReference
instanceKlass com/fasterxml/jackson/core/FormatSchema
instanceKlass com/fasterxml/jackson/databind/InjectableValues
instanceKlass  @bci org/springframework/http/converter/json/Jackson2ObjectMapperBuilder configure (Lcom/fasterxml/jackson/databind/ObjectMapper;)V 69 <appendix> member <vmtarget> ; # org/springframework/http/converter/json/Jackson2ObjectMapperBuilder$$Lambda+0x000001f74b422a28
instanceKlass java/lang/SafeVarargs
instanceKlass com/fasterxml/jackson/databind/ser/FilterProvider
instanceKlass java/util/EnumMap$EnumMapIterator
instanceKlass  @bci org/springframework/boot/autoconfigure/jackson/JacksonAutoConfiguration$Jackson2ObjectMapperBuilderCustomizerConfiguration$StandardJackson2ObjectMapperBuilderCustomizer configureVisibility (Lorg/springframework/http/converter/json/Jackson2ObjectMapperBuilder;Ljava/util/Map;)V 7 <appendix> member <vmtarget> ; # org/springframework/boot/autoconfigure/jackson/JacksonAutoConfiguration$Jackson2ObjectMapperBuilderCustomizerConfiguration$StandardJackson2ObjectMapperBuilderCustomizer$$Lambda+0x000001f74b427bb0
instanceKlass  @bci org/springframework/boot/autoconfigure/jackson/JacksonAutoConfiguration$Jackson2ObjectMapperBuilderCustomizerConfiguration$StandardJackson2ObjectMapperBuilderCustomizer configureFeatures (Lorg/springframework/http/converter/json/Jackson2ObjectMapperBuilder;Ljava/util/Map;)V 2 <appendix> member <vmtarget> ; # org/springframework/boot/autoconfigure/jackson/JacksonAutoConfiguration$Jackson2ObjectMapperBuilderCustomizerConfiguration$StandardJackson2ObjectMapperBuilderCustomizer$$Lambda+0x000001f74b427968
# instanceKlass java/lang/invoke/LambdaForm$MH+0x000001f74b421000
# instanceKlass java/lang/invoke/LambdaForm$MH+0x000001f74b420c00
instanceKlass org/springframework/boot/jackson/JsonComponent
instanceKlass  @bci org/springframework/boot/jackson/JsonMixinModuleEntries doWithEntry (Ljava/lang/ClassLoader;Ljava/util/function/BiConsumer;)V 7 <appendix> member <vmtarget> ; # org/springframework/boot/jackson/JsonMixinModuleEntries$$Lambda+0x000001f74b4274c8
instanceKlass  @bci org/springframework/boot/jackson/JsonMixinModule registerEntries (Lorg/springframework/boot/jackson/JsonMixinModuleEntries;Ljava/lang/ClassLoader;)V 3 <appendix> member <vmtarget> ; # org/springframework/boot/jackson/JsonMixinModule$$Lambda+0x000001f74b427280
instanceKlass org/springframework/boot/jackson/JsonMixin
instanceKlass  @bci org/springframework/boot/jackson/JsonMixinModuleEntries scan (Lorg/springframework/context/ApplicationContext;Ljava/util/Collection;)Lorg/springframework/boot/jackson/JsonMixinModuleEntries; 2 <appendix> member <vmtarget> ; # org/springframework/boot/jackson/JsonMixinModuleEntries$$Lambda+0x000001f74b426d78
instanceKlass org/springframework/boot/jackson/JsonMixinModuleEntries$Builder
instanceKlass com/fasterxml/jackson/databind/jsontype/NamedType
instanceKlass com/fasterxml/jackson/databind/deser/ValueInstantiator
instanceKlass com/fasterxml/jackson/databind/PropertyNamingStrategy
instanceKlass  @bci org/springframework/boot/context/properties/bind/Binder handleBindResult (Lorg/springframework/boot/context/properties/source/ConfigurationPropertyName;Lorg/springframework/boot/context/properties/bind/Bindable;Lorg/springframework/boot/context/properties/bind/BindHandler;Lorg/springframework/boot/context/properties/bind/Binder$Context;Ljava/lang/Object;Z)Ljava/lang/Object; 50 <appendix> member <vmtarget> ; # org/springframework/boot/context/properties/bind/Binder$$Lambda+0x000001f74b425c30
instanceKlass  @bci org/springframework/boot/autoconfigure/web/servlet/WebMvcAutoConfiguration$WebMvcAutoConfigurationAdapter configureMessageConverters (Ljava/util/List;)V 5 <appendix> member <vmtarget> ; # org/springframework/boot/autoconfigure/web/servlet/WebMvcAutoConfiguration$WebMvcAutoConfigurationAdapter$$Lambda+0x000001f74b425660
# instanceKlass java/lang/invoke/LambdaForm$MH+0x000001f74b420800
# instanceKlass java/lang/invoke/LambdaForm$MH+0x000001f74b420400
instanceKlass  @bci java/util/function/Function andThen (Ljava/util/function/Function;)Ljava/util/function/Function; 7 <appendix> member <vmtarget> ; # java/util/function/Function$$Lambda+0x000001f74b2edbb8
instanceKlass  @bci java/util/stream/Collectors toUnmodifiableMap (Ljava/util/function/Function;Ljava/util/function/Function;)Ljava/util/stream/Collector; 21 <appendix> argL0 ; # java/util/stream/Collectors$$Lambda+0x000001f74b2ed968
instanceKlass  @bci java/util/stream/Collectors uniqKeysMapMerger ()Ljava/util/function/BinaryOperator; 0 <appendix> argL0 ; # java/util/stream/Collectors$$Lambda+0x000001f74b2ed710
instanceKlass  @bci java/util/stream/Collectors uniqKeysMapAccumulator (Ljava/util/function/Function;Ljava/util/function/Function;)Ljava/util/function/BiConsumer; 2 <appendix> member <vmtarget> ; # java/util/stream/Collectors$$Lambda+0x000001f74b2ed4c8
instanceKlass  @bci java/util/stream/Collectors toMap (Ljava/util/function/Function;Ljava/util/function/Function;)Ljava/util/stream/Collector; 4 <appendix> argL0 ; # java/util/stream/Collectors$$Lambda+0x000001f74b2ed298
instanceKlass  @bci org/springframework/web/servlet/handler/AbstractHandlerMethodMapping getHandlerMethods ()Ljava/util/Map; 29 <appendix> argL0 ; # org/springframework/web/servlet/handler/AbstractHandlerMethodMapping$$Lambda+0x000001f74b425410
instanceKlass  @bci org/springframework/web/servlet/handler/AbstractHandlerMethodMapping getHandlerMethods ()Ljava/util/Map; 24 <appendix> argL0 ; # org/springframework/web/servlet/handler/AbstractHandlerMethodMapping$$Lambda+0x000001f74b4251c0
instanceKlass java/lang/invoke/MethodHandleImpl$CountingWrapper$1
instanceKlass com/netflix/discovery/DiscoveryClient
instanceKlass org/springframework/cloud/netflix/eureka/serviceregistry/EurekaRegistration$Builder
instanceKlass jakarta/inject/Scope
instanceKlass jakarta/inject/Singleton
instanceKlass sun/reflect/ReflectionFactory
instanceKlass org/springframework/objenesis/instantiator/sun/SunReflectionFactoryHelper
instanceKlass org/springframework/objenesis/instantiator/sun/SunReflectionFactoryInstantiator
instanceKlass org/springframework/objenesis/strategy/PlatformDescription
instanceKlass  @bci jdk/internal/reflect/MethodHandleObjectFieldAccessorImpl set (Ljava/lang/Object;Ljava/lang/Object;)V 29 <adapter> ; # java/lang/invoke/LambdaForm$MH+0x000001f74b420000
instanceKlass org/springframework/cglib/proxy/Enhancer$EnhancerFactoryData
instanceKlass com/netflix/appinfo/ApplicationInfoManager$1
# instanceKlass java/lang/invoke/LambdaForm$MH+0x000001f74b41ac00
# instanceKlass java/lang/invoke/LambdaForm$MH+0x000001f74b41a800
# instanceKlass java/lang/invoke/LambdaForm$MH+0x000001f74b41a400
instanceKlass org/springframework/cglib/proxy/Enhancer$2
instanceKlass org/springframework/cglib/proxy/Enhancer$1
instanceKlass org/springframework/cglib/core/EmitUtils$8
instanceKlass  @bci org/springframework/cglib/core/EmitUtils member_helper_type (Lorg/springframework/cglib/core/CodeEmitter;Ljava/util/List;Lorg/springframework/cglib/core/ObjectSwitchCallback;Lorg/springframework/cglib/core/EmitUtils$ParameterTyper;Lorg/springframework/asm/Label;Lorg/springframework/asm/Label;Ljava/util/BitSet;)V 175 <appendix> member <vmtarget> ; # org/springframework/cglib/core/EmitUtils$$Lambda+0x000001f74b41f970
instanceKlass org/springframework/cglib/proxy/Enhancer$3
instanceKlass org/springframework/aop/ThrowsAdvice
instanceKlass org/springframework/aop/AfterReturningAdvice
instanceKlass org/springframework/aop/AfterAdvice
instanceKlass org/springframework/aop/MethodBeforeAdvice
instanceKlass org/springframework/aop/BeforeAdvice
instanceKlass com/netflix/appinfo/ApplicationInfoManager$OptionalArgs
instanceKlass  @bci org/springframework/cglib/proxy/Enhancer$EnhancerKey hashCode ()I 1 <appendix> argL2 argL1 form vmentry <vmtarget> ; # java/lang/invoke/LambdaForm$MH+0x000001f74b41a000
instanceKlass org/springframework/aop/framework/AdvisedSupport$AdvisorKeyEntry
instanceKlass org/springframework/aop/framework/CglibAopProxy$ProxyCallbackFilter
instanceKlass org/springframework/aop/framework/CglibAopProxy$HashCodeInterceptor
instanceKlass org/springframework/aop/framework/CglibAopProxy$EqualsInterceptor
instanceKlass org/springframework/aop/framework/CglibAopProxy$SerializableNoOp
instanceKlass org/springframework/aop/framework/CglibAopProxy$DynamicUnadvisedInterceptor
instanceKlass org/springframework/aop/framework/CglibAopProxy$DynamicAdvisedInterceptor
instanceKlass com/netflix/appinfo/ApplicationInfoManager$StatusChangeListener
instanceKlass com/netflix/appinfo/ApplicationInfoManager$InstanceStatusMapper
instanceKlass  @bci org/springframework/aop/framework/CglibAopProxy validateClassIfNecessary (Ljava/lang/Class;Ljava/lang/ClassLoader;)V 33 <appendix> member <vmtarget> ; # org/springframework/aop/framework/CglibAopProxy$$Lambda+0x000001f74b41d670
instanceKlass org/springframework/aop/framework/CglibAopProxy$AdvisedDispatcher
instanceKlass  @bci org/springframework/cglib/transform/impl/UndeclaredThrowableStrategy <clinit> ()V 0 <appendix> argL0 ; # org/springframework/cglib/transform/impl/UndeclaredThrowableStrategy$$Lambda+0x000001f74b41d200
instanceKlass  @cpi org/springframework/cglib/transform/impl/UndeclaredThrowableStrategy 86 form vmentry <vmtarget> ; # java/lang/invoke/LambdaForm$DMH+0x000001f74b419c00
# instanceKlass java/lang/invoke/LambdaForm$DMH+0x000001f74b419800
instanceKlass org/springframework/cglib/transform/MethodFilter
instanceKlass org/springframework/aop/framework/CglibAopProxy
instanceKlass org/springframework/aop/TruePointcut
instanceKlass org/springframework/aop/support/AbstractPointcutAdvisor
# instanceKlass java/lang/invoke/LambdaForm$MH+0x000001f74b419400
# instanceKlass java/lang/invoke/LambdaForm$MH+0x000001f74b419000
# instanceKlass java/lang/invoke/LambdaForm$MH+0x000001f74b418c00
# instanceKlass java/lang/invoke/LambdaForm$MH+0x000001f74b418800
# instanceKlass java/lang/invoke/LambdaForm$BMH+0x000001f74b418400
# instanceKlass java/lang/invoke/LambdaForm$DMH+0x000001f74b418000
instanceKlass com/netflix/discovery/shared/Application
instanceKlass com/netflix/appinfo/InstanceInfo
instanceKlass com/netflix/appinfo/HealthCheckCallback
instanceKlass com/netflix/discovery/EurekaEventListener
instanceKlass com/netflix/discovery/shared/Applications
instanceKlass org/springframework/aop/framework/JdkDynamicAopProxy$ProxiedInterfacesCache
instanceKlass org/springframework/aop/framework/JdkDynamicAopProxy
instanceKlass org/springframework/aop/PointcutAdvisor
instanceKlass org/springframework/aop/Advisor$1
instanceKlass org/springframework/aop/support/DefaultIntroductionAdvisor
instanceKlass org/springframework/aop/ClassFilter
instanceKlass org/springframework/aop/IntroductionAdvisor
instanceKlass org/springframework/aop/support/IntroductionInfoSupport
instanceKlass org/springframework/aop/IntroductionInfo
instanceKlass org/springframework/aop/IntroductionInterceptor
instanceKlass org/springframework/aop/DynamicIntroductionAdvice
instanceKlass org/springframework/aop/scope/DefaultScopedObject
instanceKlass org/springframework/aop/scope/ScopedObject
instanceKlass org/springframework/aop/RawTargetAccess
instanceKlass org/springframework/aop/framework/AopProxy
instanceKlass org/springframework/aop/framework/DefaultAopProxyFactory
instanceKlass org/springframework/aop/framework/DefaultAdvisorChainFactory
instanceKlass org/springframework/aop/target/EmptyTargetSource
instanceKlass org/springframework/aop/framework/AopProxyFactory
instanceKlass org/springframework/aop/framework/AdvisorChainFactory
instanceKlass org/springframework/aop/target/AbstractBeanFactoryBasedTargetSource
instanceKlass org/aopalliance/intercept/MethodInvocation
instanceKlass org/aopalliance/intercept/Invocation
instanceKlass org/aopalliance/intercept/Joinpoint
instanceKlass org/springframework/jmx/export/annotation/ManagedResource
instanceKlass org/springframework/web/servlet/handler/AbstractHandlerMethodMapping$MappingRegistration
instanceKlass  @bci org/springframework/core/annotation/MergedAnnotationPredicates typeIn ([Ljava/lang/String;)Ljava/util/function/Predicate; 1 <appendix> member <vmtarget> ; # org/springframework/core/annotation/MergedAnnotationPredicates$$Lambda+0x000001f74b413ab0
instanceKlass org/springframework/web/method/HandlerMethod$MethodValidationInitializer
instanceKlass  @bci org/springframework/web/servlet/handler/AbstractHandlerMethodMapping detectHandlerMethods (Ljava/lang/Object;)V 116 <appendix> member <vmtarget> ; # org/springframework/web/servlet/handler/AbstractHandlerMethodMapping$$Lambda+0x000001f74b413650
instanceKlass org/springframework/web/util/pattern/PathPattern$MatchingContext
instanceKlass org/springframework/util/UnmodifiableMultiValueMap
instanceKlass org/springframework/http/server/DefaultPathContainer$DefaultPathSegment
instanceKlass  @bci org/springframework/web/servlet/mvc/method/annotation/RequestMappingHandlerMapping createRequestMappingInfo (Ljava/lang/reflect/AnnotatedElement;)Lorg/springframework/web/servlet/mvc/method/RequestMappingInfo; 154 <appendix> argL0 ; # org/springframework/web/servlet/mvc/method/annotation/RequestMappingHandlerMapping$$Lambda+0x000001f74b412b90
instanceKlass org/springframework/web/servlet/mvc/method/RequestMappingInfo$DefaultBuilder
instanceKlass  @bci org/springframework/http/MediaType <init> (Lorg/springframework/util/MimeType;)V 10 <appendix> member <vmtarget> ; # org/springframework/http/MediaType$$Lambda+0x000001f74b4123c8
instanceKlass org/springframework/util/ConcurrentLruCache$AddTask
instanceKlass org/springframework/util/ConcurrentLruCache$WriteOperations
instanceKlass org/springframework/util/ConcurrentLruCache$ReadOperations
instanceKlass org/springframework/util/ConcurrentLruCache$EvictionQueue
instanceKlass  @bci org/springframework/util/MimeTypeUtils <clinit> ()V 401 <appendix> argL0 ; # org/springframework/util/MimeTypeUtils$$Lambda+0x000001f74b410718
instanceKlass org/springframework/util/ConcurrentLruCache
instanceKlass org/springframework/util/MimeTypeUtils
instanceKlass org/springframework/web/servlet/mvc/condition/AbstractMediaTypeExpression
instanceKlass org/springframework/web/servlet/mvc/condition/MediaTypeExpression
instanceKlass java/util/Comparators$NullComparator
instanceKlass  @bci org/springframework/web/util/pattern/PathPattern <clinit> ()V 36 <appendix> argL0 ; # org/springframework/web/util/pattern/PathPattern$$Lambda+0x000001f74b40f238
instanceKlass  @bci org/springframework/web/util/pattern/PathPattern <clinit> ()V 26 <appendix> argL0 ; # org/springframework/web/util/pattern/PathPattern$$Lambda+0x000001f74b40f008
instanceKlass  @bci java/util/Comparator thenComparing (Ljava/util/Comparator;)Ljava/util/Comparator; 7 <appendix> member <vmtarget> ; # java/util/Comparator$$Lambda+0x000001f74b2ec448
instanceKlass  @bci org/springframework/web/util/pattern/PathPattern <clinit> ()V 16 <appendix> argL0 ; # org/springframework/web/util/pattern/PathPattern$$Lambda+0x000001f74b40edd8
instanceKlass  @bci org/springframework/web/util/pattern/PathPattern <clinit> ()V 8 <appendix> argL0 ; # org/springframework/web/util/pattern/PathPattern$$Lambda+0x000001f74b40eba8
instanceKlass org/springframework/http/server/DefaultPathContainer$DefaultSeparator
instanceKlass org/springframework/http/server/PathContainer$Separator
instanceKlass org/springframework/http/server/PathContainer$PathSegment
instanceKlass org/springframework/http/server/PathContainer$Element
instanceKlass org/springframework/http/server/DefaultPathContainer
instanceKlass org/springframework/web/util/pattern/PathElement
instanceKlass org/springframework/web/util/pattern/InternalPathPatternParser
instanceKlass org/springframework/web/servlet/mvc/method/RequestMappingInfo$Builder
instanceKlass  @bci org/springframework/web/servlet/mvc/method/annotation/RequestMappingHandlerMapping createRequestMappingInfo (Ljava/lang/reflect/AnnotatedElement;)Lorg/springframework/web/servlet/mvc/method/RequestMappingInfo; 46 <appendix> argL0 ; # org/springframework/web/servlet/mvc/method/annotation/RequestMappingHandlerMapping$$Lambda+0x000001f74b40cce0
instanceKlass  @bci org/springframework/web/servlet/mvc/method/annotation/RequestMappingHandlerMapping getAnnotationDescriptors (Ljava/lang/reflect/AnnotatedElement;)Ljava/util/List; 52 <appendix> argL0 ; # org/springframework/web/servlet/mvc/method/annotation/RequestMappingHandlerMapping$$Lambda+0x000001f74b40ca90
instanceKlass org/springframework/core/annotation/MergedAnnotationPredicates$FirstRunOfPredicate
instanceKlass  @bci org/springframework/web/servlet/mvc/method/annotation/RequestMappingHandlerMapping getAnnotationDescriptors (Ljava/lang/reflect/AnnotatedElement;)Ljava/util/List; 39 <appendix> argL0 ; # org/springframework/web/servlet/mvc/method/annotation/RequestMappingHandlerMapping$$Lambda+0x000001f74b40c5c8
instanceKlass  @bci org/springframework/core/MethodIntrospector selectMethods (Ljava/lang/Class;Lorg/springframework/core/MethodIntrospector$MetadataLookup;)Ljava/util/Map; 102 <appendix> member <vmtarget> ; # org/springframework/core/MethodIntrospector$$Lambda+0x000001f74b40c390
instanceKlass org/springframework/core/MethodIntrospector
instanceKlass  @bci org/springframework/web/servlet/handler/AbstractHandlerMethodMapping detectHandlerMethods (Ljava/lang/Object;)V 42 <appendix> member <vmtarget> ; # org/springframework/web/servlet/handler/AbstractHandlerMethodMapping$$Lambda+0x000001f74b40bf40
instanceKlass org/springframework/core/MethodIntrospector$MetadataLookup
instanceKlass org/springframework/web/util/pattern/PathPattern
instanceKlass org/springframework/web/servlet/mvc/condition/AbstractRequestCondition
instanceKlass org/springframework/web/servlet/mvc/method/annotation/RequestMappingHandlerMapping$AnnotationDescriptor
instanceKlass org/springframework/web/bind/annotation/CrossOrigin
instanceKlass org/springframework/web/service/annotation/HttpExchange
instanceKlass org/springframework/web/servlet/mvc/method/RequestMappingInfo
instanceKlass org/springframework/web/servlet/mvc/condition/RequestCondition
instanceKlass org/springframework/web/servlet/mvc/method/RequestMappingInfo$BuilderConfiguration
instanceKlass org/springframework/web/servlet/mvc/method/RequestMappingInfoHandlerMethodMappingNamingStrategy
instanceKlass org/springframework/web/servlet/handler/AbstractHandlerMethodMapping$MappingRegistry
instanceKlass org/springframework/http/HttpHeaders
instanceKlass org/springframework/web/servlet/mvc/method/RequestMappingInfoHandlerMapping$HttpOptionsHandler
instanceKlass  @bci org/springframework/web/cors/CorsConfiguration addAllowedOriginPattern (Ljava/lang/String;)V 26 <appendix> member <vmtarget> ; # org/springframework/web/cors/CorsConfiguration$$Lambda+0x000001f74b409d18
instanceKlass org/springframework/web/cors/CorsConfiguration$OriginPattern
instanceKlass  @bci org/springframework/core/annotation/AnnotatedElementUtils findMergedAnnotation (Ljava/lang/reflect/AnnotatedElement;Ljava/lang/Class;)Ljava/lang/annotation/Annotation; 41 <appendix> argL0 ; # org/springframework/core/annotation/AnnotatedElementUtils$$Lambda+0x000001f74b409680
instanceKlass org/springframework/web/bind/annotation/ResponseStatus
instanceKlass org/springframework/web/servlet/handler/AbstractHandlerMethodMapping$EmptyHandler
instanceKlass org/springframework/core/annotation/AnnotatedMethod
instanceKlass org/springframework/web/servlet/handler/HandlerMethodMappingNamingStrategy
# instanceKlass java/lang/invoke/LambdaForm$MH+0x000001f74b401800
# instanceKlass java/lang/invoke/LambdaForm$MH+0x000001f74b401400
# instanceKlass java/lang/invoke/LambdaForm$MH+0x000001f74b401000
instanceKlass  @bci org/springframework/core/annotation/AnnotationUtils getAnnotationAttributes (Ljava/lang/reflect/AnnotatedElement;Ljava/lang/annotation/Annotation;ZZ)Lorg/springframework/core/annotation/AnnotationAttributes; 17 <appendix> argL0 ; # org/springframework/core/annotation/AnnotationUtils$$Lambda+0x000001f74b4037e0
instanceKlass  @bci org/springframework/core/annotation/TypeMappedAnnotation from (Ljava/lang/Object;Ljava/lang/annotation/Annotation;)Lorg/springframework/core/annotation/MergedAnnotation; 29 <appendix> argL0 ; # org/springframework/core/annotation/TypeMappedAnnotation$$Lambda+0x000001f74b4035b0
instanceKlass org/springframework/web/context/request/NativeWebRequest
instanceKlass  @bci org/springframework/web/accept/MappingMediaTypeFileExtensionResolver addFileExtension (Lorg/springframework/http/MediaType;Ljava/lang/String;)V 5 <appendix> argL0 ; # org/springframework/web/accept/MappingMediaTypeFileExtensionResolver$$Lambda+0x000001f74b4030f8
instanceKlass  @bci org/springframework/web/accept/MappingMediaTypeFileExtensionResolver <init> (Ljava/util/Map;)V 58 <appendix> member <vmtarget> ; # org/springframework/web/accept/MappingMediaTypeFileExtensionResolver$$Lambda+0x000001f74b402eb0
instanceKlass org/springframework/web/accept/HeaderContentNegotiationStrategy
instanceKlass  @bci org/springframework/web/accept/ContentNegotiationManagerFactoryBean addMediaTypes (Ljava/util/Map;)V 6 <appendix> member <vmtarget> ; # org/springframework/web/accept/ContentNegotiationManagerFactoryBean$$Lambda+0x000001f74b402828
instanceKlass  @bci org/springframework/boot/autoconfigure/web/servlet/WebMvcAutoConfiguration$WebMvcAutoConfigurationAdapter configureContentNegotiation (Lorg/springframework/web/servlet/config/annotation/ContentNegotiationConfigurer;)V 51 <appendix> member <vmtarget> ; # org/springframework/boot/autoconfigure/web/servlet/WebMvcAutoConfiguration$WebMvcAutoConfigurationAdapter$$Lambda+0x000001f74b4025e0
instanceKlass org/springframework/web/accept/MappingMediaTypeFileExtensionResolver
instanceKlass org/springframework/web/accept/ContentNegotiationManagerFactoryBean
instanceKlass org/springframework/web/servlet/config/annotation/WebMvcConfigurationSupport$NoOpValidator
instanceKlass org/springframework/web/servlet/view/DefaultRequestToViewNameTranslator
instanceKlass org/springframework/web/servlet/support/AbstractFlashMapManager
instanceKlass org/springframework/web/servlet/theme/AbstractThemeResolver
instanceKlass org/springframework/web/servlet/i18n/AbstractLocaleResolver
instanceKlass  @bci org/springframework/boot/autoconfigure/web/servlet/WebMvcAutoConfiguration$EnableWebMvcConfiguration welcomePageNotAcceptableHandlerMapping (Lorg/springframework/context/ApplicationContext;Lorg/springframework/format/support/FormattingConversionService;Lorg/springframework/web/servlet/resource/ResourceUrlProvider;)Lorg/springframework/boot/autoconfigure/web/servlet/WelcomePageNotAcceptableHandlerMapping; 4 <appendix> argL0 ; # org/springframework/boot/autoconfigure/web/servlet/WebMvcAutoConfiguration$EnableWebMvcConfiguration$$Lambda+0x000001f74b406790
# instanceKlass java/lang/invoke/LambdaForm$MH+0x000001f74b400c00
instanceKlass org/springframework/web/servlet/handler/MappedInterceptor
instanceKlass org/springframework/web/cors/CorsConfiguration
instanceKlass io/micrometer/observation/Observation$Context
instanceKlass io/micrometer/observation/Observation$ContextView
instanceKlass io/micrometer/observation/transport/ResponseContext
instanceKlass org/springframework/http/server/RequestPath
instanceKlass org/springframework/web/servlet/handler/RequestMatchResult
instanceKlass  @bci org/springframework/web/servlet/config/annotation/InterceptorRegistry lambda$static$0 (Ljava/lang/Object;)Ljava/lang/Object; 18 <appendix> member <vmtarget> ; # org/springframework/web/servlet/config/annotation/InterceptorRegistry$$Lambda+0x000001f74b404a38
instanceKlass  @bci org/springframework/web/servlet/config/annotation/InterceptorRegistry getInterceptors ()Ljava/util/List; 17 <appendix> argL0 ; # org/springframework/web/servlet/config/annotation/InterceptorRegistry$$Lambda+0x000001f74b4047e8
instanceKlass org/springframework/web/servlet/resource/ResourceUrlProviderExposingInterceptor
instanceKlass org/springframework/web/servlet/handler/ConversionServiceExposingInterceptor
instanceKlass org/springframework/web/servlet/config/annotation/InterceptorRegistration
instanceKlass org/springframework/cloud/commons/security/ResourceServerTokenRelayAutoConfiguration$ResourceServerTokenRelayRegistrationAutoConfiguration$1
instanceKlass  @bci org/springframework/web/servlet/config/annotation/InterceptorRegistry <clinit> ()V 3 <appendix> argL0 ; # org/springframework/web/servlet/config/annotation/InterceptorRegistry$$Lambda+0x000001f74b3fb468
instanceKlass org/springframework/boot/autoconfigure/web/servlet/WelcomePage
instanceKlass org/springframework/http/server/ServerHttpResponse
instanceKlass org/springframework/web/cors/DefaultCorsProcessor
instanceKlass org/springframework/http/server/PathContainer$Options
instanceKlass  @bci org/springframework/boot/autoconfigure/web/servlet/WebMvcAutoConfiguration$EnableWebMvcConfiguration welcomePageHandlerMapping (Lorg/springframework/context/ApplicationContext;Lorg/springframework/format/support/FormattingConversionService;Lorg/springframework/web/servlet/resource/ResourceUrlProvider;)Lorg/springframework/boot/autoconfigure/web/servlet/WelcomePageHandlerMapping; 4 <appendix> argL0 ; # org/springframework/boot/autoconfigure/web/servlet/WebMvcAutoConfiguration$EnableWebMvcConfiguration$$Lambda+0x000001f74b3fa930
instanceKlass org/springframework/http/server/PathContainer
instanceKlass org/springframework/web/cors/CorsProcessor
# instanceKlass java/lang/invoke/LambdaForm$MH+0x000001f74b400800
# instanceKlass java/lang/invoke/LambdaForm$MH+0x000001f74b400400
# instanceKlass java/lang/invoke/LambdaForm$MH+0x000001f74b400000
# instanceKlass java/lang/invoke/LambdaForm$MH+0x000001f74b3ffc00
instanceKlass org/springframework/web/servlet/resource/ResourceResolverChain
instanceKlass org/springframework/boot/autoconfigure/web/format/DateTimeFormatters
# instanceKlass java/lang/invoke/LambdaForm$MH+0x000001f74b3ff800
# instanceKlass java/lang/invoke/LambdaForm$MH+0x000001f74b3ff400
# instanceKlass java/lang/invoke/LambdaForm$MH+0x000001f74b3ff000
# instanceKlass java/lang/invoke/LambdaForm$MH+0x000001f74b3fec00
# instanceKlass java/lang/invoke/LambdaForm$MH+0x000001f74b3fe800
# instanceKlass java/lang/invoke/LambdaForm$MH+0x000001f74b3fe400
# instanceKlass java/lang/invoke/LambdaForm$MH+0x000001f74b3fe000
# instanceKlass java/lang/invoke/LambdaForm$MH+0x000001f74b3fdc00
# instanceKlass java/lang/invoke/LambdaForm$DMH+0x000001f74b3fd800
instanceKlass org/springframework/web/servlet/config/annotation/WebMvcConfigurerComposite
# instanceKlass java/lang/invoke/LambdaForm$MH+0x000001f74b3fd400
# instanceKlass java/lang/invoke/LambdaForm$MH+0x000001f74b3fd000
# instanceKlass java/lang/invoke/LambdaForm$MH+0x000001f74b3fcc00
# instanceKlass java/lang/invoke/LambdaForm$MH+0x000001f74b3fc800
instanceKlass org/springframework/boot/autoconfigure/web/servlet/WebMvcAutoConfiguration$ResourceHandlerRegistrationCustomizer
instanceKlass org/springframework/boot/autoconfigure/web/servlet/WebMvcRegistrations
instanceKlass org/springframework/web/bind/annotation/ExceptionHandler
# instanceKlass java/lang/invoke/LambdaForm$MH+0x000001f74b3fc400
# instanceKlass java/lang/invoke/LambdaForm$MH+0x000001f74b3fc000
instanceKlass org/springframework/validation/BindingResult
instanceKlass org/springframework/boot/web/error/ErrorAttributeOptions
instanceKlass org/springframework/validation/method/MethodValidationResult
instanceKlass org/springframework/http/HttpStatusCode
instanceKlass  @bci org/springframework/boot/convert/DurationStyle$Unit <clinit> ()V 151 <appendix> argL0 ; # org/springframework/boot/convert/DurationStyle$Unit$$Lambda+0x000001f74b3f84a0
instanceKlass  @bci org/springframework/boot/convert/DurationStyle$Unit <clinit> ()V 127 <appendix> argL0 ; # org/springframework/boot/convert/DurationStyle$Unit$$Lambda+0x000001f74b3f8250
instanceKlass  @bci org/springframework/boot/convert/DurationStyle$Unit <clinit> ()V 104 <appendix> argL0 ; # org/springframework/boot/convert/DurationStyle$Unit$$Lambda+0x000001f74b3f8000
instanceKlass  @bci org/springframework/boot/convert/DurationStyle$Unit <clinit> ()V 81 <appendix> argL0 ; # org/springframework/boot/convert/DurationStyle$Unit$$Lambda+0x000001f74b3f5ca0
instanceKlass  @bci org/springframework/boot/convert/DurationStyle$Unit <clinit> ()V 58 <appendix> argL0 ; # org/springframework/boot/convert/DurationStyle$Unit$$Lambda+0x000001f74b3f5a50
instanceKlass  @bci org/springframework/boot/convert/DurationStyle$Unit <clinit> ()V 35 <appendix> argL0 ; # org/springframework/boot/convert/DurationStyle$Unit$$Lambda+0x000001f74b3f5800
instanceKlass  @bci org/springframework/boot/convert/DurationStyle$Unit <clinit> ()V 12 <appendix> argL0 ; # org/springframework/boot/convert/DurationStyle$Unit$$Lambda+0x000001f74b3f7c10
instanceKlass  @bci org/springframework/core/annotation/AnnotatedElementUtils getMergedAnnotation (Ljava/lang/reflect/AnnotatedElement;Ljava/lang/Class;)Ljava/lang/annotation/Annotation; 41 <appendix> argL0 ; # org/springframework/core/annotation/AnnotatedElementUtils$$Lambda+0x000001f74b3f7060
# instanceKlass java/lang/invoke/LambdaForm$MH+0x000001f74b3f5400
instanceKlass org/springframework/boot/convert/DurationFormat
instanceKlass org/springframework/boot/autoconfigure/web/WebProperties$Resources$Cache$Cachecontrol
instanceKlass org/springframework/boot/autoconfigure/web/WebProperties$Resources$Cache
instanceKlass org/springframework/boot/autoconfigure/web/WebProperties$Resources$Chain$Strategy$Content
instanceKlass org/springframework/boot/autoconfigure/web/WebProperties$Resources$Chain$Strategy$Fixed
instanceKlass org/springframework/boot/autoconfigure/web/WebProperties$Resources$Chain$Strategy
instanceKlass org/springframework/context/support/MessageSourceAccessor
instanceKlass org/springframework/boot/autoconfigure/web/servlet/error/ErrorMvcAutoConfiguration$StaticView
instanceKlass  @bci org/springframework/boot/task/SimpleAsyncTaskExecutorBuilder append (Ljava/util/Set;Ljava/lang/Iterable;)Ljava/util/Set; 26 <appendix> member <vmtarget> ; # org/springframework/boot/task/SimpleAsyncTaskExecutorBuilder$$Lambda+0x000001f74b3f3888
instanceKlass  @bci org/springframework/boot/autoconfigure/task/TaskExecutorConfigurations$SimpleAsyncTaskExecutorBuilderConfiguration builder ()Lorg/springframework/boot/task/SimpleAsyncTaskExecutorBuilder; 35 <appendix> member <vmtarget> ; # org/springframework/boot/autoconfigure/task/TaskExecutorConfigurations$SimpleAsyncTaskExecutorBuilderConfiguration$$Lambda+0x000001f74b3f3630
# instanceKlass java/lang/invoke/LambdaForm$MH+0x000001f74b3f5000
# instanceKlass java/lang/invoke/LambdaForm$MH+0x000001f74b3f4c00
instanceKlass org/springframework/boot/task/SimpleAsyncTaskExecutorCustomizer
instanceKlass  @bci org/springframework/boot/task/ThreadPoolTaskExecutorBuilder append (Ljava/util/Set;Ljava/lang/Iterable;)Ljava/util/Set; 26 <appendix> member <vmtarget> ; # org/springframework/boot/task/ThreadPoolTaskExecutorBuilder$$Lambda+0x000001f74b3f31e0
instanceKlass  @bci org/springframework/boot/autoconfigure/task/TaskExecutorConfigurations$ThreadPoolTaskExecutorBuilderConfiguration threadPoolTaskExecutorBuilder (Lorg/springframework/boot/autoconfigure/task/TaskExecutionProperties;Lorg/springframework/beans/factory/ObjectProvider;Lorg/springframework/beans/factory/ObjectProvider;)Lorg/springframework/boot/task/ThreadPoolTaskExecutorBuilder; 144 <appendix> member <vmtarget> ; # org/springframework/boot/autoconfigure/task/TaskExecutorConfigurations$ThreadPoolTaskExecutorBuilderConfiguration$$Lambda+0x000001f74b3f2f88
instanceKlass org/springframework/boot/autoconfigure/task/TaskExecutorConfigurations
# instanceKlass java/lang/invoke/LambdaForm$MH+0x000001f74b3f4800
instanceKlass org/springframework/boot/autoconfigure/task/TaskExecutionProperties$Pool$Shutdown
instanceKlass org/springframework/core/task/TaskDecorator
instanceKlass org/springframework/boot/task/ThreadPoolTaskExecutorCustomizer
instanceKlass  @bci org/springframework/boot/validation/beanvalidation/MethodValidationExcludeFilter byAnnotation (Ljava/lang/Class;Lorg/springframework/core/annotation/MergedAnnotations$SearchStrategy;)Lorg/springframework/boot/validation/beanvalidation/MethodValidationExcludeFilter; 2 <appendix> member <vmtarget> ; # org/springframework/boot/validation/beanvalidation/MethodValidationExcludeFilter$$Lambda+0x000001f74b3f2910
# instanceKlass java/lang/invoke/LambdaForm$MH+0x000001f74b3f4400
# instanceKlass java/lang/invoke/LambdaForm$MH+0x000001f74b3f4000
instanceKlass  @bci org/springframework/core/convert/TypeDescriptor <init> (Lorg/springframework/core/MethodParameter;)V 29 <appendix> member <vmtarget> ; # org/springframework/core/convert/TypeDescriptor$$Lambda+0x000001f74b3f2458
instanceKlass software/amazon/awssdk/services/s3/paginators/ListPartsIterable
instanceKlass software/amazon/awssdk/services/s3/paginators/ListObjectsV2Iterable
instanceKlass software/amazon/awssdk/services/s3/paginators/ListDirectoryBucketsIterable
instanceKlass software/amazon/awssdk/services/s3/paginators/ListMultipartUploadsIterable
instanceKlass software/amazon/awssdk/services/s3/paginators/ListObjectVersionsIterable
instanceKlass software/amazon/awssdk/core/pagination/sync/SdkIterable
instanceKlass software/amazon/awssdk/core/internal/io/Releasable
instanceKlass software/amazon/awssdk/core/RequestOverrideConfiguration
instanceKlass software/amazon/awssdk/metrics/MetricPublisher
instanceKlass software/amazon/awssdk/services/s3/S3Utilities
instanceKlass software/amazon/awssdk/core/sync/RequestBody
instanceKlass software/amazon/awssdk/services/s3/waiters/S3Waiter
instanceKlass software/amazon/awssdk/core/sync/ResponseTransformer
instanceKlass  @bci software/amazon/awssdk/utils/ConditionalDecorator decorate (Ljava/lang/Object;Ljava/util/List;)Ljava/lang/Object; 23 <appendix> argL0 ; # software/amazon/awssdk/utils/ConditionalDecorator$$Lambda+0x000001f74b3e1c28
instanceKlass  @bci software/amazon/awssdk/utils/ConditionalDecorator decorate (Ljava/lang/Object;Ljava/util/List;)Ljava/lang/Object; 18 <appendix> argL0 ; # software/amazon/awssdk/utils/ConditionalDecorator$$Lambda+0x000001f74b3e19e8
instanceKlass  @bci software/amazon/awssdk/utils/ConditionalDecorator decorate (Ljava/lang/Object;Ljava/util/List;)Ljava/lang/Object; 7 <appendix> member <vmtarget> ; # software/amazon/awssdk/utils/ConditionalDecorator$$Lambda+0x000001f74b3e1780
instanceKlass software/amazon/awssdk/utils/internal/DefaultConditionalDecorator
instanceKlass software/amazon/awssdk/utils/internal/DefaultConditionalDecorator$Builder
instanceKlass software/amazon/awssdk/utils/ConditionalDecorator
instanceKlass  @bci software/amazon/awssdk/services/s3/internal/client/S3SyncClientDecorator decorate (Lsoftware/amazon/awssdk/services/s3/S3Client;Lsoftware/amazon/awssdk/core/client/config/SdkClientConfiguration;)Lsoftware/amazon/awssdk/services/s3/S3Client; 27 <appendix> argL0 ; # software/amazon/awssdk/services/s3/internal/client/S3SyncClientDecorator$$Lambda+0x000001f74b3e10b8
instanceKlass software/amazon/awssdk/services/s3/DelegatingS3Client
instanceKlass  @bci software/amazon/awssdk/services/s3/internal/client/S3SyncClientDecorator isCrossRegionEnabledSync (Lsoftware/amazon/awssdk/utils/AttributeMap;)Ljava/util/function/Predicate; 12 <appendix> member <vmtarget> ; # software/amazon/awssdk/services/s3/internal/client/S3SyncClientDecorator$$Lambda+0x000001f74b3db5c8
instanceKlass software/amazon/awssdk/services/s3/internal/client/S3SyncClientDecorator
instanceKlass software/amazon/awssdk/core/http/MetricCollectingHttpResponseHandler
instanceKlass java/util/stream/Streams$2
instanceKlass java/util/stream/Streams$ConcatSpliterator
instanceKlass software/amazon/awssdk/metrics/SdkMetric
instanceKlass software/amazon/awssdk/core/metrics/CoreMetric
instanceKlass software/amazon/awssdk/protocols/query/internal/unmarshall/AwsXmlErrorUnmarshaller$Builder
instanceKlass software/amazon/awssdk/protocols/query/internal/unmarshall/AwsXmlErrorUnmarshaller
instanceKlass  @bci software/amazon/awssdk/protocols/xml/AwsXmlProtocolFactory <init> (Lsoftware/amazon/awssdk/protocols/xml/AwsXmlProtocolFactory$Builder;)V 57 <appendix> member <vmtarget> ; # software/amazon/awssdk/protocols/xml/AwsXmlProtocolFactory$$Lambda+0x000001f74b3dfc58
instanceKlass software/amazon/awssdk/protocols/query/unmarshall/XmlElement
instanceKlass software/amazon/awssdk/protocols/query/unmarshall/AwsXmlErrorProtocolUnmarshaller$Builder
instanceKlass software/amazon/awssdk/protocols/query/unmarshall/AwsXmlErrorProtocolUnmarshaller
instanceKlass  @bci software/amazon/awssdk/services/s3/DefaultS3Client init ()Lsoftware/amazon/awssdk/protocols/xml/AwsS3ProtocolFactory; 293 <appendix> argL0 ; # software/amazon/awssdk/services/s3/DefaultS3Client$$Lambda+0x000001f74b3df3a0
instanceKlass  @bci software/amazon/awssdk/services/s3/DefaultS3Client init ()Lsoftware/amazon/awssdk/protocols/xml/AwsS3ProtocolFactory; 257 <appendix> argL0 ; # software/amazon/awssdk/services/s3/DefaultS3Client$$Lambda+0x000001f74b3df170
instanceKlass software/amazon/awssdk/services/s3/model/ObjectNotInActiveTierErrorException$Builder
instanceKlass  @bci software/amazon/awssdk/services/s3/DefaultS3Client init ()Lsoftware/amazon/awssdk/protocols/xml/AwsS3ProtocolFactory; 222 <appendix> argL0 ; # software/amazon/awssdk/services/s3/DefaultS3Client$$Lambda+0x000001f74b3dec18
instanceKlass software/amazon/awssdk/services/s3/model/NoSuchBucketException$Builder
instanceKlass  @bci software/amazon/awssdk/services/s3/DefaultS3Client init ()Lsoftware/amazon/awssdk/protocols/xml/AwsS3ProtocolFactory; 187 <appendix> argL0 ; # software/amazon/awssdk/services/s3/DefaultS3Client$$Lambda+0x000001f74b3de6c0
instanceKlass software/amazon/awssdk/services/s3/model/BucketAlreadyExistsException$Builder
instanceKlass  @bci software/amazon/awssdk/services/s3/DefaultS3Client init ()Lsoftware/amazon/awssdk/protocols/xml/AwsS3ProtocolFactory; 152 <appendix> argL0 ; # software/amazon/awssdk/services/s3/DefaultS3Client$$Lambda+0x000001f74b3de168
instanceKlass software/amazon/awssdk/services/s3/model/ObjectAlreadyInActiveTierErrorException$Builder
instanceKlass  @bci software/amazon/awssdk/services/s3/DefaultS3Client init ()Lsoftware/amazon/awssdk/protocols/xml/AwsS3ProtocolFactory; 117 <appendix> argL0 ; # software/amazon/awssdk/services/s3/DefaultS3Client$$Lambda+0x000001f74b3ddc10
instanceKlass software/amazon/awssdk/services/s3/model/NoSuchKeyException$Builder
instanceKlass  @bci software/amazon/awssdk/services/s3/DefaultS3Client init ()Lsoftware/amazon/awssdk/protocols/xml/AwsS3ProtocolFactory; 82 <appendix> argL0 ; # software/amazon/awssdk/services/s3/DefaultS3Client$$Lambda+0x000001f74b3dd6b8
instanceKlass software/amazon/awssdk/services/s3/model/BucketAlreadyOwnedByYouException$Builder
instanceKlass  @bci software/amazon/awssdk/services/s3/DefaultS3Client init ()Lsoftware/amazon/awssdk/protocols/xml/AwsS3ProtocolFactory; 47 <appendix> argL0 ; # software/amazon/awssdk/services/s3/DefaultS3Client$$Lambda+0x000001f74b3dd160
instanceKlass software/amazon/awssdk/services/s3/model/InvalidObjectStateException$Builder
instanceKlass  @bci software/amazon/awssdk/services/s3/DefaultS3Client init ()Lsoftware/amazon/awssdk/protocols/xml/AwsS3ProtocolFactory; 12 <appendix> argL0 ; # software/amazon/awssdk/services/s3/DefaultS3Client$$Lambda+0x000001f74b3dcc08
instanceKlass software/amazon/awssdk/services/s3/model/NoSuchUploadException$Builder
instanceKlass software/amazon/awssdk/services/s3/model/S3Exception$Builder
instanceKlass software/amazon/awssdk/awscore/exception/AwsServiceException$Builder
instanceKlass software/amazon/awssdk/core/exception/SdkServiceException$Builder
instanceKlass software/amazon/awssdk/core/exception/SdkException$Builder
instanceKlass software/amazon/awssdk/protocols/core/ExceptionMetadata$Builder
instanceKlass software/amazon/awssdk/protocols/core/ExceptionMetadata
instanceKlass  @bci software/amazon/awssdk/protocols/xml/internal/unmarshall/XmlProtocolUnmarshaller createUnmarshallerRegistry ()Lsoftware/amazon/awssdk/protocols/xml/internal/unmarshall/XmlUnmarshallerRegistry; 219 <appendix> argL0 ; # software/amazon/awssdk/protocols/xml/internal/unmarshall/XmlProtocolUnmarshaller$$Lambda+0x000001f74b3d78f8
instanceKlass  @bci software/amazon/awssdk/protocols/xml/internal/unmarshall/XmlProtocolUnmarshaller createUnmarshallerRegistry ()Lsoftware/amazon/awssdk/protocols/xml/internal/unmarshall/XmlUnmarshallerRegistry; 208 <appendix> argL0 ; # software/amazon/awssdk/protocols/xml/internal/unmarshall/XmlProtocolUnmarshaller$$Lambda+0x000001f74b3d76c8
instanceKlass  @bci software/amazon/awssdk/protocols/xml/internal/unmarshall/XmlProtocolUnmarshaller createUnmarshallerRegistry ()Lsoftware/amazon/awssdk/protocols/xml/internal/unmarshall/XmlUnmarshallerRegistry; 197 <appendix> argL0 ; # software/amazon/awssdk/protocols/xml/internal/unmarshall/XmlProtocolUnmarshaller$$Lambda+0x000001f74b3d7498
instanceKlass software/amazon/awssdk/protocols/xml/internal/unmarshall/XmlPayloadUnmarshaller$SimpleTypePayloadUnmarshaller
instanceKlass software/amazon/awssdk/protocols/xml/internal/unmarshall/XmlPayloadUnmarshaller
instanceKlass  @bci software/amazon/awssdk/protocols/xml/internal/unmarshall/HeaderUnmarshaller <clinit> ()V 120 <appendix> argL0 ; # software/amazon/awssdk/protocols/xml/internal/unmarshall/HeaderUnmarshaller$$Lambda+0x000001f74b3d6e10
instanceKlass  @bci software/amazon/awssdk/protocols/xml/internal/unmarshall/HeaderUnmarshaller <clinit> ()V 112 <appendix> argL0 ; # software/amazon/awssdk/protocols/xml/internal/unmarshall/HeaderUnmarshaller$$Lambda+0x000001f74b3d6be0
instanceKlass  @bci software/amazon/awssdk/protocols/core/StringToValueConverter <clinit> ()V 64 <appendix> argL0 ; # software/amazon/awssdk/protocols/core/StringToValueConverter$$Lambda+0x000001f74b3d6988
instanceKlass  @bci software/amazon/awssdk/protocols/core/StringToValueConverter <clinit> ()V 56 <appendix> argL0 ; # software/amazon/awssdk/protocols/core/StringToValueConverter$$Lambda+0x000001f74b3d6730
instanceKlass  @bci software/amazon/awssdk/protocols/core/StringToValueConverter <clinit> ()V 48 <appendix> argL0 ; # software/amazon/awssdk/protocols/core/StringToValueConverter$$Lambda+0x000001f74b3d64d8
instanceKlass  @bci software/amazon/awssdk/protocols/core/StringToValueConverter <clinit> ()V 40 <appendix> argL0 ; # software/amazon/awssdk/protocols/core/StringToValueConverter$$Lambda+0x000001f74b3d6280
instanceKlass  @cpi software/amazon/awssdk/protocols/core/StringToValueConverter 92 form vmentry <vmtarget> ; # java/lang/invoke/LambdaForm$DMH+0x000001f74b3d8800
instanceKlass  @bci software/amazon/awssdk/protocols/core/StringToValueConverter <clinit> ()V 32 <appendix> argL0 ; # software/amazon/awssdk/protocols/core/StringToValueConverter$$Lambda+0x000001f74b3d6028
instanceKlass  @cpi software/amazon/awssdk/protocols/core/StringToValueConverter 89 form vmentry <vmtarget> ; # java/lang/invoke/LambdaForm$DMH+0x000001f74b3d8400
instanceKlass  @bci software/amazon/awssdk/protocols/core/StringToValueConverter <clinit> ()V 24 <appendix> argL0 ; # software/amazon/awssdk/protocols/core/StringToValueConverter$$Lambda+0x000001f74b3d5dd0
instanceKlass  @bci software/amazon/awssdk/protocols/core/StringToValueConverter <clinit> ()V 16 <appendix> argL0 ; # software/amazon/awssdk/protocols/core/StringToValueConverter$$Lambda+0x000001f74b3d5b78
instanceKlass  @bci software/amazon/awssdk/protocols/core/StringToValueConverter <clinit> ()V 8 <appendix> argL0 ; # software/amazon/awssdk/protocols/core/StringToValueConverter$$Lambda+0x000001f74b3d5920
instanceKlass  @bci software/amazon/awssdk/protocols/core/StringToValueConverter <clinit> ()V 0 <appendix> argL0 ; # software/amazon/awssdk/protocols/core/StringToValueConverter$$Lambda+0x000001f74b3d56c8
instanceKlass software/amazon/awssdk/protocols/core/StringToValueConverter$SimpleStringToValue
instanceKlass software/amazon/awssdk/protocols/core/StringToValueConverter
instanceKlass software/amazon/awssdk/protocols/xml/internal/unmarshall/HeaderUnmarshaller$SimpleHeaderUnmarshaller
instanceKlass software/amazon/awssdk/protocols/xml/internal/unmarshall/HeaderUnmarshaller
instanceKlass  @bci software/amazon/awssdk/protocols/xml/internal/unmarshall/XmlProtocolUnmarshaller createUnmarshallerRegistry ()Lsoftware/amazon/awssdk/protocols/xml/internal/unmarshall/XmlUnmarshallerRegistry; 6 <appendix> argL0 ; # software/amazon/awssdk/protocols/xml/internal/unmarshall/XmlProtocolUnmarshaller$$Lambda+0x000001f74b3d4e28
instanceKlass  @cpi software/amazon/awssdk/protocols/xml/internal/unmarshall/HeaderUnmarshaller 141 form vmentry <vmtarget> ; # java/lang/invoke/LambdaForm$DMH+0x000001f74b3d8000
instanceKlass software/amazon/awssdk/core/SdkField
instanceKlass software/amazon/awssdk/protocols/xml/internal/unmarshall/XmlUnmarshallerContext
instanceKlass software/amazon/awssdk/protocols/xml/internal/unmarshall/XmlUnmarshaller
instanceKlass software/amazon/awssdk/core/document/Document
instanceKlass software/amazon/awssdk/core/BytesWrapper
instanceKlass software/amazon/awssdk/core/protocol/MarshallingType$1
instanceKlass software/amazon/awssdk/core/protocol/MarshallingType
instanceKlass software/amazon/awssdk/protocols/core/AbstractMarshallingRegistry$Builder
instanceKlass software/amazon/awssdk/protocols/core/AbstractMarshallingRegistry
instanceKlass software/amazon/awssdk/protocols/core/StringToInstant
instanceKlass software/amazon/awssdk/protocols/core/StringToValueConverter$StringToValue
instanceKlass software/amazon/awssdk/protocols/xml/internal/unmarshall/XmlProtocolUnmarshaller
instanceKlass software/amazon/awssdk/protocols/xml/AwsXmlProtocolFactory$Builder
instanceKlass software/amazon/awssdk/protocols/core/ProtocolMarshaller
instanceKlass software/amazon/awssdk/protocols/query/unmarshall/XmlErrorUnmarshaller
instanceKlass software/amazon/awssdk/core/client/config/SdkClientOptionValidation
instanceKlass software/amazon/awssdk/core/internal/retry/ClockSkewAdjuster
instanceKlass software/amazon/awssdk/core/SdkGlobalTime
instanceKlass software/amazon/awssdk/core/internal/http/SdkClientTime
instanceKlass software/amazon/awssdk/core/internal/http/HttpClientDependencies$Builder
instanceKlass software/amazon/awssdk/core/internal/http/HttpClientDependencies
instanceKlass software/amazon/awssdk/core/internal/http/AmazonSyncHttpClient
instanceKlass software/amazon/awssdk/core/http/HttpResponseHandler
instanceKlass software/amazon/awssdk/http/SdkHttpRequest
instanceKlass software/amazon/awssdk/http/SdkHttpResponse
instanceKlass software/amazon/awssdk/core/interceptor/Context$AfterUnmarshalling
instanceKlass software/amazon/awssdk/core/interceptor/Context$BeforeUnmarshalling
instanceKlass software/amazon/awssdk/core/internal/handler/BaseClientHandler
instanceKlass software/amazon/awssdk/awscore/internal/AwsProtocolMetadata$Builder
instanceKlass software/amazon/awssdk/awscore/internal/AwsProtocolMetadata
instanceKlass software/amazon/awssdk/core/runtime/transform/Marshaller
instanceKlass software/amazon/awssdk/protocols/xml/AwsXmlProtocolFactory
instanceKlass software/amazon/awssdk/core/SdkProtocolMetadata
instanceKlass software/amazon/awssdk/metrics/MetricCollector
instanceKlass software/amazon/awssdk/core/client/handler/SyncClientHandler
instanceKlass software/amazon/awssdk/services/s3/DefaultS3Client
instanceKlass software/amazon/awssdk/identity/spi/IdentityProperty
instanceKlass software/amazon/awssdk/services/s3/internal/s3express/S3ExpressAuthSchemeProvider
instanceKlass  @bci software/amazon/awssdk/utils/AttributeMap$Builder computeIfAbsent (Lsoftware/amazon/awssdk/utils/AttributeMap$Key;Ljava/util/function/Supplier;)Ljava/lang/Object; 14 <appendix> member <vmtarget> ; # software/amazon/awssdk/utils/AttributeMap$Builder$$Lambda+0x000001f74b3c0230
instanceKlass  @bci software/amazon/awssdk/services/s3/internal/S3ServiceClientConfigurationBuilder putAuthScheme (Lsoftware/amazon/awssdk/http/auth/spi/scheme/AuthScheme;)Lsoftware/amazon/awssdk/services/s3/S3ServiceClientConfiguration$Builder; 7 <appendix> argL0 ; # software/amazon/awssdk/services/s3/internal/S3ServiceClientConfigurationBuilder$$Lambda+0x000001f74b3c0000
instanceKlass software/amazon/awssdk/services/s3/internal/s3express/DefaultS3ExpressAuthScheme
instanceKlass software/amazon/awssdk/services/s3/s3express/S3ExpressAuthScheme
instanceKlass software/amazon/awssdk/services/s3/internal/plugins/S3DisableChunkEncodingAuthSchemeProvider
instanceKlass  @bci software/amazon/awssdk/services/s3/internal/plugins/S3DisableChunkEncodingIfConfiguredPlugin configureClient (Lsoftware/amazon/awssdk/core/SdkServiceClientConfiguration$Builder;)V 10 <appendix> argL0 ; # software/amazon/awssdk/services/s3/internal/plugins/S3DisableChunkEncodingIfConfiguredPlugin$$Lambda+0x000001f74b3bf8e8
instanceKlass software/amazon/awssdk/services/s3/internal/S3ServiceClientConfigurationBuilder
instanceKlass software/amazon/awssdk/services/s3/S3ServiceClientConfiguration$Builder
instanceKlass software/amazon/awssdk/awscore/AwsServiceClientConfiguration$Builder
instanceKlass software/amazon/awssdk/services/s3/internal/s3express/S3ExpressPlugin
instanceKlass software/amazon/awssdk/services/s3/internal/plugins/S3DisableChunkEncodingIfConfiguredPlugin
instanceKlass software/amazon/awssdk/core/SdkPlugin
instanceKlass software/amazon/awssdk/core/internal/http/pipeline/stages/ApplyUserAgentStage
instanceKlass software/amazon/awssdk/core/internal/http/pipeline/MutableRequestToRequestPipeline
instanceKlass software/amazon/awssdk/core/internal/http/pipeline/RequestPipeline
instanceKlass  @bci software/amazon/awssdk/core/client/builder/SdkDefaultClientBuilder lambda$resolveMinCompressionThreshold$11 (Lsoftware/amazon/awssdk/utils/AttributeMap$LazyValueSource;)Ljava/util/Optional; 43 <appendix> argL0 ; # software/amazon/awssdk/core/client/builder/SdkDefaultClientBuilder$$Lambda+0x000001f74b3bea78
instanceKlass  @bci software/amazon/awssdk/core/client/builder/SdkDefaultClientBuilder lambda$resolveMinCompressionThreshold$11 (Lsoftware/amazon/awssdk/utils/AttributeMap$LazyValueSource;)Ljava/util/Optional; 35 <appendix> argL0 ; # software/amazon/awssdk/core/client/builder/SdkDefaultClientBuilder$$Lambda+0x000001f74b3be828
instanceKlass  @bci software/amazon/awssdk/core/client/builder/SdkDefaultClientBuilder resolveMinCompressionThreshold (Lsoftware/amazon/awssdk/utils/AttributeMap$LazyValueSource;Lsoftware/amazon/awssdk/core/CompressionConfiguration;)Ljava/lang/Integer; 15 <appendix> member <vmtarget> ; # software/amazon/awssdk/core/client/builder/SdkDefaultClientBuilder$$Lambda+0x000001f74b3be5f0
instanceKlass  @bci software/amazon/awssdk/core/client/builder/SdkDefaultClientBuilder resolveMinCompressionThreshold (Lsoftware/amazon/awssdk/utils/AttributeMap$LazyValueSource;Lsoftware/amazon/awssdk/core/CompressionConfiguration;)Ljava/lang/Integer; 8 <appendix> member <vmtarget> ; # software/amazon/awssdk/core/client/builder/SdkDefaultClientBuilder$$Lambda+0x000001f74b3be3b8
instanceKlass  @bci software/amazon/awssdk/core/client/builder/SdkDefaultClientBuilder lambda$resolveCompressionEnabled$9 (Lsoftware/amazon/awssdk/utils/AttributeMap$LazyValueSource;)Ljava/util/Optional; 43 <appendix> argL0 ; # software/amazon/awssdk/core/client/builder/SdkDefaultClientBuilder$$Lambda+0x000001f74b3be168
instanceKlass  @bci software/amazon/awssdk/core/client/builder/SdkDefaultClientBuilder lambda$resolveCompressionEnabled$9 (Lsoftware/amazon/awssdk/utils/AttributeMap$LazyValueSource;)Ljava/util/Optional; 35 <appendix> argL0 ; # software/amazon/awssdk/core/client/builder/SdkDefaultClientBuilder$$Lambda+0x000001f74b3bdf18
instanceKlass  @bci software/amazon/awssdk/core/client/builder/SdkDefaultClientBuilder lambda$resolveCompressionEnabled$6 ()Ljava/util/Optional; 6 <appendix> argL0 ; # software/amazon/awssdk/core/client/builder/SdkDefaultClientBuilder$$Lambda+0x000001f74b3bdcc8
instanceKlass  @bci software/amazon/awssdk/core/client/builder/SdkDefaultClientBuilder resolveCompressionEnabled (Lsoftware/amazon/awssdk/utils/AttributeMap$LazyValueSource;Lsoftware/amazon/awssdk/core/CompressionConfiguration;)Ljava/lang/Boolean; 7 <appendix> member <vmtarget> ; # software/amazon/awssdk/core/client/builder/SdkDefaultClientBuilder$$Lambda+0x000001f74b3bda90
instanceKlass  @bci software/amazon/awssdk/core/client/builder/SdkDefaultClientBuilder resolveCompressionEnabled (Lsoftware/amazon/awssdk/utils/AttributeMap$LazyValueSource;Lsoftware/amazon/awssdk/core/CompressionConfiguration;)Ljava/lang/Boolean; 0 <appendix> argL0 ; # software/amazon/awssdk/core/client/builder/SdkDefaultClientBuilder$$Lambda+0x000001f74b3bd860
instanceKlass software/amazon/awssdk/utils/DaemonThreadFactory
instanceKlass software/amazon/awssdk/utils/NamedThreadFactory
instanceKlass software/amazon/awssdk/utils/ThreadFactoryBuilder
instanceKlass  @bci software/amazon/awssdk/core/client/builder/SdkDefaultClientBuilder finalizeConfiguration (Lsoftware/amazon/awssdk/core/client/config/SdkClientConfiguration;)Lsoftware/amazon/awssdk/core/client/config/SdkClientConfiguration; 66 <appendix> argL0 ; # software/amazon/awssdk/core/client/builder/SdkDefaultClientBuilder$$Lambda+0x000001f74b3bcf78
instanceKlass  @bci software/amazon/awssdk/core/client/builder/SdkDefaultClientBuilder finalizeConfiguration (Lsoftware/amazon/awssdk/core/client/config/SdkClientConfiguration;)Lsoftware/amazon/awssdk/core/client/config/SdkClientConfiguration; 55 <appendix> member <vmtarget> ; # software/amazon/awssdk/core/client/builder/SdkDefaultClientBuilder$$Lambda+0x000001f74b3bcd40
instanceKlass  @bci software/amazon/awssdk/core/client/builder/SdkDefaultClientBuilder finalizeConfiguration (Lsoftware/amazon/awssdk/core/client/config/SdkClientConfiguration;)Lsoftware/amazon/awssdk/core/client/config/SdkClientConfiguration; 43 <appendix> member <vmtarget> ; # software/amazon/awssdk/core/client/builder/SdkDefaultClientBuilder$$Lambda+0x000001f74b3bcb08
instanceKlass  @bci software/amazon/awssdk/core/internal/interceptor/HttpChecksumValidationInterceptor <clinit> ()V 0 <appendix> argL0 ; # software/amazon/awssdk/core/internal/interceptor/HttpChecksumValidationInterceptor$$Lambda+0x000001f74b3bc8a8
instanceKlass software/amazon/awssdk/core/internal/interceptor/HttpChecksumValidationInterceptor
instanceKlass  @bci software/amazon/awssdk/core/client/builder/SdkDefaultClientBuilder finalizeConfiguration (Lsoftware/amazon/awssdk/core/client/config/SdkClientConfiguration;)Lsoftware/amazon/awssdk/core/client/config/SdkClientConfiguration; 20 <appendix> member <vmtarget> ; # software/amazon/awssdk/core/client/builder/SdkDefaultClientBuilder$$Lambda+0x000001f74b3bc130
instanceKlass  @bci software/amazon/awssdk/core/client/builder/SdkDefaultClientBuilder finalizeConfiguration (Lsoftware/amazon/awssdk/core/client/config/SdkClientConfiguration;)Lsoftware/amazon/awssdk/core/client/config/SdkClientConfiguration; 8 <appendix> member <vmtarget> ; # software/amazon/awssdk/core/client/builder/SdkDefaultClientBuilder$$Lambda+0x000001f74b3bbef8
instanceKlass  @bci software/amazon/awssdk/core/internal/http/loader/DefaultSdkHttpClientBuilder buildWithDefaults (Lsoftware/amazon/awssdk/utils/AttributeMap;)Lsoftware/amazon/awssdk/http/SdkHttpClient; 25 <appendix> argL0 ; # software/amazon/awssdk/core/internal/http/loader/DefaultSdkHttpClientBuilder$$Lambda+0x000001f74b3bbcc8
instanceKlass software/amazon/awssdk/http/apache/internal/DefaultConfiguration
instanceKlass software/amazon/awssdk/http/apache/internal/ApacheHttpRequestConfig$Builder
instanceKlass software/amazon/awssdk/http/apache/internal/ApacheHttpRequestConfig
instanceKlass org/apache/http/client/config/RequestConfig$Builder
instanceKlass org/apache/http/client/config/RequestConfig
instanceKlass org/apache/http/conn/ClientConnectionManager
instanceKlass org/apache/http/impl/client/HttpClientBuilder$2
instanceKlass org/apache/http/impl/client/BasicCredentialsProvider
instanceKlass org/apache/http/cookie/CookieIdentityComparator
instanceKlass org/apache/http/impl/client/BasicCookieStore
instanceKlass org/apache/http/impl/cookie/IgnoreSpecProvider
instanceKlass org/apache/http/impl/cookie/NetscapeDraftSpecProvider
instanceKlass org/apache/http/impl/cookie/RFC6265CookieSpecProvider
instanceKlass org/apache/http/cookie/CookieSpec
instanceKlass org/apache/http/impl/cookie/BasicPathHandler
instanceKlass org/apache/http/cookie/CommonCookieAttributeHandler
instanceKlass org/apache/http/cookie/CookieAttributeHandler
instanceKlass org/apache/http/impl/cookie/DefaultCookieSpecProvider
instanceKlass org/apache/http/cookie/CookieSpecProvider
instanceKlass org/apache/http/impl/client/CookieSpecRegistries
instanceKlass org/apache/http/impl/auth/KerberosSchemeFactory
instanceKlass org/apache/http/impl/auth/SPNegoSchemeFactory
instanceKlass org/apache/http/impl/auth/NTLMSchemeFactory
instanceKlass org/apache/http/impl/auth/DigestSchemeFactory
instanceKlass org/apache/http/auth/AuthScheme
instanceKlass org/apache/http/impl/auth/BasicSchemeFactory
instanceKlass org/apache/http/auth/AuthSchemeProvider
instanceKlass org/apache/http/auth/AuthSchemeFactory
instanceKlass org/apache/http/impl/conn/DefaultRoutePlanner
instanceKlass org/apache/http/auth/Credentials
instanceKlass org/apache/http/impl/execchain/ProtocolExec
instanceKlass org/apache/http/client/protocol/ResponseProcessCookies
instanceKlass org/apache/http/client/protocol/RequestAuthCache
instanceKlass org/apache/http/client/protocol/RequestAddCookies
instanceKlass org/apache/http/protocol/ChainBuilder
instanceKlass org/apache/http/client/protocol/RequestExpectContinue
instanceKlass org/apache/http/client/protocol/RequestClientConnControl
instanceKlass org/apache/http/protocol/RequestContent
instanceKlass org/apache/http/client/protocol/RequestDefaultHeaders
instanceKlass org/apache/http/protocol/HttpProcessorBuilder
instanceKlass org/apache/http/conn/routing/BasicRouteDirector
instanceKlass org/apache/http/impl/auth/HttpAuthenticator
instanceKlass org/apache/http/conn/routing/RouteInfo
instanceKlass org/apache/http/client/methods/CloseableHttpResponse
instanceKlass org/apache/http/conn/routing/HttpRouteDirector
instanceKlass org/apache/http/impl/execchain/MainClientExec
instanceKlass org/apache/http/protocol/RequestUserAgent
instanceKlass org/apache/http/protocol/RequestTargetHost
instanceKlass org/apache/http/protocol/ImmutableHttpProcessor
instanceKlass org/apache/http/impl/client/DefaultUserTokenHandler
instanceKlass org/apache/http/client/AuthCache
instanceKlass org/apache/http/impl/client/AuthenticationStrategyImpl
instanceKlass software/amazon/awssdk/http/apache/internal/impl/ApacheSdkHttpClient
instanceKlass software/amazon/awssdk/http/apache/internal/conn/IdleConnectionReaper$ReaperTask
instanceKlass  @bci java/util/concurrent/Executors$AutoShutdownDelegatedExecutorService <init> (Ljava/util/concurrent/ExecutorService;)V 6 <appendix> member <vmtarget> ; # java/util/concurrent/Executors$AutoShutdownDelegatedExecutorService$$Lambda+0x000001f74b2eb418
instanceKlass java/util/concurrent/Executors$DelegatedExecutorService
instanceKlass  @bci software/amazon/awssdk/http/apache/internal/conn/IdleConnectionReaper lambda$new$1 ()Ljava/util/concurrent/ExecutorService; 0 <appendix> argL0 ; # software/amazon/awssdk/http/apache/internal/conn/IdleConnectionReaper$$Lambda+0x000001f74b3b3330
instanceKlass  @bci software/amazon/awssdk/http/apache/internal/conn/IdleConnectionReaper <init> ()V 19 <appendix> argL0 ; # software/amazon/awssdk/http/apache/internal/conn/IdleConnectionReaper$$Lambda+0x000001f74b3b3100
instanceKlass software/amazon/awssdk/http/apache/internal/conn/IdleConnectionReaper
instanceKlass software/amazon/awssdk/http/apache/internal/conn/ClientConnectionManagerFactory$DelegatingHttpClientConnectionManager
instanceKlass software/amazon/awssdk/http/apache/internal/conn/ClientConnectionManagerFactory
instanceKlass org/apache/http/HeaderIterator
instanceKlass org/apache/http/TokenIterator
instanceKlass org/apache/http/impl/DefaultConnectionReuseStrategy
instanceKlass software/amazon/awssdk/http/apache/internal/conn/SdkConnectionKeepAliveStrategy
instanceKlass org/apache/http/protocol/HttpRequestExecutor
instanceKlass org/apache/http/config/SocketConfig$Builder
instanceKlass org/apache/http/config/SocketConfig
instanceKlass org/apache/http/impl/entity/StrictContentLengthStrategy
instanceKlass org/apache/http/impl/entity/LaxContentLengthStrategy
instanceKlass org/apache/http/impl/EnglishReasonPhraseCatalog
instanceKlass org/apache/http/HttpResponse
instanceKlass org/apache/http/ReasonPhraseCatalog
instanceKlass org/apache/http/impl/DefaultHttpResponseFactory
instanceKlass org/apache/http/StatusLine
instanceKlass org/apache/http/RequestLine
instanceKlass org/apache/http/ProtocolVersion
instanceKlass org/apache/http/Header
instanceKlass org/apache/http/NameValuePair
instanceKlass org/apache/http/message/BasicLineParser
instanceKlass org/apache/http/io/HttpMessageParser
instanceKlass org/apache/http/HttpResponseFactory
instanceKlass org/apache/http/message/LineParser
instanceKlass org/apache/http/impl/conn/DefaultHttpResponseParserFactory
instanceKlass org/apache/http/message/BasicLineFormatter
instanceKlass org/apache/http/io/HttpMessageWriter
instanceKlass org/apache/http/message/LineFormatter
instanceKlass org/apache/http/impl/io/DefaultHttpRequestWriterFactory
instanceKlass org/apache/http/impl/BHttpConnectionBase
instanceKlass org/apache/http/conn/ManagedHttpClientConnection
instanceKlass org/apache/http/HttpInetConnection
instanceKlass org/apache/http/HttpClientConnection
instanceKlass org/apache/http/HttpConnection
instanceKlass org/apache/http/entity/ContentLengthStrategy
instanceKlass org/apache/http/io/HttpMessageParserFactory
instanceKlass org/apache/http/io/HttpMessageWriterFactory
instanceKlass org/apache/http/impl/conn/ManagedHttpClientConnectionFactory
instanceKlass org/apache/http/conn/HttpConnectionFactory
instanceKlass org/apache/http/impl/conn/PoolingHttpClientConnectionManager$InternalConnectionFactory
instanceKlass org/apache/http/pool/PoolEntryCallback
instanceKlass org/apache/http/pool/RouteSpecificPool
instanceKlass org/apache/http/pool/AbstractConnPool
instanceKlass org/apache/http/pool/ConnPool
instanceKlass org/apache/http/impl/conn/PoolingHttpClientConnectionManager$ConfigData
instanceKlass org/apache/http/impl/conn/SystemDefaultDnsResolver
instanceKlass org/apache/http/conn/DnsResolver
instanceKlass org/apache/http/impl/conn/DefaultHttpClientConnectionOperator
instanceKlass org/apache/http/impl/conn/DefaultSchemePortResolver
instanceKlass org/apache/http/config/Registry
instanceKlass org/apache/http/util/TextUtils
instanceKlass org/apache/http/conn/socket/PlainConnectionSocketFactory
instanceKlass org/apache/http/config/RegistryBuilder
instanceKlass org/apache/http/conn/ConnectionRequest
instanceKlass org/apache/http/concurrent/Cancellable
instanceKlass org/apache/http/pool/PoolEntry
instanceKlass org/apache/http/pool/ConnFactory
instanceKlass org/apache/http/conn/HttpClientConnectionOperator
instanceKlass org/apache/http/impl/conn/PoolingHttpClientConnectionManager
instanceKlass org/apache/http/pool/ConnPoolControl
instanceKlass javax/net/SocketFactory
instanceKlass org/apache/http/conn/util/PublicSuffixMatcher
instanceKlass org/apache/http/conn/util/PublicSuffixList
instanceKlass org/apache/http/Consts
instanceKlass org/apache/http/conn/util/PublicSuffixListParser
instanceKlass org/apache/http/util/Args
instanceKlass org/apache/http/conn/util/PublicSuffixMatcherLoader
instanceKlass org/apache/http/conn/ssl/DefaultHostnameVerifier
instanceKlass  @bci sun/security/ssl/SSLContextImpl engineInit ([Ljavax/net/ssl/KeyManager;[Ljavax/net/ssl/TrustManager;Ljava/security/SecureRandom;)V 57 <appendix> argL0 ; # sun/security/ssl/SSLContextImpl$$Lambda+0x000001f74b2e97a0
instanceKlass javax/net/ssl/X509ExtendedTrustManager
instanceKlass javax/net/ssl/X509TrustManager
instanceKlass javax/net/ssl/TrustManager
instanceKlass sun/security/validator/TrustStoreUtil
instanceKlass sun/security/x509/RFC822Name
instanceKlass sun/security/x509/NetscapeCertTypeExtension$MapEntry
instanceKlass java/security/cert/PolicyQualifierInfo
instanceKlass java/security/interfaces/ECPublicKey
instanceKlass java/security/PKCS12Attribute
instanceKlass java/security/KeyStore$Entry$Attribute
instanceKlass sun/security/pkcs12/PKCS12KeyStore$Entry
instanceKlass sun/security/util/IOUtils
instanceKlass java/security/KeyStoreSpi
instanceKlass java/security/KeyStore
instanceKlass sun/security/util/FilePaths
instanceKlass sun/security/ssl/TrustStoreManager$TrustStoreDescriptor
instanceKlass sun/security/ssl/TrustStoreManager$TrustAnchorManager
instanceKlass sun/security/ssl/TrustStoreManager
instanceKlass javax/net/ssl/TrustManagerFactorySpi
instanceKlass javax/net/ssl/TrustManagerFactory
instanceKlass javax/net/ssl/X509ExtendedKeyManager
instanceKlass javax/net/ssl/X509KeyManager
instanceKlass sun/security/ssl/SSLSessionContextImpl
instanceKlass javax/net/ssl/SSLSessionContext
instanceKlass sun/security/ssl/EphemeralKeyManager$EphemeralKeyPair
instanceKlass sun/security/ssl/EphemeralKeyManager
instanceKlass sun/security/ssl/SSLContextImpl$CustomizedSSLProtocols
instanceKlass java/security/spec/NamedParameterSpec
instanceKlass sun/security/util/ECKeySizeParameterSpec
instanceKlass sun/security/util/ECUtil
instanceKlass java/security/KeyPairGeneratorSpi
instanceKlass javax/crypto/KeyAgreement
instanceKlass sun/security/ssl/JsseJce$EcAvailability
instanceKlass sun/security/ssl/SSLAlgorithmDecomposer$1
instanceKlass sun/security/ssl/Utilities
instanceKlass sun/security/ssl/JsseJce
instanceKlass sun/security/ssl/NamedGroup$XDHScheme
instanceKlass sun/security/ssl/NamedGroup$FFDHEScheme
instanceKlass sun/security/ssl/NamedGroup$ECDHEScheme
instanceKlass sun/security/ssl/NamedGroup$NamedGroupScheme
instanceKlass sun/security/ssl/SSLCipher$T13CC20P1305WriteCipherGenerator
instanceKlass sun/security/ssl/SSLCipher$T12CC20P1305WriteCipherGenerator
instanceKlass sun/security/ssl/SSLCipher$T13CC20P1305ReadCipherGenerator
instanceKlass sun/security/ssl/SSLCipher$T12CC20P1305ReadCipherGenerator
instanceKlass sun/security/ssl/SSLCipher$T13GcmWriteCipherGenerator
instanceKlass sun/security/ssl/SSLCipher$T13GcmReadCipherGenerator
instanceKlass sun/security/ssl/SSLCipher$T12GcmWriteCipherGenerator
instanceKlass sun/security/ssl/SSLCipher$T12GcmReadCipherGenerator
instanceKlass com/sun/crypto/provider/AESConstants
instanceKlass java/util/Vector$1
instanceKlass javax/crypto/JceSecurityManager
instanceKlass sun/security/ssl/SSLCipher$T11BlockWriteCipherGenerator
instanceKlass sun/security/ssl/SSLCipher$T11BlockReadCipherGenerator
instanceKlass com/sun/crypto/provider/PKCS5Padding
instanceKlass com/sun/crypto/provider/Padding
instanceKlass com/sun/crypto/provider/FeedbackCipher
instanceKlass com/sun/crypto/provider/SymmetricCipher
instanceKlass com/sun/crypto/provider/DESConstants
instanceKlass com/sun/crypto/provider/CipherCore
instanceKlass sun/security/ssl/SSLCipher$T10BlockWriteCipherGenerator
instanceKlass sun/security/ssl/SSLCipher$T10BlockReadCipherGenerator
instanceKlass javax/crypto/CipherSpi
instanceKlass javax/crypto/ProviderVerifier
instanceKlass java/lang/Class$Holder
instanceKlass javax/crypto/JceSecurity$1
instanceKlass java/net/spi/URLStreamHandlerProvider
instanceKlass java/net/URL$ThreadTrackHolder
instanceKlass javax/crypto/CryptoPolicyParser$CryptoPermissionEntry
instanceKlass javax/crypto/CryptoPolicyParser$GrantEntry
instanceKlass java/io/StreamTokenizer
instanceKlass javax/crypto/CryptoPolicyParser
instanceKlass java/nio/file/Files$1
instanceKlass sun/nio/fs/WindowsFileSystem$1
instanceKlass java/nio/file/PathMatcher
instanceKlass sun/nio/fs/Globs
instanceKlass sun/nio/fs/WindowsFileSystemProvider$1
instanceKlass javax/crypto/JceSecurity
instanceKlass javax/crypto/Cipher$Transform
instanceKlass javax/crypto/Cipher
instanceKlass sun/security/ssl/SSLCipher$StreamWriteCipherGenerator
instanceKlass sun/security/ssl/SSLCipher$StreamReadCipherGenerator
instanceKlass sun/security/ssl/SSLCipher$NullWriteCipherGenerator
instanceKlass sun/security/ssl/SSLCipher$WriteCipherGenerator
instanceKlass sun/security/ssl/SSLCipher$NullReadCipherGenerator
instanceKlass sun/security/ssl/SSLCipher$ReadCipherGenerator
instanceKlass  @bci sun/security/util/DisabledAlgorithmConstraints checkDisabledPatterns (Ljava/lang/String;)Z 17 <appendix> member <vmtarget> ; # sun/security/util/DisabledAlgorithmConstraints$$Lambda+0x000001f74b2d5fb0
instanceKlass sun/security/ssl/SSLAlgorithmConstraints
instanceKlass sun/security/ssl/SSLLogger
instanceKlass javax/net/ssl/SSLContextSpi
instanceKlass javax/net/ssl/SSLContext
instanceKlass  @bci software/amazon/awssdk/http/SystemPropertyTlsKeyManagersProvider keyManagers ()[Ljavax/net/ssl/KeyManager; 4 <appendix> member <vmtarget> ; # software/amazon/awssdk/http/SystemPropertyTlsKeyManagersProvider$$Lambda+0x000001f74b3aa7d8
instanceKlass javax/net/ssl/KeyManager
instanceKlass org/apache/http/conn/ssl/AbstractVerifier
instanceKlass org/apache/http/conn/ssl/X509HostnameVerifier
instanceKlass org/apache/http/conn/ssl/SSLConnectionSocketFactory
instanceKlass  @bci software/amazon/awssdk/http/apache/ApacheHttpClient$ApacheConnectionManagerFactory getPreferredSocketFactory (Lsoftware/amazon/awssdk/http/apache/ApacheHttpClient$DefaultBuilder;Lsoftware/amazon/awssdk/utils/AttributeMap;)Lorg/apache/http/conn/socket/ConnectionSocketFactory; 9 <appendix> member <vmtarget> ; # software/amazon/awssdk/http/apache/ApacheHttpClient$ApacheConnectionManagerFactory$$Lambda+0x000001f74b3a88c8
instanceKlass org/apache/http/client/CredentialsProvider
instanceKlass org/apache/http/client/CookieStore
instanceKlass org/apache/http/client/RedirectStrategy
instanceKlass org/apache/http/client/HttpRequestRetryHandler
instanceKlass org/apache/http/impl/execchain/ClientExecChain
instanceKlass org/apache/http/config/Lookup
instanceKlass org/apache/http/protocol/HttpProcessor
instanceKlass org/apache/http/HttpResponseInterceptor
instanceKlass org/apache/http/HttpRequestInterceptor
instanceKlass org/apache/http/client/UserTokenHandler
instanceKlass org/apache/http/client/AuthenticationStrategy
instanceKlass org/apache/http/conn/socket/LayeredConnectionSocketFactory
instanceKlass org/apache/http/impl/client/HttpClientBuilder
instanceKlass org/apache/http/impl/client/CloseableHttpClient
instanceKlass org/apache/http/impl/client/HttpClients
instanceKlass javax/net/ssl/HostnameVerifier
instanceKlass org/apache/http/conn/socket/ConnectionSocketFactory
instanceKlass org/apache/http/conn/HttpClientConnectionManager
instanceKlass org/apache/http/conn/SchemePortResolver
instanceKlass software/amazon/awssdk/http/apache/ApacheHttpClient$ApacheConnectionManagerFactory
instanceKlass org/apache/http/HttpEntityEnclosingRequest
instanceKlass org/apache/http/message/AbstractHttpMessage
instanceKlass org/apache/http/client/methods/AbortableHttpRequest
instanceKlass org/apache/http/client/methods/HttpExecutionAware
instanceKlass org/apache/http/client/methods/Configurable
instanceKlass org/apache/http/HttpEntity
instanceKlass software/amazon/awssdk/http/apache/internal/impl/ApacheHttpRequestFactory
instanceKlass  @bci software/amazon/awssdk/core/internal/http/loader/DefaultSdkHttpClientBuilder buildWithDefaults (Lsoftware/amazon/awssdk/utils/AttributeMap;)Lsoftware/amazon/awssdk/http/SdkHttpClient; 17 <appendix> member <vmtarget> ; # software/amazon/awssdk/core/internal/http/loader/DefaultSdkHttpClientBuilder$$Lambda+0x000001f74b3a5358
instanceKlass  @bci software/amazon/awssdk/utils/internal/proxy/ProxyEnvironmentVariableConfigProvider port ()I 7 <appendix> argL0 ; # software/amazon/awssdk/utils/internal/proxy/ProxyEnvironmentVariableConfigProvider$$Lambda+0x000001f74b3a5108
instanceKlass  @bci software/amazon/awssdk/utils/internal/proxy/ProxyEnvironmentVariableConfigProvider host ()Ljava/lang/String; 7 <appendix> argL0 ; # software/amazon/awssdk/utils/internal/proxy/ProxyEnvironmentVariableConfigProvider$$Lambda+0x000001f74b3a4eb8
instanceKlass  @bci software/amazon/awssdk/utils/http/SdkHttpUtils parseNonProxyHostsEnvironmentVariable ()Ljava/util/Set; 6 <appendix> argL0 ; # software/amazon/awssdk/utils/http/SdkHttpUtils$$Lambda+0x000001f74b3a4c68
instanceKlass  @bci software/amazon/awssdk/http/apache/ProxyConfiguration resolvePassword (Lsoftware/amazon/awssdk/http/apache/ProxyConfiguration$DefaultClientProxyConfigurationBuilder;Lsoftware/amazon/awssdk/utils/ProxyConfigProvider;)Ljava/lang/String; 28 <appendix> member <vmtarget> ; # software/amazon/awssdk/http/apache/ProxyConfiguration$$Lambda+0x000001f74b3a4a30
instanceKlass  @bci software/amazon/awssdk/utils/internal/proxy/ProxyEnvironmentVariableConfigProvider password ()Ljava/util/Optional; 39 <appendix> argL0 ; # software/amazon/awssdk/utils/internal/proxy/ProxyEnvironmentVariableConfigProvider$$Lambda+0x000001f74b3a47e0
instanceKlass  @bci software/amazon/awssdk/utils/internal/proxy/ProxyEnvironmentVariableConfigProvider password ()Ljava/util/Optional; 31 <appendix> argL0 ; # software/amazon/awssdk/utils/internal/proxy/ProxyEnvironmentVariableConfigProvider$$Lambda+0x000001f74b3a4580
instanceKlass  @bci software/amazon/awssdk/utils/internal/proxy/ProxyEnvironmentVariableConfigProvider password ()Ljava/util/Optional; 23 <appendix> argL0 ; # software/amazon/awssdk/utils/internal/proxy/ProxyEnvironmentVariableConfigProvider$$Lambda+0x000001f74b3a4330
instanceKlass  @bci software/amazon/awssdk/utils/internal/proxy/ProxyEnvironmentVariableConfigProvider password ()Ljava/util/Optional; 15 <appendix> argL0 ; # software/amazon/awssdk/utils/internal/proxy/ProxyEnvironmentVariableConfigProvider$$Lambda+0x000001f74b3a40d0
instanceKlass  @bci software/amazon/awssdk/utils/internal/proxy/ProxyEnvironmentVariableConfigProvider password ()Ljava/util/Optional; 7 <appendix> argL0 ; # software/amazon/awssdk/utils/internal/proxy/ProxyEnvironmentVariableConfigProvider$$Lambda+0x000001f74b3a3e80
instanceKlass  @bci software/amazon/awssdk/http/apache/ProxyConfiguration resolveUsername (Lsoftware/amazon/awssdk/http/apache/ProxyConfiguration$DefaultClientProxyConfigurationBuilder;Lsoftware/amazon/awssdk/utils/ProxyConfigProvider;)Ljava/lang/String; 28 <appendix> member <vmtarget> ; # software/amazon/awssdk/http/apache/ProxyConfiguration$$Lambda+0x000001f74b3a3c48
instanceKlass  @bci software/amazon/awssdk/utils/internal/proxy/ProxyEnvironmentVariableConfigProvider userName ()Ljava/util/Optional; 15 <appendix> argL0 ; # software/amazon/awssdk/utils/internal/proxy/ProxyEnvironmentVariableConfigProvider$$Lambda+0x000001f74b3a39f8
instanceKlass  @bci software/amazon/awssdk/utils/internal/proxy/ProxyEnvironmentVariableConfigProvider userName ()Ljava/util/Optional; 7 <appendix> argL0 ; # software/amazon/awssdk/utils/internal/proxy/ProxyEnvironmentVariableConfigProvider$$Lambda+0x000001f74b3a37a8
instanceKlass software/amazon/awssdk/utils/internal/proxy/ProxyEnvironmentVariableConfigProvider
instanceKlass  @bci software/amazon/awssdk/utils/internal/proxy/ProxySystemPropertyConfigProvider port ()I 45 <appendix> argL0 ; # software/amazon/awssdk/utils/internal/proxy/ProxySystemPropertyConfigProvider$$Lambda+0x000001f74b3a2de8
instanceKlass software/amazon/awssdk/utils/internal/proxy/ProxySystemPropertyConfigProvider
instanceKlass software/amazon/awssdk/utils/ProxyConfigProvider
instanceKlass software/amazon/awssdk/http/apache/ProxyConfiguration$DefaultClientProxyConfigurationBuilder
instanceKlass software/amazon/awssdk/http/apache/ProxyConfiguration$Builder
instanceKlass software/amazon/awssdk/http/apache/ProxyConfiguration
instanceKlass software/amazon/awssdk/http/apache/ApacheHttpClient$DefaultBuilder
instanceKlass software/amazon/awssdk/http/apache/internal/impl/ConnectionManagerAwareHttpClient
instanceKlass org/apache/http/client/HttpClient
instanceKlass org/apache/http/ConnectionReuseStrategy
instanceKlass org/apache/http/conn/routing/HttpRoutePlanner
instanceKlass org/apache/http/conn/ConnectionKeepAliveStrategy
instanceKlass software/amazon/awssdk/http/ExecutableHttpRequest
instanceKlass software/amazon/awssdk/http/Abortable
instanceKlass software/amazon/awssdk/http/SdkHttpResponse$Builder
instanceKlass org/apache/http/client/methods/HttpUriRequest
instanceKlass org/apache/http/HttpRequest
instanceKlass org/apache/http/HttpMessage
instanceKlass org/apache/http/protocol/HttpContext
instanceKlass software/amazon/awssdk/http/apache/ApacheHttpClient$Builder
instanceKlass software/amazon/awssdk/http/apache/ApacheHttpClient
instanceKlass  @bci software/amazon/awssdk/core/internal/http/loader/DefaultSdkHttpClientBuilder buildWithDefaults (Lsoftware/amazon/awssdk/utils/AttributeMap;)Lsoftware/amazon/awssdk/http/SdkHttpClient; 8 <appendix> argL0 ; # software/amazon/awssdk/core/internal/http/loader/DefaultSdkHttpClientBuilder$$Lambda+0x000001f74b3a1930
instanceKlass  @bci software/amazon/awssdk/core/internal/http/loader/ClasspathSdkHttpServiceProvider loadService ()Ljava/util/Optional; 54 <appendix> member <vmtarget> ; # software/amazon/awssdk/core/internal/http/loader/ClasspathSdkHttpServiceProvider$$Lambda+0x000001f74b3a16f8
instanceKlass software/amazon/awssdk/http/apache/ApacheSdkHttpService
instanceKlass  @bci software/amazon/awssdk/core/internal/http/loader/ClasspathSdkHttpServiceProvider loadService ()Ljava/util/Optional; 26 <appendix> member <vmtarget> ; # software/amazon/awssdk/core/internal/http/loader/ClasspathSdkHttpServiceProvider$$Lambda+0x000001f74b3a1278
instanceKlass  @bci software/amazon/awssdk/core/internal/http/loader/ClasspathSdkHttpServiceProvider loadService ()Ljava/util/Optional; 18 <appendix> member <vmtarget> ; # software/amazon/awssdk/core/internal/http/loader/ClasspathSdkHttpServiceProvider$$Lambda+0x000001f74b3a1020
instanceKlass  @bci software/amazon/awssdk/core/internal/http/loader/ClasspathSdkHttpServiceProvider loadService ()Ljava/util/Optional; 5 <appendix> member <vmtarget> ; # software/amazon/awssdk/core/internal/http/loader/ClasspathSdkHttpServiceProvider$$Lambda+0x000001f74b3a0de8
instanceKlass  @bci software/amazon/awssdk/core/internal/http/loader/SystemPropertyHttpServiceProvider loadService ()Ljava/util/Optional; 10 <appendix> member <vmtarget> ; # software/amazon/awssdk/core/internal/http/loader/SystemPropertyHttpServiceProvider$$Lambda+0x000001f74b3a0b90
instanceKlass  @bci software/amazon/awssdk/core/internal/http/loader/SdkHttpServiceProviderChain loadService ()Ljava/util/Optional; 29 <appendix> argL0 ; # software/amazon/awssdk/core/internal/http/loader/SdkHttpServiceProviderChain$$Lambda+0x000001f74b3a0940
instanceKlass  @bci software/amazon/awssdk/core/internal/http/loader/SdkHttpServiceProviderChain loadService ()Ljava/util/Optional; 19 <appendix> argL0 ; # software/amazon/awssdk/core/internal/http/loader/SdkHttpServiceProviderChain$$Lambda+0x000001f74b3a06e0
instanceKlass  @bci software/amazon/awssdk/core/internal/http/loader/SdkHttpServiceProviderChain loadService ()Ljava/util/Optional; 9 <appendix> argL0 ; # software/amazon/awssdk/core/internal/http/loader/SdkHttpServiceProviderChain$$Lambda+0x000001f74b3a0490
instanceKlass  @bci software/amazon/awssdk/core/client/builder/SdkDefaultClientBuilder resolveSyncHttpClient (Lsoftware/amazon/awssdk/utils/AttributeMap$LazyValueSource;Lsoftware/amazon/awssdk/core/client/config/SdkClientConfiguration;)Lsoftware/amazon/awssdk/http/SdkHttpClient; 77 <appendix> member <vmtarget> ; # software/amazon/awssdk/core/client/builder/SdkDefaultClientBuilder$$Lambda+0x000001f74b3a0258
instanceKlass  @bci software/amazon/awssdk/core/client/builder/SdkDefaultClientBuilder resolveSyncHttpClient (Lsoftware/amazon/awssdk/utils/AttributeMap$LazyValueSource;Lsoftware/amazon/awssdk/core/client/config/SdkClientConfiguration;)Lsoftware/amazon/awssdk/http/SdkHttpClient; 66 <appendix> member <vmtarget> ; # software/amazon/awssdk/core/client/builder/SdkDefaultClientBuilder$$Lambda+0x000001f74b3a0000
instanceKlass software/amazon/awssdk/utils/Either
instanceKlass  @bci software/amazon/awssdk/core/client/builder/SdkDefaultClientBuilder finalizeSyncConfiguration (Lsoftware/amazon/awssdk/core/client/config/SdkClientConfiguration;)Lsoftware/amazon/awssdk/core/client/config/SdkClientConfiguration; 9 <appendix> member <vmtarget> ; # software/amazon/awssdk/core/client/builder/SdkDefaultClientBuilder$$Lambda+0x000001f74b39f7f8
instanceKlass  @bci software/amazon/awssdk/regions/GeneratedPartitionMetadataProvider partitionMetadata (Lsoftware/amazon/awssdk/regions/Region;)Lsoftware/amazon/awssdk/regions/PartitionMetadata; 14 <appendix> member <vmtarget> ; # software/amazon/awssdk/regions/GeneratedPartitionMetadataProvider$$Lambda+0x000001f74b39f590
instanceKlass software/amazon/awssdk/regions/internal/util/ServiceMetadataUtils
instanceKlass software/amazon/awssdk/regions/partitionmetadata/AwsIsoFPartitionMetadata
instanceKlass software/amazon/awssdk/regions/partitionmetadata/AwsIsoEPartitionMetadata
instanceKlass software/amazon/awssdk/regions/partitionmetadata/AwsIsoBPartitionMetadata
instanceKlass software/amazon/awssdk/regions/partitionmetadata/AwsIsoPartitionMetadata
instanceKlass software/amazon/awssdk/regions/partitionmetadata/AwsUsGovPartitionMetadata
instanceKlass software/amazon/awssdk/regions/partitionmetadata/AwsCnPartitionMetadata
instanceKlass software/amazon/awssdk/regions/partitionmetadata/AwsPartitionMetadata
instanceKlass software/amazon/awssdk/regions/PartitionMetadata
instanceKlass software/amazon/awssdk/regions/GeneratedPartitionMetadataProvider
instanceKlass software/amazon/awssdk/regions/servicemetadata/XrayServiceMetadata
instanceKlass software/amazon/awssdk/regions/servicemetadata/WorkspacesWebServiceMetadata
instanceKlass software/amazon/awssdk/regions/servicemetadata/WorkspacesServiceMetadata
instanceKlass software/amazon/awssdk/regions/servicemetadata/WorkmailServiceMetadata
instanceKlass software/amazon/awssdk/regions/servicemetadata/WorkdocsServiceMetadata
instanceKlass software/amazon/awssdk/regions/servicemetadata/WisdomServiceMetadata
instanceKlass software/amazon/awssdk/regions/servicemetadata/WellarchitectedServiceMetadata
instanceKlass software/amazon/awssdk/regions/servicemetadata/Wafv2ServiceMetadata
instanceKlass software/amazon/awssdk/regions/servicemetadata/WafRegionalServiceMetadata
instanceKlass software/amazon/awssdk/regions/servicemetadata/WafServiceMetadata
instanceKlass software/amazon/awssdk/regions/servicemetadata/VpcLatticeServiceMetadata
instanceKlass software/amazon/awssdk/regions/servicemetadata/VoiceidServiceMetadata
instanceKlass software/amazon/awssdk/regions/servicemetadata/VoiceChimeServiceMetadata
instanceKlass software/amazon/awssdk/regions/servicemetadata/VerifiedpermissionsServiceMetadata
instanceKlass software/amazon/awssdk/regions/servicemetadata/TranslateServiceMetadata
instanceKlass software/amazon/awssdk/regions/servicemetadata/TransferServiceMetadata
instanceKlass software/amazon/awssdk/regions/servicemetadata/TranscribestreamingServiceMetadata
instanceKlass software/amazon/awssdk/regions/servicemetadata/TranscribeServiceMetadata
instanceKlass software/amazon/awssdk/regions/servicemetadata/TnbServiceMetadata
instanceKlass software/amazon/awssdk/regions/servicemetadata/ThinclientServiceMetadata
instanceKlass software/amazon/awssdk/regions/servicemetadata/TextractServiceMetadata
instanceKlass software/amazon/awssdk/regions/servicemetadata/TaggingServiceMetadata
instanceKlass software/amazon/awssdk/regions/servicemetadata/SyntheticsServiceMetadata
instanceKlass software/amazon/awssdk/regions/servicemetadata/SwfServiceMetadata
instanceKlass software/amazon/awssdk/regions/servicemetadata/SupportappServiceMetadata
instanceKlass software/amazon/awssdk/regions/servicemetadata/SupportServiceMetadata
instanceKlass software/amazon/awssdk/regions/servicemetadata/StsServiceMetadata
instanceKlass software/amazon/awssdk/regions/servicemetadata/StreamsDynamodbServiceMetadata
instanceKlass software/amazon/awssdk/regions/servicemetadata/StoragegatewayServiceMetadata
instanceKlass software/amazon/awssdk/regions/servicemetadata/StatesServiceMetadata
instanceKlass software/amazon/awssdk/regions/servicemetadata/SsoServiceMetadata
instanceKlass software/amazon/awssdk/regions/servicemetadata/SsmSapServiceMetadata
instanceKlass software/amazon/awssdk/regions/servicemetadata/SsmIncidentsServiceMetadata
instanceKlass software/amazon/awssdk/regions/servicemetadata/SsmContactsServiceMetadata
instanceKlass software/amazon/awssdk/regions/servicemetadata/SsmServiceMetadata
instanceKlass software/amazon/awssdk/regions/servicemetadata/SqsServiceMetadata
instanceKlass software/amazon/awssdk/regions/servicemetadata/SnsServiceMetadata
instanceKlass software/amazon/awssdk/regions/servicemetadata/SnowballServiceMetadata
instanceKlass software/amazon/awssdk/regions/servicemetadata/SmsVoiceServiceMetadata
instanceKlass software/amazon/awssdk/regions/servicemetadata/SmsServiceMetadata
instanceKlass software/amazon/awssdk/regions/servicemetadata/SimspaceweaverServiceMetadata
instanceKlass software/amazon/awssdk/regions/servicemetadata/SignerServiceMetadata
instanceKlass software/amazon/awssdk/regions/servicemetadata/ShieldServiceMetadata
instanceKlass software/amazon/awssdk/regions/servicemetadata/SessionQldbServiceMetadata
instanceKlass software/amazon/awssdk/regions/servicemetadata/ServicequotasServiceMetadata
instanceKlass software/amazon/awssdk/regions/servicemetadata/ServicediscoveryServiceMetadata
instanceKlass software/amazon/awssdk/regions/servicemetadata/ServicecatalogAppregistryServiceMetadata
instanceKlass software/amazon/awssdk/regions/servicemetadata/ServicecatalogServiceMetadata
instanceKlass software/amazon/awssdk/regions/servicemetadata/ServerlessrepoServiceMetadata
instanceKlass software/amazon/awssdk/regions/servicemetadata/SecuritylakeServiceMetadata
instanceKlass software/amazon/awssdk/regions/servicemetadata/SecurityhubServiceMetadata
instanceKlass software/amazon/awssdk/regions/servicemetadata/SecretsmanagerServiceMetadata
instanceKlass software/amazon/awssdk/regions/servicemetadata/SdbServiceMetadata
instanceKlass software/amazon/awssdk/regions/servicemetadata/SchemasServiceMetadata
instanceKlass software/amazon/awssdk/regions/servicemetadata/SchedulerServiceMetadata
instanceKlass software/amazon/awssdk/regions/servicemetadata/SavingsplansServiceMetadata
instanceKlass software/amazon/awssdk/regions/servicemetadata/SagemakerGeospatialServiceMetadata
instanceKlass software/amazon/awssdk/regions/servicemetadata/S3OutpostsServiceMetadata
instanceKlass software/amazon/awssdk/regions/servicemetadata/S3ControlServiceMetadata
instanceKlass software/amazon/awssdk/regions/servicemetadata/S3ServiceMetadata
instanceKlass  @bci software/amazon/awssdk/regions/servicemetadata/EnhancedS3ServiceMetadata <init> (Lsoftware/amazon/awssdk/regions/ServiceMetadataConfiguration;)V 63 <appendix> member <vmtarget> ; # software/amazon/awssdk/regions/servicemetadata/EnhancedS3ServiceMetadata$$Lambda+0x000001f74b394568
instanceKlass  @bci software/amazon/awssdk/regions/servicemetadata/EnhancedS3ServiceMetadata <init> (Lsoftware/amazon/awssdk/regions/ServiceMetadataConfiguration;)V 48 <appendix> member <vmtarget> ; # software/amazon/awssdk/regions/servicemetadata/EnhancedS3ServiceMetadata$$Lambda+0x000001f74b394330
instanceKlass  @bci software/amazon/awssdk/regions/servicemetadata/EnhancedS3ServiceMetadata <init> (Lsoftware/amazon/awssdk/regions/ServiceMetadataConfiguration;)V 18 <appendix> argL0 ; # software/amazon/awssdk/regions/servicemetadata/EnhancedS3ServiceMetadata$$Lambda+0x000001f74b394100
instanceKlass software/amazon/awssdk/regions/ServiceMetadataConfiguration$Builder
instanceKlass software/amazon/awssdk/regions/ServiceMetadataConfiguration
instanceKlass software/amazon/awssdk/regions/servicemetadata/EnhancedS3ServiceMetadata
instanceKlass software/amazon/awssdk/regions/servicemetadata/RuntimeSagemakerServiceMetadata
instanceKlass software/amazon/awssdk/regions/servicemetadata/RuntimeLexServiceMetadata
instanceKlass software/amazon/awssdk/regions/servicemetadata/RuntimeV2LexServiceMetadata
instanceKlass software/amazon/awssdk/regions/servicemetadata/RumServiceMetadata
instanceKlass software/amazon/awssdk/regions/servicemetadata/Route53resolverServiceMetadata
instanceKlass software/amazon/awssdk/regions/servicemetadata/Route53domainsServiceMetadata
instanceKlass software/amazon/awssdk/regions/servicemetadata/Route53RecoveryControlConfigServiceMetadata
instanceKlass software/amazon/awssdk/regions/servicemetadata/Route53ServiceMetadata
instanceKlass software/amazon/awssdk/regions/servicemetadata/RolesanywhereServiceMetadata
instanceKlass software/amazon/awssdk/regions/servicemetadata/RobomakerServiceMetadata
instanceKlass software/amazon/awssdk/regions/servicemetadata/ResourceGroupsServiceMetadata
instanceKlass software/amazon/awssdk/regions/servicemetadata/ResourceExplorer2ServiceMetadata
instanceKlass software/amazon/awssdk/regions/servicemetadata/ResiliencehubServiceMetadata
instanceKlass software/amazon/awssdk/regions/servicemetadata/RekognitionServiceMetadata
instanceKlass software/amazon/awssdk/regions/servicemetadata/RedshiftServerlessServiceMetadata
instanceKlass software/amazon/awssdk/regions/servicemetadata/RedshiftServiceMetadata
instanceKlass software/amazon/awssdk/regions/servicemetadata/RdsDataServiceMetadata
instanceKlass software/amazon/awssdk/regions/servicemetadata/RdsServiceMetadata
instanceKlass software/amazon/awssdk/regions/servicemetadata/RbinServiceMetadata
instanceKlass software/amazon/awssdk/regions/servicemetadata/RamServiceMetadata
instanceKlass software/amazon/awssdk/regions/servicemetadata/QuicksightServiceMetadata
instanceKlass software/amazon/awssdk/regions/servicemetadata/QldbServiceMetadata
instanceKlass software/amazon/awssdk/regions/servicemetadata/QbusinessServiceMetadata
instanceKlass software/amazon/awssdk/regions/servicemetadata/ProtonServiceMetadata
instanceKlass software/amazon/awssdk/regions/servicemetadata/ProjectsIot1clickServiceMetadata
instanceKlass software/amazon/awssdk/regions/servicemetadata/ProfileServiceMetadata
instanceKlass software/amazon/awssdk/regions/servicemetadata/PrivateNetworksServiceMetadata
instanceKlass software/amazon/awssdk/regions/servicemetadata/PortalSsoServiceMetadata
instanceKlass software/amazon/awssdk/regions/servicemetadata/PollyServiceMetadata
instanceKlass software/amazon/awssdk/regions/servicemetadata/PipesServiceMetadata
instanceKlass software/amazon/awssdk/regions/servicemetadata/PinpointServiceMetadata
instanceKlass software/amazon/awssdk/regions/servicemetadata/PiServiceMetadata
instanceKlass software/amazon/awssdk/regions/servicemetadata/PersonalizeServiceMetadata
instanceKlass software/amazon/awssdk/regions/servicemetadata/ParticipantConnectServiceMetadata
instanceKlass software/amazon/awssdk/regions/servicemetadata/OutpostsServiceMetadata
instanceKlass software/amazon/awssdk/regions/servicemetadata/OsisServiceMetadata
instanceKlass software/amazon/awssdk/regions/servicemetadata/OrganizationsServiceMetadata
instanceKlass software/amazon/awssdk/regions/servicemetadata/OpsworksCmServiceMetadata
instanceKlass software/amazon/awssdk/regions/servicemetadata/OpsworksServiceMetadata
instanceKlass software/amazon/awssdk/regions/servicemetadata/OmicsServiceMetadata
instanceKlass software/amazon/awssdk/regions/servicemetadata/OidcServiceMetadata
instanceKlass software/amazon/awssdk/regions/servicemetadata/OamServiceMetadata
instanceKlass software/amazon/awssdk/regions/servicemetadata/NimbleServiceMetadata
instanceKlass software/amazon/awssdk/regions/servicemetadata/NetworkmanagerServiceMetadata
instanceKlass software/amazon/awssdk/regions/servicemetadata/NetworkFirewallServiceMetadata
instanceKlass software/amazon/awssdk/regions/servicemetadata/NeptuneServiceMetadata
instanceKlass software/amazon/awssdk/regions/servicemetadata/MturkRequesterServiceMetadata
instanceKlass software/amazon/awssdk/regions/servicemetadata/MqServiceMetadata
instanceKlass software/amazon/awssdk/regions/servicemetadata/MonitoringServiceMetadata
instanceKlass software/amazon/awssdk/regions/servicemetadata/ModelsLexServiceMetadata
instanceKlass software/amazon/awssdk/regions/servicemetadata/ModelsV2LexServiceMetadata
instanceKlass software/amazon/awssdk/regions/servicemetadata/MobileanalyticsServiceMetadata
instanceKlass software/amazon/awssdk/regions/servicemetadata/MigrationhubStrategyServiceMetadata
instanceKlass software/amazon/awssdk/regions/servicemetadata/MigrationhubOrchestratorServiceMetadata
instanceKlass software/amazon/awssdk/regions/servicemetadata/MgnServiceMetadata
instanceKlass software/amazon/awssdk/regions/servicemetadata/MghServiceMetadata
instanceKlass software/amazon/awssdk/regions/servicemetadata/MetricsSagemakerServiceMetadata
instanceKlass software/amazon/awssdk/regions/servicemetadata/MeteringMarketplaceServiceMetadata
instanceKlass software/amazon/awssdk/regions/servicemetadata/MessagingChimeServiceMetadata
instanceKlass software/amazon/awssdk/regions/servicemetadata/MemoryDbServiceMetadata
instanceKlass software/amazon/awssdk/regions/servicemetadata/MeetingsChimeServiceMetadata
instanceKlass software/amazon/awssdk/regions/servicemetadata/MediastoreServiceMetadata
instanceKlass software/amazon/awssdk/regions/servicemetadata/Mediapackagev2ServiceMetadata
instanceKlass software/amazon/awssdk/regions/servicemetadata/MediapackageVodServiceMetadata
instanceKlass software/amazon/awssdk/regions/servicemetadata/MediapackageServiceMetadata
instanceKlass software/amazon/awssdk/regions/servicemetadata/MedialiveServiceMetadata
instanceKlass software/amazon/awssdk/regions/servicemetadata/MediaconvertServiceMetadata
instanceKlass software/amazon/awssdk/regions/servicemetadata/MediaconnectServiceMetadata
instanceKlass software/amazon/awssdk/regions/servicemetadata/MediaPipelinesChimeServiceMetadata
instanceKlass software/amazon/awssdk/regions/servicemetadata/MarketplacecommerceanalyticsServiceMetadata
instanceKlass software/amazon/awssdk/regions/servicemetadata/ManagedblockchainQueryServiceMetadata
instanceKlass software/amazon/awssdk/regions/servicemetadata/ManagedblockchainServiceMetadata
instanceKlass software/amazon/awssdk/regions/servicemetadata/Macie2ServiceMetadata
instanceKlass software/amazon/awssdk/regions/servicemetadata/MachinelearningServiceMetadata
instanceKlass software/amazon/awssdk/regions/servicemetadata/M2ServiceMetadata
instanceKlass software/amazon/awssdk/regions/servicemetadata/LookoutvisionServiceMetadata
instanceKlass software/amazon/awssdk/regions/servicemetadata/LookoutmetricsServiceMetadata
instanceKlass software/amazon/awssdk/regions/servicemetadata/LookoutequipmentServiceMetadata
instanceKlass software/amazon/awssdk/regions/servicemetadata/LogsServiceMetadata
instanceKlass software/amazon/awssdk/regions/servicemetadata/LightsailServiceMetadata
instanceKlass software/amazon/awssdk/regions/servicemetadata/LicenseManagerUserSubscriptionsServiceMetadata
instanceKlass software/amazon/awssdk/regions/servicemetadata/LicenseManagerLinuxSubscriptionsServiceMetadata
instanceKlass software/amazon/awssdk/regions/servicemetadata/LicenseManagerServiceMetadata
instanceKlass software/amazon/awssdk/regions/servicemetadata/LambdaServiceMetadata
instanceKlass software/amazon/awssdk/regions/servicemetadata/LakeformationServiceMetadata
instanceKlass software/amazon/awssdk/regions/servicemetadata/KmsServiceMetadata
instanceKlass software/amazon/awssdk/regions/servicemetadata/KinesisvideoServiceMetadata
instanceKlass software/amazon/awssdk/regions/servicemetadata/KinesisanalyticsServiceMetadata
instanceKlass software/amazon/awssdk/regions/servicemetadata/KinesisServiceMetadata
instanceKlass software/amazon/awssdk/regions/servicemetadata/KendraRankingServiceMetadata
instanceKlass software/amazon/awssdk/regions/servicemetadata/KendraServiceMetadata
instanceKlass software/amazon/awssdk/regions/servicemetadata/KafkaconnectServiceMetadata
instanceKlass software/amazon/awssdk/regions/servicemetadata/KafkaServiceMetadata
instanceKlass software/amazon/awssdk/regions/servicemetadata/IvsrealtimeServiceMetadata
instanceKlass software/amazon/awssdk/regions/servicemetadata/IvschatServiceMetadata
instanceKlass software/amazon/awssdk/regions/servicemetadata/IvsServiceMetadata
instanceKlass software/amazon/awssdk/regions/servicemetadata/IotwirelessServiceMetadata
instanceKlass software/amazon/awssdk/regions/servicemetadata/IottwinmakerServiceMetadata
instanceKlass software/amazon/awssdk/regions/servicemetadata/IotthingsgraphServiceMetadata
instanceKlass software/amazon/awssdk/regions/servicemetadata/IotsitewiseServiceMetadata
instanceKlass software/amazon/awssdk/regions/servicemetadata/IotsecuredtunnelingServiceMetadata
instanceKlass software/amazon/awssdk/regions/servicemetadata/IotroborunnerServiceMetadata
instanceKlass software/amazon/awssdk/regions/servicemetadata/IotfleetwiseServiceMetadata
instanceKlass software/amazon/awssdk/regions/servicemetadata/IoteventsdataServiceMetadata
instanceKlass software/amazon/awssdk/regions/servicemetadata/IoteventsServiceMetadata
instanceKlass software/amazon/awssdk/regions/servicemetadata/IotanalyticsServiceMetadata
instanceKlass software/amazon/awssdk/regions/servicemetadata/IotServiceMetadata
instanceKlass software/amazon/awssdk/regions/servicemetadata/InternetmonitorServiceMetadata
instanceKlass software/amazon/awssdk/regions/servicemetadata/Inspector2ServiceMetadata
instanceKlass software/amazon/awssdk/regions/servicemetadata/InspectorServiceMetadata
instanceKlass software/amazon/awssdk/regions/servicemetadata/IngestTimestreamServiceMetadata
instanceKlass software/amazon/awssdk/regions/servicemetadata/ImportexportServiceMetadata
instanceKlass software/amazon/awssdk/regions/servicemetadata/IdentitystoreServiceMetadata
instanceKlass software/amazon/awssdk/regions/servicemetadata/IdentityChimeServiceMetadata
instanceKlass software/amazon/awssdk/regions/servicemetadata/IamServiceMetadata
instanceKlass software/amazon/awssdk/regions/servicemetadata/HoneycodeServiceMetadata
instanceKlass software/amazon/awssdk/regions/servicemetadata/HealthlakeServiceMetadata
instanceKlass software/amazon/awssdk/regions/servicemetadata/HealthServiceMetadata
instanceKlass software/amazon/awssdk/regions/servicemetadata/GuarddutyServiceMetadata
instanceKlass software/amazon/awssdk/regions/servicemetadata/GroundstationServiceMetadata
instanceKlass software/amazon/awssdk/regions/servicemetadata/GreengrassServiceMetadata
instanceKlass software/amazon/awssdk/regions/servicemetadata/GrafanaServiceMetadata
instanceKlass software/amazon/awssdk/regions/servicemetadata/GlueServiceMetadata
instanceKlass software/amazon/awssdk/regions/servicemetadata/GlacierServiceMetadata
instanceKlass software/amazon/awssdk/regions/servicemetadata/GeoServiceMetadata
instanceKlass software/amazon/awssdk/regions/servicemetadata/GameliftServiceMetadata
instanceKlass software/amazon/awssdk/regions/servicemetadata/FsxServiceMetadata
instanceKlass software/amazon/awssdk/regions/servicemetadata/FrauddetectorServiceMetadata
instanceKlass software/amazon/awssdk/regions/servicemetadata/ForecastqueryServiceMetadata
instanceKlass software/amazon/awssdk/regions/servicemetadata/ForecastServiceMetadata
instanceKlass software/amazon/awssdk/regions/servicemetadata/FmsServiceMetadata
instanceKlass software/amazon/awssdk/regions/servicemetadata/FirehoseServiceMetadata
instanceKlass software/amazon/awssdk/regions/servicemetadata/FinspaceApiServiceMetadata
instanceKlass software/amazon/awssdk/regions/servicemetadata/FinspaceServiceMetadata
instanceKlass software/amazon/awssdk/regions/servicemetadata/EvidentlyServiceMetadata
instanceKlass software/amazon/awssdk/regions/servicemetadata/EventsServiceMetadata
instanceKlass software/amazon/awssdk/regions/servicemetadata/EsServiceMetadata
instanceKlass software/amazon/awssdk/regions/servicemetadata/EntitlementMarketplaceServiceMetadata
instanceKlass software/amazon/awssdk/regions/servicemetadata/EmrServerlessServiceMetadata
instanceKlass software/amazon/awssdk/regions/servicemetadata/EmrContainersServiceMetadata
instanceKlass software/amazon/awssdk/regions/servicemetadata/EmailServiceMetadata
instanceKlass software/amazon/awssdk/regions/servicemetadata/ElastictranscoderServiceMetadata
instanceKlass software/amazon/awssdk/regions/servicemetadata/ElasticmapreduceServiceMetadata
instanceKlass software/amazon/awssdk/regions/servicemetadata/ElasticloadbalancingServiceMetadata
instanceKlass software/amazon/awssdk/regions/servicemetadata/ElasticfilesystemServiceMetadata
instanceKlass software/amazon/awssdk/regions/servicemetadata/ElasticbeanstalkServiceMetadata
instanceKlass software/amazon/awssdk/regions/servicemetadata/ElasticacheServiceMetadata
instanceKlass software/amazon/awssdk/regions/servicemetadata/EksAuthServiceMetadata
instanceKlass software/amazon/awssdk/regions/servicemetadata/EksServiceMetadata
instanceKlass software/amazon/awssdk/regions/servicemetadata/EdgeSagemakerServiceMetadata
instanceKlass software/amazon/awssdk/regions/servicemetadata/EcsServiceMetadata
instanceKlass software/amazon/awssdk/regions/servicemetadata/Ec2ServiceMetadata
instanceKlass software/amazon/awssdk/regions/servicemetadata/EbsServiceMetadata
instanceKlass software/amazon/awssdk/regions/servicemetadata/DynamodbServiceMetadata
instanceKlass software/amazon/awssdk/regions/servicemetadata/DsServiceMetadata
instanceKlass software/amazon/awssdk/regions/servicemetadata/DrsServiceMetadata
instanceKlass software/amazon/awssdk/regions/servicemetadata/DocdbServiceMetadata
instanceKlass software/amazon/awssdk/regions/servicemetadata/DmsServiceMetadata
instanceKlass software/amazon/awssdk/regions/servicemetadata/DlmServiceMetadata
instanceKlass software/amazon/awssdk/regions/servicemetadata/DiscoveryServiceMetadata
instanceKlass software/amazon/awssdk/regions/servicemetadata/DirectconnectServiceMetadata
instanceKlass software/amazon/awssdk/regions/servicemetadata/DevopsGuruServiceMetadata
instanceKlass software/amazon/awssdk/regions/servicemetadata/DevicefarmServiceMetadata
instanceKlass software/amazon/awssdk/regions/servicemetadata/DaxServiceMetadata
instanceKlass software/amazon/awssdk/regions/servicemetadata/DatazoneServiceMetadata
instanceKlass software/amazon/awssdk/regions/servicemetadata/DatasyncServiceMetadata
instanceKlass software/amazon/awssdk/regions/servicemetadata/DatapipelineServiceMetadata
instanceKlass software/amazon/awssdk/regions/servicemetadata/DataexchangeServiceMetadata
instanceKlass software/amazon/awssdk/regions/servicemetadata/DatabrewServiceMetadata
instanceKlass software/amazon/awssdk/regions/servicemetadata/DataMediastoreServiceMetadata
instanceKlass software/amazon/awssdk/regions/servicemetadata/DataJobsIotServiceMetadata
instanceKlass software/amazon/awssdk/regions/servicemetadata/DataIotServiceMetadata
instanceKlass software/amazon/awssdk/regions/servicemetadata/DataAtsIotServiceMetadata
instanceKlass software/amazon/awssdk/regions/servicemetadata/CurServiceMetadata
instanceKlass software/amazon/awssdk/regions/servicemetadata/CostOptimizationHubServiceMetadata
instanceKlass software/amazon/awssdk/regions/servicemetadata/ControltowerServiceMetadata
instanceKlass software/amazon/awssdk/regions/servicemetadata/ContactLensServiceMetadata
instanceKlass software/amazon/awssdk/regions/servicemetadata/ConnectCampaignsServiceMetadata
instanceKlass software/amazon/awssdk/regions/servicemetadata/ConnectServiceMetadata
instanceKlass software/amazon/awssdk/regions/servicemetadata/ConfigServiceMetadata
instanceKlass software/amazon/awssdk/regions/servicemetadata/ComputeOptimizerServiceMetadata
instanceKlass software/amazon/awssdk/regions/servicemetadata/ComprehendmedicalServiceMetadata
instanceKlass software/amazon/awssdk/regions/servicemetadata/ComprehendServiceMetadata
instanceKlass software/amazon/awssdk/regions/servicemetadata/CognitoSyncServiceMetadata
instanceKlass software/amazon/awssdk/regions/servicemetadata/CognitoIdpServiceMetadata
instanceKlass software/amazon/awssdk/regions/servicemetadata/CognitoIdentityServiceMetadata
instanceKlass software/amazon/awssdk/regions/servicemetadata/CodestarNotificationsServiceMetadata
instanceKlass software/amazon/awssdk/regions/servicemetadata/CodestarConnectionsServiceMetadata
instanceKlass software/amazon/awssdk/regions/servicemetadata/CodestarServiceMetadata
instanceKlass software/amazon/awssdk/regions/servicemetadata/CodepipelineServiceMetadata
instanceKlass software/amazon/awssdk/regions/servicemetadata/CodeguruReviewerServiceMetadata
instanceKlass software/amazon/awssdk/regions/servicemetadata/CodedeployServiceMetadata
instanceKlass software/amazon/awssdk/regions/servicemetadata/CodecommitServiceMetadata
instanceKlass software/amazon/awssdk/regions/servicemetadata/CodecatalystServiceMetadata
instanceKlass software/amazon/awssdk/regions/servicemetadata/CodebuildServiceMetadata
instanceKlass software/amazon/awssdk/regions/servicemetadata/CodeartifactServiceMetadata
instanceKlass software/amazon/awssdk/regions/servicemetadata/CloudtrailDataServiceMetadata
instanceKlass software/amazon/awssdk/regions/servicemetadata/CloudtrailServiceMetadata
instanceKlass software/amazon/awssdk/regions/servicemetadata/CloudsearchServiceMetadata
instanceKlass software/amazon/awssdk/regions/servicemetadata/Cloudhsmv2ServiceMetadata
instanceKlass software/amazon/awssdk/regions/servicemetadata/CloudhsmServiceMetadata
instanceKlass software/amazon/awssdk/regions/servicemetadata/CloudfrontServiceMetadata
instanceKlass software/amazon/awssdk/regions/servicemetadata/CloudformationServiceMetadata
instanceKlass software/amazon/awssdk/regions/servicemetadata/ClouddirectoryServiceMetadata
instanceKlass software/amazon/awssdk/regions/servicemetadata/CloudcontrolapiServiceMetadata
instanceKlass software/amazon/awssdk/regions/servicemetadata/Cloud9ServiceMetadata
instanceKlass software/amazon/awssdk/regions/servicemetadata/CleanroomsServiceMetadata
instanceKlass software/amazon/awssdk/regions/servicemetadata/ChimeServiceMetadata
instanceKlass software/amazon/awssdk/regions/servicemetadata/CeServiceMetadata
instanceKlass software/amazon/awssdk/regions/servicemetadata/CatalogMarketplaceServiceMetadata
instanceKlass software/amazon/awssdk/regions/servicemetadata/CassandraServiceMetadata
instanceKlass software/amazon/awssdk/regions/servicemetadata/CasesServiceMetadata
instanceKlass software/amazon/awssdk/regions/servicemetadata/BudgetsServiceMetadata
instanceKlass software/amazon/awssdk/regions/servicemetadata/BraketServiceMetadata
instanceKlass software/amazon/awssdk/regions/servicemetadata/BillingconductorServiceMetadata
instanceKlass software/amazon/awssdk/regions/servicemetadata/BedrockServiceMetadata
instanceKlass software/amazon/awssdk/regions/servicemetadata/BatchServiceMetadata
instanceKlass software/amazon/awssdk/regions/servicemetadata/BackupstorageServiceMetadata
instanceKlass software/amazon/awssdk/regions/servicemetadata/BackupGatewayServiceMetadata
instanceKlass software/amazon/awssdk/regions/servicemetadata/BackupServiceMetadata
instanceKlass software/amazon/awssdk/regions/servicemetadata/AutoscalingPlansServiceMetadata
instanceKlass software/amazon/awssdk/regions/servicemetadata/AutoscalingServiceMetadata
instanceKlass software/amazon/awssdk/regions/servicemetadata/AuditmanagerServiceMetadata
instanceKlass software/amazon/awssdk/regions/servicemetadata/AthenaServiceMetadata
instanceKlass software/amazon/awssdk/regions/servicemetadata/ArcZonalShiftServiceMetadata
instanceKlass software/amazon/awssdk/regions/servicemetadata/ApsServiceMetadata
instanceKlass software/amazon/awssdk/regions/servicemetadata/AppsyncServiceMetadata
instanceKlass software/amazon/awssdk/regions/servicemetadata/Appstream2ServiceMetadata
instanceKlass software/amazon/awssdk/regions/servicemetadata/ApprunnerServiceMetadata
instanceKlass software/amazon/awssdk/regions/servicemetadata/AppmeshServiceMetadata
instanceKlass software/amazon/awssdk/regions/servicemetadata/ApplicationinsightsServiceMetadata
instanceKlass software/amazon/awssdk/regions/servicemetadata/ApplicationAutoscalingServiceMetadata
instanceKlass software/amazon/awssdk/regions/servicemetadata/AppflowServiceMetadata
instanceKlass software/amazon/awssdk/regions/servicemetadata/AppconfigdataServiceMetadata
instanceKlass software/amazon/awssdk/regions/servicemetadata/AppconfigServiceMetadata
instanceKlass software/amazon/awssdk/regions/servicemetadata/AppIntegrationsServiceMetadata
instanceKlass software/amazon/awssdk/regions/servicemetadata/ApigatewayServiceMetadata
instanceKlass software/amazon/awssdk/regions/servicemetadata/ApiTunnelingIotServiceMetadata
instanceKlass software/amazon/awssdk/regions/servicemetadata/ApiSagemakerServiceMetadata
instanceKlass software/amazon/awssdk/regions/servicemetadata/ApiPricingServiceMetadata
instanceKlass software/amazon/awssdk/regions/servicemetadata/ApiMediatailorServiceMetadata
instanceKlass software/amazon/awssdk/regions/servicemetadata/ApiIotwirelessServiceMetadata
instanceKlass software/amazon/awssdk/regions/servicemetadata/ApiIotdeviceadvisorServiceMetadata
instanceKlass software/amazon/awssdk/regions/servicemetadata/ApiFleethubIotServiceMetadata
instanceKlass software/amazon/awssdk/regions/servicemetadata/ApiElasticInferenceServiceMetadata
instanceKlass software/amazon/awssdk/regions/servicemetadata/ApiEcrPublicServiceMetadata
instanceKlass software/amazon/awssdk/regions/servicemetadata/ApiEcrServiceMetadata
instanceKlass software/amazon/awssdk/regions/servicemetadata/ApiDetectiveServiceMetadata
instanceKlass software/amazon/awssdk/regions/servicemetadata/AossServiceMetadata
instanceKlass software/amazon/awssdk/regions/servicemetadata/AmplifyuibuilderServiceMetadata
instanceKlass software/amazon/awssdk/regions/servicemetadata/AmplifybackendServiceMetadata
instanceKlass software/amazon/awssdk/regions/servicemetadata/AmplifyServiceMetadata
instanceKlass software/amazon/awssdk/regions/servicemetadata/AirflowServiceMetadata
instanceKlass software/amazon/awssdk/regions/servicemetadata/AgreementMarketplaceServiceMetadata
instanceKlass software/amazon/awssdk/regions/servicemetadata/AcmPcaServiceMetadata
instanceKlass software/amazon/awssdk/regions/PartitionEndpointKey$DefaultBuilder
instanceKlass software/amazon/awssdk/regions/PartitionEndpointKey$Builder
instanceKlass software/amazon/awssdk/regions/PartitionEndpointKey
instanceKlass software/amazon/awssdk/regions/servicemetadata/AcmServiceMetadata
instanceKlass software/amazon/awssdk/regions/servicemetadata/AccountServiceMetadata
instanceKlass  @bci software/amazon/awssdk/regions/EndpointTag$EndpointTagCache put (Ljava/lang/String;)Lsoftware/amazon/awssdk/regions/EndpointTag; 4 <appendix> argL0 ; # software/amazon/awssdk/regions/EndpointTag$EndpointTagCache$$Lambda+0x000001f74b36a1b0
instanceKlass software/amazon/awssdk/regions/EndpointTag$EndpointTagCache
instanceKlass software/amazon/awssdk/regions/EndpointTag
instanceKlass software/amazon/awssdk/regions/ServiceEndpointKey$DefaultBuilder
instanceKlass software/amazon/awssdk/regions/ServiceEndpointKey$Builder
instanceKlass software/amazon/awssdk/regions/ServiceEndpointKey
instanceKlass software/amazon/awssdk/regions/servicemetadata/AccessAnalyzerServiceMetadata
instanceKlass software/amazon/awssdk/regions/internal/DefaultServicePartitionMetadata
instanceKlass software/amazon/awssdk/regions/ServicePartitionMetadata
instanceKlass software/amazon/awssdk/regions/servicemetadata/A4bServiceMetadata
instanceKlass software/amazon/awssdk/regions/GeneratedServiceMetadataProvider
instanceKlass software/amazon/awssdk/regions/regionmetadata/UsIsobEast1
instanceKlass software/amazon/awssdk/regions/regionmetadata/UsIsoWest1
instanceKlass software/amazon/awssdk/regions/regionmetadata/UsIsoEast1
instanceKlass software/amazon/awssdk/regions/regionmetadata/UsGovWest1
instanceKlass software/amazon/awssdk/regions/regionmetadata/UsGovEast1
instanceKlass software/amazon/awssdk/regions/regionmetadata/CnNorthwest1
instanceKlass software/amazon/awssdk/regions/regionmetadata/CnNorth1
instanceKlass software/amazon/awssdk/regions/regionmetadata/UsWest2
instanceKlass software/amazon/awssdk/regions/regionmetadata/UsWest1
instanceKlass software/amazon/awssdk/regions/regionmetadata/UsEast2
instanceKlass software/amazon/awssdk/regions/regionmetadata/UsEast1
instanceKlass software/amazon/awssdk/regions/regionmetadata/SaEast1
instanceKlass software/amazon/awssdk/regions/regionmetadata/MeSouth1
instanceKlass software/amazon/awssdk/regions/regionmetadata/MeCentral1
instanceKlass software/amazon/awssdk/regions/regionmetadata/IlCentral1
instanceKlass software/amazon/awssdk/regions/regionmetadata/EuWest3
instanceKlass software/amazon/awssdk/regions/regionmetadata/EuWest2
instanceKlass software/amazon/awssdk/regions/regionmetadata/EuWest1
instanceKlass software/amazon/awssdk/regions/regionmetadata/EuSouth2
instanceKlass software/amazon/awssdk/regions/regionmetadata/EuSouth1
instanceKlass software/amazon/awssdk/regions/regionmetadata/EuNorth1
instanceKlass software/amazon/awssdk/regions/regionmetadata/EuCentral2
instanceKlass software/amazon/awssdk/regions/regionmetadata/EuCentral1
instanceKlass software/amazon/awssdk/regions/regionmetadata/CaWest1
instanceKlass software/amazon/awssdk/regions/regionmetadata/CaCentral1
instanceKlass software/amazon/awssdk/regions/regionmetadata/ApSoutheast4
instanceKlass software/amazon/awssdk/regions/regionmetadata/ApSoutheast3
instanceKlass software/amazon/awssdk/regions/regionmetadata/ApSoutheast2
instanceKlass software/amazon/awssdk/regions/regionmetadata/ApSoutheast1
instanceKlass software/amazon/awssdk/regions/regionmetadata/ApSouth2
instanceKlass software/amazon/awssdk/regions/regionmetadata/ApSouth1
instanceKlass software/amazon/awssdk/regions/regionmetadata/ApNortheast3
instanceKlass software/amazon/awssdk/regions/regionmetadata/ApNortheast2
instanceKlass software/amazon/awssdk/regions/regionmetadata/ApNortheast1
instanceKlass software/amazon/awssdk/regions/regionmetadata/ApEast1
instanceKlass software/amazon/awssdk/regions/regionmetadata/AfSouth1
instanceKlass software/amazon/awssdk/regions/RegionMetadata
instanceKlass software/amazon/awssdk/regions/GeneratedRegionMetadataProvider
instanceKlass software/amazon/awssdk/regions/PartitionMetadataProvider
instanceKlass software/amazon/awssdk/regions/ServiceMetadataProvider
instanceKlass software/amazon/awssdk/regions/RegionMetadataProvider
instanceKlass software/amazon/awssdk/regions/internal/MetadataLoader
instanceKlass software/amazon/awssdk/regions/ServiceMetadata
instanceKlass software/amazon/awssdk/awscore/retry/conditions/RetryOnErrorCodeCondition
instanceKlass software/amazon/awssdk/awscore/internal/AwsErrorCode
instanceKlass software/amazon/awssdk/core/retry/conditions/AndRetryCondition
instanceKlass software/amazon/awssdk/core/retry/conditions/MaxNumberOfRetriesCondition
instanceKlass software/amazon/awssdk/core/internal/capacity/TokenBucket
instanceKlass software/amazon/awssdk/core/retry/conditions/TokenBucketRetryCondition$Builder
instanceKlass software/amazon/awssdk/core/retry/conditions/TokenBucketRetryCondition
instanceKlass software/amazon/awssdk/core/retry/conditions/OrRetryCondition
instanceKlass software/amazon/awssdk/core/retry/conditions/RetryOnThrottlingCondition
instanceKlass software/amazon/awssdk/core/retry/conditions/RetryOnClockSkewCondition
instanceKlass software/amazon/awssdk/core/retry/conditions/RetryOnExceptionsCondition
instanceKlass software/amazon/awssdk/core/retry/conditions/RetryOnStatusCodeCondition
instanceKlass software/amazon/awssdk/core/retry/backoff/EqualJitterBackoffStrategy$BuilderImpl
instanceKlass software/amazon/awssdk/core/retry/backoff/EqualJitterBackoffStrategy$Builder
instanceKlass software/amazon/awssdk/core/retry/backoff/EqualJitterBackoffStrategy
instanceKlass software/amazon/awssdk/core/retry/backoff/BackoffStrategy$1
instanceKlass software/amazon/awssdk/utils/NumericUtils
instanceKlass software/amazon/awssdk/core/internal/retry/DefaultTokenBucketExceptionCostFunction
instanceKlass software/amazon/awssdk/core/internal/retry/DefaultTokenBucketExceptionCostFunction$Builder
instanceKlass software/amazon/awssdk/core/retry/conditions/TokenBucketExceptionCostFunction$Builder
instanceKlass software/amazon/awssdk/core/retry/conditions/TokenBucketExceptionCostFunction
instanceKlass software/amazon/awssdk/core/internal/retry/SdkDefaultRetrySetting$Legacy
instanceKlass software/amazon/awssdk/core/retry/backoff/FullJitterBackoffStrategy$BuilderImpl
instanceKlass software/amazon/awssdk/core/retry/backoff/FullJitterBackoffStrategy$Builder
instanceKlass software/amazon/awssdk/core/retry/backoff/FullJitterBackoffStrategy
instanceKlass software/amazon/awssdk/core/retry/backoff/BackoffStrategy
instanceKlass software/amazon/awssdk/core/internal/retry/SdkDefaultRetrySetting$1
instanceKlass  @bci software/amazon/awssdk/utils/SystemSetting getIntegerValue ()Ljava/util/Optional; 6 <appendix> argL0 ; # software/amazon/awssdk/utils/SystemSetting$$Lambda+0x000001f74b358a88
instanceKlass software/amazon/awssdk/core/internal/retry/SdkDefaultRetrySetting
instanceKlass software/amazon/awssdk/core/retry/RetryPolicy$BuilderImpl
instanceKlass software/amazon/awssdk/core/retry/RetryPolicy$Builder
instanceKlass software/amazon/awssdk/core/retry/conditions/RetryCondition
instanceKlass software/amazon/awssdk/awscore/retry/AwsRetryPolicy
instanceKlass  @bci software/amazon/awssdk/core/retry/RetryMode$Resolver resolve ()Lsoftware/amazon/awssdk/core/retry/RetryMode; 20 <appendix> member <vmtarget> ; # software/amazon/awssdk/core/retry/RetryMode$Resolver$$Lambda+0x000001f74b359250
instanceKlass  @bci software/amazon/awssdk/core/retry/RetryMode$Resolver fromProfileFile (Ljava/util/function/Supplier;Ljava/lang/String;)Ljava/util/Optional; 50 <appendix> argL0 ; # software/amazon/awssdk/core/retry/RetryMode$Resolver$$Lambda+0x000001f74b359000
instanceKlass  @bci software/amazon/awssdk/core/retry/RetryMode$Resolver fromProfileFile (Ljava/util/function/Supplier;Ljava/lang/String;)Ljava/util/Optional; 42 <appendix> argL0 ; # software/amazon/awssdk/core/retry/RetryMode$Resolver$$Lambda+0x000001f74b35bc68
instanceKlass  @bci software/amazon/awssdk/core/retry/RetryMode$Resolver resolve ()Lsoftware/amazon/awssdk/core/retry/RetryMode; 10 <appendix> member <vmtarget> ; # software/amazon/awssdk/core/retry/RetryMode$Resolver$$Lambda+0x000001f74b35ba30
instanceKlass  @bci software/amazon/awssdk/core/retry/RetryMode$Resolver fromSystemSettings ()Ljava/util/Optional; 6 <appendix> argL0 ; # software/amazon/awssdk/core/retry/RetryMode$Resolver$$Lambda+0x000001f74b35b7e0
instanceKlass software/amazon/awssdk/core/retry/RetryMode$Resolver
instanceKlass software/amazon/awssdk/internal/http/AbstractFileStoreTlsKeyManagersProvider
instanceKlass software/amazon/awssdk/http/TlsTrustManagersProvider
instanceKlass software/amazon/awssdk/http/TlsKeyManagersProvider
instanceKlass software/amazon/awssdk/awscore/internal/defaultsmode/DefaultsModeConfiguration
instanceKlass  @bci software/amazon/awssdk/awscore/endpoint/FipsEnabledProvider isFipsEnabled ()Ljava/util/Optional; 35 <appendix> argL0 ; # software/amazon/awssdk/awscore/endpoint/FipsEnabledProvider$$Lambda+0x000001f74b35a678
instanceKlass  @bci software/amazon/awssdk/awscore/endpoint/FipsEnabledProvider$Builder <init> ()V 5 <appendix> argL0 ; # software/amazon/awssdk/awscore/endpoint/FipsEnabledProvider$Builder$$Lambda+0x000001f74b35a448
instanceKlass software/amazon/awssdk/awscore/endpoint/FipsEnabledProvider$Builder
instanceKlass software/amazon/awssdk/awscore/endpoint/FipsEnabledProvider
instanceKlass  @bci software/amazon/awssdk/awscore/internal/defaultsmode/DefaultsModeResolver resolve ()Lsoftware/amazon/awssdk/awscore/defaultsmode/DefaultsMode; 20 <appendix> member <vmtarget> ; # software/amazon/awssdk/awscore/internal/defaultsmode/DefaultsModeResolver$$Lambda+0x000001f74b35fcc8
instanceKlass  @bci software/amazon/awssdk/awscore/internal/defaultsmode/DefaultsModeResolver fromProfileFile (Ljava/util/function/Supplier;Ljava/lang/String;)Ljava/util/Optional; 50 <appendix> argL0 ; # software/amazon/awssdk/awscore/internal/defaultsmode/DefaultsModeResolver$$Lambda+0x000001f74b35fa78
instanceKlass  @bci software/amazon/awssdk/awscore/internal/defaultsmode/DefaultsModeResolver fromProfileFile (Ljava/util/function/Supplier;Ljava/lang/String;)Ljava/util/Optional; 42 <appendix> argL0 ; # software/amazon/awssdk/awscore/internal/defaultsmode/DefaultsModeResolver$$Lambda+0x000001f74b35f828
instanceKlass  @bci software/amazon/awssdk/awscore/internal/defaultsmode/DefaultsModeResolver resolve ()Lsoftware/amazon/awssdk/awscore/defaultsmode/DefaultsMode; 10 <appendix> member <vmtarget> ; # software/amazon/awssdk/awscore/internal/defaultsmode/DefaultsModeResolver$$Lambda+0x000001f74b35f5f0
instanceKlass  @bci software/amazon/awssdk/awscore/internal/defaultsmode/DefaultsModeResolver fromSystemSettings ()Ljava/util/Optional; 6 <appendix> argL0 ; # software/amazon/awssdk/awscore/internal/defaultsmode/DefaultsModeResolver$$Lambda+0x000001f74b35f3a0
instanceKlass software/amazon/awssdk/awscore/internal/defaultsmode/DefaultsModeResolver
instanceKlass software/amazon/awssdk/auth/credentials/CredentialUtils
instanceKlass  @bci software/amazon/awssdk/awscore/client/builder/AwsDefaultClientBuilder finalizeAwsConfiguration (Lsoftware/amazon/awssdk/core/client/config/SdkClientConfiguration;)Lsoftware/amazon/awssdk/core/client/config/SdkClientConfiguration; 163 <appendix> member <vmtarget> ; # software/amazon/awssdk/awscore/client/builder/AwsDefaultClientBuilder$$Lambda+0x000001f74b35ed30
instanceKlass  @bci software/amazon/awssdk/awscore/client/builder/AwsDefaultClientBuilder configureRetryPolicy (Lsoftware/amazon/awssdk/core/client/config/SdkClientConfiguration$Builder;)V 40 <appendix> member <vmtarget> ; # software/amazon/awssdk/awscore/client/builder/AwsDefaultClientBuilder$$Lambda+0x000001f74b35eaf8
instanceKlass  @bci software/amazon/awssdk/awscore/client/builder/AwsDefaultClientBuilder finalizeAwsConfiguration (Lsoftware/amazon/awssdk/core/client/config/SdkClientConfiguration;)Lsoftware/amazon/awssdk/core/client/config/SdkClientConfiguration; 148 <appendix> member <vmtarget> ; # software/amazon/awssdk/awscore/client/builder/AwsDefaultClientBuilder$$Lambda+0x000001f74b35e8b0
instanceKlass  @bci software/amazon/awssdk/awscore/client/builder/AwsDefaultClientBuilder finalizeAwsConfiguration (Lsoftware/amazon/awssdk/core/client/config/SdkClientConfiguration;)Lsoftware/amazon/awssdk/core/client/config/SdkClientConfiguration; 139 <appendix> member <vmtarget> ; # software/amazon/awssdk/awscore/client/builder/AwsDefaultClientBuilder$$Lambda+0x000001f74b35e678
instanceKlass  @bci software/amazon/awssdk/awscore/client/builder/AwsDefaultClientBuilder finalizeAwsConfiguration (Lsoftware/amazon/awssdk/core/client/config/SdkClientConfiguration;)Lsoftware/amazon/awssdk/core/client/config/SdkClientConfiguration; 127 <appendix> member <vmtarget> ; # software/amazon/awssdk/awscore/client/builder/AwsDefaultClientBuilder$$Lambda+0x000001f74b35e440
instanceKlass  @bci software/amazon/awssdk/awscore/client/builder/AwsDefaultClientBuilder finalizeAwsConfiguration (Lsoftware/amazon/awssdk/core/client/config/SdkClientConfiguration;)Lsoftware/amazon/awssdk/core/client/config/SdkClientConfiguration; 115 <appendix> member <vmtarget> ; # software/amazon/awssdk/awscore/client/builder/AwsDefaultClientBuilder$$Lambda+0x000001f74b35e208
instanceKlass  @bci software/amazon/awssdk/awscore/client/builder/AwsDefaultClientBuilder finalizeAwsConfiguration (Lsoftware/amazon/awssdk/core/client/config/SdkClientConfiguration;)Lsoftware/amazon/awssdk/core/client/config/SdkClientConfiguration; 103 <appendix> member <vmtarget> ; # software/amazon/awssdk/awscore/client/builder/AwsDefaultClientBuilder$$Lambda+0x000001f74b35dfd0
instanceKlass  @bci software/amazon/awssdk/awscore/client/builder/AwsDefaultClientBuilder finalizeAwsConfiguration (Lsoftware/amazon/awssdk/core/client/config/SdkClientConfiguration;)Lsoftware/amazon/awssdk/core/client/config/SdkClientConfiguration; 91 <appendix> member <vmtarget> ; # software/amazon/awssdk/awscore/client/builder/AwsDefaultClientBuilder$$Lambda+0x000001f74b35dd98
instanceKlass  @bci software/amazon/awssdk/awscore/client/builder/AwsDefaultClientBuilder finalizeAwsConfiguration (Lsoftware/amazon/awssdk/core/client/config/SdkClientConfiguration;)Lsoftware/amazon/awssdk/core/client/config/SdkClientConfiguration; 79 <appendix> member <vmtarget> ; # software/amazon/awssdk/awscore/client/builder/AwsDefaultClientBuilder$$Lambda+0x000001f74b35db60
instanceKlass  @bci software/amazon/awssdk/awscore/client/builder/AwsDefaultClientBuilder finalizeAwsConfiguration (Lsoftware/amazon/awssdk/core/client/config/SdkClientConfiguration;)Lsoftware/amazon/awssdk/core/client/config/SdkClientConfiguration; 67 <appendix> member <vmtarget> ; # software/amazon/awssdk/awscore/client/builder/AwsDefaultClientBuilder$$Lambda+0x000001f74b35d928
instanceKlass  @bci software/amazon/awssdk/awscore/client/builder/AwsDefaultClientBuilder finalizeAwsConfiguration (Lsoftware/amazon/awssdk/core/client/config/SdkClientConfiguration;)Lsoftware/amazon/awssdk/core/client/config/SdkClientConfiguration; 55 <appendix> member <vmtarget> ; # software/amazon/awssdk/awscore/client/builder/AwsDefaultClientBuilder$$Lambda+0x000001f74b35d6f0
instanceKlass  @bci software/amazon/awssdk/awscore/client/builder/AwsDefaultClientBuilder finalizeAwsConfiguration (Lsoftware/amazon/awssdk/core/client/config/SdkClientConfiguration;)Lsoftware/amazon/awssdk/core/client/config/SdkClientConfiguration; 43 <appendix> member <vmtarget> ; # software/amazon/awssdk/awscore/client/builder/AwsDefaultClientBuilder$$Lambda+0x000001f74b35d4b8
instanceKlass  @bci software/amazon/awssdk/awscore/client/builder/AwsDefaultClientBuilder finalizeAwsConfiguration (Lsoftware/amazon/awssdk/core/client/config/SdkClientConfiguration;)Lsoftware/amazon/awssdk/core/client/config/SdkClientConfiguration; 31 <appendix> member <vmtarget> ; # software/amazon/awssdk/awscore/client/builder/AwsDefaultClientBuilder$$Lambda+0x000001f74b35d280
instanceKlass  @bci software/amazon/awssdk/utils/AttributeMap$Builder putLazyIfAbsent (Lsoftware/amazon/awssdk/utils/AttributeMap$Key;Lsoftware/amazon/awssdk/utils/AttributeMap$LazyValue;)Lsoftware/amazon/awssdk/utils/AttributeMap$Builder; 14 <appendix> member <vmtarget> ; # software/amazon/awssdk/utils/AttributeMap$Builder$$Lambda+0x000001f74b35d048
instanceKlass  @bci software/amazon/awssdk/awscore/client/builder/AwsDefaultClientBuilder finalizeAwsConfiguration (Lsoftware/amazon/awssdk/core/client/config/SdkClientConfiguration;)Lsoftware/amazon/awssdk/core/client/config/SdkClientConfiguration; 19 <appendix> member <vmtarget> ; # software/amazon/awssdk/awscore/client/builder/AwsDefaultClientBuilder$$Lambda+0x000001f74b35ce10
instanceKlass software/amazon/awssdk/awscore/interceptor/TraceIdExecutionInterceptor
instanceKlass software/amazon/awssdk/awscore/eventstream/EventStreamInitialRequestInterceptor
instanceKlass software/amazon/awssdk/awscore/interceptor/HelpfulUnknownHostExceptionInterceptor
instanceKlass  @bci software/amazon/awssdk/identity/spi/internal/DefaultIdentityProviders <init> (Lsoftware/amazon/awssdk/identity/spi/internal/DefaultIdentityProviders$BuilderImpl;)V 25 <appendix> member <vmtarget> ; # software/amazon/awssdk/identity/spi/internal/DefaultIdentityProviders$$Lambda+0x000001f74b35c000
instanceKlass software/amazon/awssdk/identity/spi/internal/DefaultIdentityProviders$BuilderImpl
instanceKlass software/amazon/awssdk/identity/spi/IdentityProviders$Builder
instanceKlass software/amazon/awssdk/identity/spi/internal/DefaultIdentityProviders
instanceKlass  @bci software/amazon/awssdk/utils/AttributeMap$DependencyGraph valueUpdated (Lsoftware/amazon/awssdk/utils/AttributeMap$Value;Lsoftware/amazon/awssdk/utils/AttributeMap$Value;)V 79 <appendix> member <vmtarget> ; # software/amazon/awssdk/utils/AttributeMap$DependencyGraph$$Lambda+0x000001f74b357688
instanceKlass software/amazon/awssdk/utils/AttributeMap$CachedValue
instanceKlass  @bci software/amazon/awssdk/utils/AttributeMap$DependencyGraph lambda$new$1 (Ljava/util/Map;Lsoftware/amazon/awssdk/utils/AttributeMap$Value;Ljava/util/Set;)V 57 <appendix> member <vmtarget> ; # software/amazon/awssdk/utils/AttributeMap$DependencyGraph$$Lambda+0x000001f74b357220
instanceKlass  @bci software/amazon/awssdk/services/s3/DefaultS3BaseClientBuilder finalizeServiceConfiguration (Lsoftware/amazon/awssdk/core/client/config/SdkClientConfiguration;)Lsoftware/amazon/awssdk/core/client/config/SdkClientConfiguration; 875 <appendix> argL0 ; # software/amazon/awssdk/services/s3/DefaultS3BaseClientBuilder$$Lambda+0x000001f74b356ff0
instanceKlass  @bci software/amazon/awssdk/services/s3/internal/s3express/UseS3ExpressAuthResolver profileFileSetting (Ljava/util/function/Supplier;Ljava/util/function/Supplier;)Ljava/lang/String; 38 <appendix> argL0 ; # software/amazon/awssdk/services/s3/internal/s3express/UseS3ExpressAuthResolver$$Lambda+0x000001f74b356da0
instanceKlass  @bci software/amazon/awssdk/services/s3/internal/s3express/UseS3ExpressAuthResolver lambda$new$2 (Lsoftware/amazon/awssdk/core/client/config/SdkClientConfiguration;)Ljava/lang/Boolean; 8 <appendix> member <vmtarget> ; # software/amazon/awssdk/services/s3/internal/s3express/UseS3ExpressAuthResolver$$Lambda+0x000001f74b356b68
instanceKlass  @bci software/amazon/awssdk/services/s3/internal/s3express/UseS3ExpressAuthResolver lambda$new$2 (Lsoftware/amazon/awssdk/core/client/config/SdkClientConfiguration;)Ljava/lang/Boolean; 2 <appendix> member <vmtarget> ; # software/amazon/awssdk/services/s3/internal/s3express/UseS3ExpressAuthResolver$$Lambda+0x000001f74b356930
instanceKlass  @bci software/amazon/awssdk/services/s3/internal/s3express/UseS3ExpressAuthResolver <init> (Lsoftware/amazon/awssdk/core/client/config/SdkClientConfiguration;)V 11 <appendix> member <vmtarget> ; # software/amazon/awssdk/services/s3/internal/s3express/UseS3ExpressAuthResolver$$Lambda+0x000001f74b3566f8
instanceKlass software/amazon/awssdk/services/s3/internal/s3express/UseS3ExpressAuthResolver
instanceKlass  @bci software/amazon/awssdk/services/s3/internal/endpoints/UseGlobalEndpointResolver <init> (Lsoftware/amazon/awssdk/core/client/config/SdkClientConfiguration;)V 23 <appendix> member <vmtarget> ; # software/amazon/awssdk/services/s3/internal/endpoints/UseGlobalEndpointResolver$$Lambda+0x000001f74b3562a0
instanceKlass software/amazon/awssdk/services/s3/internal/endpoints/UseGlobalEndpointResolver
instanceKlass  @bci software/amazon/awssdk/services/s3/internal/settingproviders/ProfileDisableMultiRegionProvider resolve ()Ljava/util/Optional; 27 <appendix> argL0 ; # software/amazon/awssdk/services/s3/internal/settingproviders/ProfileDisableMultiRegionProvider$$Lambda+0x000001f74b355e28
instanceKlass  @bci software/amazon/awssdk/services/s3/internal/settingproviders/ProfileDisableMultiRegionProvider resolve ()Ljava/util/Optional; 19 <appendix> argL0 ; # software/amazon/awssdk/services/s3/internal/settingproviders/ProfileDisableMultiRegionProvider$$Lambda+0x000001f74b355bd8
instanceKlass software/amazon/awssdk/services/s3/internal/settingproviders/ProfileDisableMultiRegionProvider
instanceKlass software/amazon/awssdk/services/s3/internal/settingproviders/SystemsSettingsDisableMultiRegionProvider
instanceKlass software/amazon/awssdk/services/s3/internal/settingproviders/DisableMultiRegionProviderChain
instanceKlass software/amazon/awssdk/services/s3/internal/settingproviders/DisableMultiRegionProvider
instanceKlass  @bci software/amazon/awssdk/services/s3/S3Configuration multiRegionEnabled ()Z 8 <appendix> member <vmtarget> ; # software/amazon/awssdk/services/s3/S3Configuration$$Lambda+0x000001f74b3550f8
instanceKlass  @bci software/amazon/awssdk/services/s3/internal/settingproviders/ProfileUseArnRegionProvider resolveUseArnRegion ()Ljava/util/Optional; 27 <appendix> argL0 ; # software/amazon/awssdk/services/s3/internal/settingproviders/ProfileUseArnRegionProvider$$Lambda+0x000001f74b354ea8
instanceKlass  @bci software/amazon/awssdk/services/s3/internal/settingproviders/ProfileUseArnRegionProvider resolveUseArnRegion ()Ljava/util/Optional; 19 <appendix> argL0 ; # software/amazon/awssdk/services/s3/internal/settingproviders/ProfileUseArnRegionProvider$$Lambda+0x000001f74b354c58
instanceKlass software/amazon/awssdk/profiles/Profile
instanceKlass  @bci software/amazon/awssdk/utils/SystemSetting getBooleanValue ()Ljava/util/Optional; 7 <appendix> member <vmtarget> ; # software/amazon/awssdk/utils/SystemSetting$$Lambda+0x000001f74b3547b8
instanceKlass  @cpi software/amazon/awssdk/utils/SystemSetting 92 form vmentry <vmtarget> ; # java/lang/invoke/LambdaForm$DMH+0x000001f74b358000
instanceKlass software/amazon/awssdk/services/s3/internal/settingproviders/ProfileUseArnRegionProvider
instanceKlass software/amazon/awssdk/services/s3/internal/settingproviders/SystemsSettingsUseArnRegionProvider
instanceKlass software/amazon/awssdk/services/s3/internal/settingproviders/UseArnRegionProviderChain
instanceKlass software/amazon/awssdk/services/s3/internal/settingproviders/UseArnRegionProvider
instanceKlass  @bci software/amazon/awssdk/services/s3/S3Configuration useArnRegionEnabled ()Z 8 <appendix> member <vmtarget> ; # software/amazon/awssdk/services/s3/S3Configuration$$Lambda+0x000001f74b3537e0
instanceKlass software/amazon/awssdk/utils/AttributeMap$ExpectCachedLazyValueSource
instanceKlass  @bci java/util/stream/Collectors mapMerger (Ljava/util/function/BinaryOperator;)Ljava/util/function/BinaryOperator; 1 <appendix> member <vmtarget> ; # java/util/stream/Collectors$$Lambda+0x000001f74b2d3060
instanceKlass  @bci java/util/stream/Collectors toMap (Ljava/util/function/Function;Ljava/util/function/Function;Ljava/util/function/BinaryOperator;Ljava/util/function/Supplier;)Ljava/util/stream/Collector; 3 <appendix> member <vmtarget> ; # java/util/stream/Collectors$$Lambda+0x000001f74b2d2e18
instanceKlass  @bci java/util/stream/Collectors toMap (Ljava/util/function/Function;Ljava/util/function/Function;Ljava/util/function/BinaryOperator;)Ljava/util/stream/Collector; 3 <appendix> argL0 ; # java/util/stream/Collectors$$Lambda+0x000001f74b2d2be8
instanceKlass  @bci software/amazon/awssdk/core/interceptor/ClasspathInterceptorChainFactory createExecutionInterceptorsFromClasspath (Ljava/lang/String;)Ljava/util/Collection; 22 <appendix> argL0 ; # software/amazon/awssdk/core/interceptor/ClasspathInterceptorChainFactory$$Lambda+0x000001f74b353350
instanceKlass  @bci software/amazon/awssdk/core/interceptor/ClasspathInterceptorChainFactory createExecutionInterceptorsFromClasspath (Ljava/lang/String;)Ljava/util/Collection; 17 <appendix> argL0 ; # software/amazon/awssdk/core/interceptor/ClasspathInterceptorChainFactory$$Lambda+0x000001f74b353100
instanceKlass  @bci software/amazon/awssdk/core/interceptor/ClasspathInterceptorChainFactory createExecutionInterceptorsFromClasspath (Ljava/lang/String;)Ljava/util/Collection; 12 <appendix> argL0 ; # software/amazon/awssdk/core/interceptor/ClasspathInterceptorChainFactory$$Lambda+0x000001f74b352eb0
instanceKlass  @bci software/amazon/awssdk/core/interceptor/ClasspathInterceptorChainFactory createExecutionInterceptorsFromResources (Ljava/util/Enumeration;)Ljava/util/stream/Stream; 16 <appendix> member <vmtarget> ; # software/amazon/awssdk/core/interceptor/ClasspathInterceptorChainFactory$$Lambda+0x000001f74b352c58
instanceKlass software/amazon/awssdk/core/internal/util/ClassLoaderHelper
instanceKlass software/amazon/awssdk/core/interceptor/ClasspathInterceptorChainFactory
instanceKlass software/amazon/awssdk/services/s3/internal/handlers/ObjectMetadataInterceptor
instanceKlass software/amazon/awssdk/core/SdkRequest
instanceKlass software/amazon/awssdk/services/s3/internal/handlers/CopySourceInterceptor
instanceKlass software/amazon/awssdk/core/SdkResponse
instanceKlass software/amazon/awssdk/core/SdkPojo
instanceKlass software/amazon/awssdk/services/s3/internal/handlers/GetObjectInterceptor
instanceKlass software/amazon/awssdk/services/s3/internal/handlers/ExceptionTranslationInterceptor
instanceKlass software/amazon/awssdk/services/s3/internal/handlers/EnableTrailingChecksumInterceptor
instanceKlass software/amazon/awssdk/http/ContentStreamProvider
instanceKlass software/amazon/awssdk/services/s3/internal/handlers/SyncChecksumValidationInterceptor
instanceKlass software/amazon/awssdk/core/interceptor/ExecutionAttribute$DefaultValueStorage
instanceKlass software/amazon/awssdk/core/interceptor/ExecutionAttribute$ValueStorage
instanceKlass software/amazon/awssdk/core/interceptor/ExecutionAttribute
instanceKlass software/amazon/awssdk/core/checksums/SdkChecksum
instanceKlass software/amazon/awssdk/http/SdkHttpHeaders
instanceKlass software/amazon/awssdk/services/s3/internal/handlers/AsyncChecksumValidationInterceptor
instanceKlass software/amazon/awssdk/services/s3/internal/handlers/S3ExpressChecksumInterceptor
instanceKlass  @bci software/amazon/awssdk/services/s3/internal/handlers/GetBucketPolicyInterceptor <clinit> ()V 0 <appendix> argL0 ; # software/amazon/awssdk/services/s3/internal/handlers/GetBucketPolicyInterceptor$$Lambda+0x000001f74b348800
instanceKlass software/amazon/awssdk/core/interceptor/Context$ModifyHttpResponse
instanceKlass software/amazon/awssdk/core/interceptor/Context$AfterTransmission
instanceKlass software/amazon/awssdk/core/interceptor/Context$BeforeTransmission
instanceKlass software/amazon/awssdk/core/interceptor/Context$ModifyHttpRequest
instanceKlass software/amazon/awssdk/core/interceptor/Context$AfterMarshalling
instanceKlass software/amazon/awssdk/core/interceptor/Context$BeforeMarshalling
instanceKlass software/amazon/awssdk/core/interceptor/Context$ModifyRequest
instanceKlass software/amazon/awssdk/core/interceptor/Context$BeforeExecution
instanceKlass software/amazon/awssdk/services/s3/internal/handlers/GetBucketPolicyInterceptor
instanceKlass software/amazon/awssdk/services/s3/internal/handlers/DecodeUrlEncodedResponseInterceptor
instanceKlass software/amazon/awssdk/services/s3/internal/handlers/CreateMultipartUploadRequestInterceptor
instanceKlass software/amazon/awssdk/services/s3/internal/handlers/CreateBucketInterceptor
instanceKlass software/amazon/awssdk/services/s3/internal/handlers/StreamingRequestInterceptor
instanceKlass software/amazon/awssdk/services/s3/endpoints/internal/S3RequestSetEndpointInterceptor
instanceKlass software/amazon/awssdk/services/s3/endpoints/internal/S3ResolveEndpointInterceptor
instanceKlass software/amazon/awssdk/services/s3/auth/scheme/internal/S3AuthSchemeInterceptor
instanceKlass software/amazon/awssdk/core/interceptor/ExecutionInterceptor
instanceKlass  @bci software/amazon/awssdk/profiles/ProfileFile convertToProfilesSectionsMap (Ljava/util/Map;)Ljava/util/Map; 15 <appendix> member <vmtarget> ; # software/amazon/awssdk/profiles/ProfileFile$$Lambda+0x000001f74b34adc0
instanceKlass  @bci software/amazon/awssdk/profiles/ProfileFile addConfigFile (Lsoftware/amazon/awssdk/profiles/ProfileFile$Aggregator;)V 4 <appendix> member <vmtarget> ; # software/amazon/awssdk/profiles/ProfileFile$$Lambda+0x000001f74b34ab78
instanceKlass  @bci software/amazon/awssdk/profiles/ProfileFileLocation configurationFilePath ()Ljava/nio/file/Path; 6 <appendix> argL0 ; # software/amazon/awssdk/profiles/ProfileFileLocation$$Lambda+0x000001f74b34a948
instanceKlass  @bci software/amazon/awssdk/profiles/ProfileFile defaultProfileFile ()Lsoftware/amazon/awssdk/profiles/ProfileFile; 14 <appendix> argL0 ; # software/amazon/awssdk/profiles/ProfileFile$$Lambda+0x000001f74b34a708
instanceKlass  @bci software/amazon/awssdk/profiles/ProfileFile addCredentialsFile (Lsoftware/amazon/awssdk/profiles/ProfileFile$Aggregator;)V 4 <appendix> member <vmtarget> ; # software/amazon/awssdk/profiles/ProfileFile$$Lambda+0x000001f74b34a4c0
instanceKlass  @bci software/amazon/awssdk/profiles/ProfileFileLocation resolveIfExists (Ljava/nio/file/Path;)Ljava/util/Optional; 12 <appendix> argL0 ; # software/amazon/awssdk/profiles/ProfileFileLocation$$Lambda+0x000001f74b34a260
instanceKlass  @bci software/amazon/awssdk/profiles/ProfileFileLocation resolveIfExists (Ljava/nio/file/Path;)Ljava/util/Optional; 4 <appendix> argL0 ; # software/amazon/awssdk/profiles/ProfileFileLocation$$Lambda+0x000001f74b34a000
instanceKlass  @bci software/amazon/awssdk/utils/UserHomeDirectoryUtils userHomeDirectory ()Ljava/lang/String; 27 <appendix> argL0 ; # software/amazon/awssdk/utils/UserHomeDirectoryUtils$$Lambda+0x000001f74b34fb98
instanceKlass software/amazon/awssdk/utils/UserHomeDirectoryUtils
instanceKlass  @bci software/amazon/awssdk/profiles/ProfileFileLocation credentialsFilePath ()Ljava/nio/file/Path; 6 <appendix> argL0 ; # software/amazon/awssdk/profiles/ProfileFileLocation$$Lambda+0x000001f74b34f750
instanceKlass software/amazon/awssdk/profiles/ProfileFileLocation
instanceKlass  @bci software/amazon/awssdk/profiles/ProfileFile defaultProfileFile ()Lsoftware/amazon/awssdk/profiles/ProfileFile; 3 <appendix> argL0 ; # software/amazon/awssdk/profiles/ProfileFile$$Lambda+0x000001f74b34f2f8
instanceKlass software/amazon/awssdk/profiles/ProfileFile$Aggregator
instanceKlass  @bci software/amazon/awssdk/utils/AttributeMap$DependencyGraph addDependency (Lsoftware/amazon/awssdk/utils/AttributeMap$Value;Lsoftware/amazon/awssdk/utils/AttributeMap$Value;)V 16 <appendix> argL0 ; # software/amazon/awssdk/utils/AttributeMap$DependencyGraph$$Lambda+0x000001f74b34ee48
instanceKlass  @bci software/amazon/awssdk/utils/AttributeMap$Builder internalGet (Lsoftware/amazon/awssdk/utils/AttributeMap$Value;Lsoftware/amazon/awssdk/utils/AttributeMap$Key;)Ljava/lang/Object; 24 <appendix> argL0 ; # software/amazon/awssdk/utils/AttributeMap$Builder$$Lambda+0x000001f74b34ebf8
instanceKlass software/amazon/awssdk/core/CompressionConfiguration$DefaultBuilder
instanceKlass software/amazon/awssdk/core/CompressionConfiguration$Builder
instanceKlass software/amazon/awssdk/utils/IoUtils
instanceKlass software/amazon/awssdk/core/util/SdkUserAgent
instanceKlass software/amazon/awssdk/utils/AttributeMap$DerivedValue
instanceKlass  @bci software/amazon/awssdk/core/client/builder/SdkDefaultClientBuilder lambda$mergeGlobalDefaults$1 (Ljava/util/function/Supplier;Lsoftware/amazon/awssdk/core/client/config/SdkClientConfiguration$Builder;)V 50 <appendix> argL0 ; # software/amazon/awssdk/core/client/builder/SdkDefaultClientBuilder$$Lambda+0x000001f74b34db68
instanceKlass software/amazon/awssdk/utils/AttributeMap$LazyValue
instanceKlass  @bci software/amazon/awssdk/core/client/builder/SdkDefaultClientBuilder mergeGlobalDefaults (Lsoftware/amazon/awssdk/core/client/config/SdkClientConfiguration;)Lsoftware/amazon/awssdk/core/client/config/SdkClientConfiguration; 20 <appendix> member <vmtarget> ; # software/amazon/awssdk/core/client/builder/SdkDefaultClientBuilder$$Lambda+0x000001f74b34d920
instanceKlass  @bci software/amazon/awssdk/core/client/builder/SdkDefaultClientBuilder mergeGlobalDefaults (Lsoftware/amazon/awssdk/core/client/config/SdkClientConfiguration;)Lsoftware/amazon/awssdk/core/client/config/SdkClientConfiguration; 12 <appendix> member <vmtarget> ; # software/amazon/awssdk/core/client/builder/SdkDefaultClientBuilder$$Lambda+0x000001f74b34d6e8
instanceKlass  @bci software/amazon/awssdk/core/client/builder/SdkDefaultClientBuilder mergeGlobalDefaults (Lsoftware/amazon/awssdk/core/client/config/SdkClientConfiguration;)Lsoftware/amazon/awssdk/core/client/config/SdkClientConfiguration; 4 <appendix> argL0 ; # software/amazon/awssdk/core/client/builder/SdkDefaultClientBuilder$$Lambda+0x000001f74b34d4b8
instanceKlass software/amazon/awssdk/utils/Lazy
instanceKlass software/amazon/awssdk/core/signer/Signer
instanceKlass  @bci software/amazon/awssdk/awscore/client/builder/AwsDefaultClientBuilder mergeChildDefaults (Lsoftware/amazon/awssdk/core/client/config/SdkClientConfiguration;)Lsoftware/amazon/awssdk/core/client/config/SdkClientConfiguration; 8 <appendix> member <vmtarget> ; # software/amazon/awssdk/awscore/client/builder/AwsDefaultClientBuilder$$Lambda+0x000001f74b34cda0
instanceKlass  @bci software/amazon/awssdk/utils/AttributeMap$Builder internalComputeIfAbsent (Lsoftware/amazon/awssdk/utils/AttributeMap$Key;Ljava/util/function/Supplier;)Lsoftware/amazon/awssdk/utils/AttributeMap$Value; 11 <appendix> member <vmtarget> ; # software/amazon/awssdk/utils/AttributeMap$Builder$$Lambda+0x000001f74b34cb58
instanceKlass  @bci software/amazon/awssdk/utils/AttributeMap$DependencyGraph <init> (Lsoftware/amazon/awssdk/utils/AttributeMap$DependencyGraph;Ljava/util/Map;)V 30 <appendix> member <vmtarget> ; # software/amazon/awssdk/utils/AttributeMap$DependencyGraph$$Lambda+0x000001f74b34c910
instanceKlass  @bci software/amazon/awssdk/utils/AttributeMap$Builder checkCopyOnUpdate ()V 46 <appendix> member <vmtarget> ; # software/amazon/awssdk/utils/AttributeMap$Builder$$Lambda+0x000001f74b34c6c8
instanceKlass  @bci software/amazon/awssdk/utils/AttributeMap lambda$merge$1 (Lsoftware/amazon/awssdk/utils/AttributeMap$Builder;Lsoftware/amazon/awssdk/utils/AttributeMap$Key;Lsoftware/amazon/awssdk/utils/AttributeMap$Value;)V 3 <appendix> member <vmtarget> ; # software/amazon/awssdk/utils/AttributeMap$$Lambda+0x000001f74b34c490
instanceKlass  @bci software/amazon/awssdk/utils/AttributeMap merge (Lsoftware/amazon/awssdk/utils/AttributeMap;)Lsoftware/amazon/awssdk/utils/AttributeMap; 15 <appendix> member <vmtarget> ; # software/amazon/awssdk/utils/AttributeMap$$Lambda+0x000001f74b34c248
instanceKlass software/amazon/awssdk/http/auth/internal/scheme/DefaultNoAuthAuthScheme$3
instanceKlass software/amazon/awssdk/http/auth/internal/scheme/DefaultNoAuthAuthScheme$2
instanceKlass software/amazon/awssdk/http/auth/internal/scheme/DefaultNoAuthAuthScheme$1
instanceKlass software/amazon/awssdk/http/auth/scheme/NoAuthAuthScheme$AnonymousIdentity
instanceKlass software/amazon/awssdk/http/auth/internal/scheme/DefaultNoAuthAuthScheme
instanceKlass software/amazon/awssdk/http/auth/scheme/NoAuthAuthScheme
instanceKlass software/amazon/awssdk/http/auth/aws/internal/scheme/DefaultAwsV4aAuthScheme
instanceKlass software/amazon/awssdk/http/auth/aws/scheme/AwsV4aAuthScheme
instanceKlass software/amazon/awssdk/http/auth/aws/internal/signer/V4PayloadSigner
instanceKlass software/amazon/awssdk/http/auth/spi/signer/BaseSignRequest
instanceKlass software/amazon/awssdk/http/auth/aws/internal/signer/DefaultAwsV4HttpSigner
instanceKlass software/amazon/awssdk/http/auth/spi/signer/SignerProperty
instanceKlass software/amazon/awssdk/http/auth/aws/signer/AwsV4HttpSigner
instanceKlass software/amazon/awssdk/http/auth/aws/signer/AwsV4FamilyHttpSigner
instanceKlass software/amazon/awssdk/http/auth/aws/internal/scheme/DefaultAwsV4AuthScheme
instanceKlass software/amazon/awssdk/http/auth/spi/signer/HttpSigner
instanceKlass software/amazon/awssdk/http/auth/aws/scheme/AwsV4AuthScheme
instanceKlass software/amazon/awssdk/http/auth/spi/scheme/AuthScheme
instanceKlass software/amazon/awssdk/services/s3/auth/scheme/internal/ModeledS3AuthSchemeProvider
instanceKlass software/amazon/awssdk/services/s3/auth/scheme/internal/DefaultS3AuthSchemeProvider
instanceKlass software/amazon/awssdk/services/s3/auth/scheme/S3AuthSchemeProvider
instanceKlass software/amazon/awssdk/services/s3/endpoints/internal/DefaultS3EndpointProvider
instanceKlass software/amazon/awssdk/services/s3/endpoints/S3EndpointProvider
instanceKlass  @bci software/amazon/awssdk/services/s3/DefaultS3BaseClientBuilder mergeServiceDefaults (Lsoftware/amazon/awssdk/core/client/config/SdkClientConfiguration;)Lsoftware/amazon/awssdk/core/client/config/SdkClientConfiguration; 2 <appendix> member <vmtarget> ; # software/amazon/awssdk/services/s3/DefaultS3BaseClientBuilder$$Lambda+0x000001f74b3465b0
instanceKlass software/amazon/awssdk/utils/AttributeMap$Builder$1
instanceKlass software/amazon/awssdk/utils/Pair
instanceKlass  @bci software/amazon/awssdk/regions/Region$RegionCache put (Ljava/lang/String;Z)Lsoftware/amazon/awssdk/regions/Region; 6 <appendix> form vmentry <vmtarget> ; # java/lang/invoke/LambdaForm$DMH+0x000001f74b348400
instanceKlass  @bci software/amazon/awssdk/regions/Region$RegionCache put (Ljava/lang/String;Z)Lsoftware/amazon/awssdk/regions/Region; 6 <appendix> member <vmtarget> ; # software/amazon/awssdk/regions/Region$RegionCache$$Lambda+0x000001f74b345cf0
instanceKlass  @cpi software/amazon/awssdk/regions/Region$RegionCache 46 form vmentry <vmtarget> ; # java/lang/invoke/LambdaForm$DMH+0x000001f74b348000
instanceKlass software/amazon/awssdk/regions/Region$RegionCache
instanceKlass jdk/internal/util/ImmutableBitSetPredicate
instanceKlass java/net/URLEncoder
instanceKlass  @bci software/amazon/awssdk/utils/FunctionalUtils safeSupplier (Lsoftware/amazon/awssdk/utils/FunctionalUtils$UnsafeSupplier;)Ljava/util/function/Supplier; 1 <appendix> member <vmtarget> ; # software/amazon/awssdk/utils/FunctionalUtils$$Lambda+0x000001f74b3458a0
instanceKlass software/amazon/awssdk/utils/FunctionalUtils
instanceKlass  @bci software/amazon/awssdk/utils/http/SdkHttpUtils urlEncode (Ljava/lang/String;Z)Ljava/lang/String; 7 <appendix> member <vmtarget> ; # software/amazon/awssdk/utils/http/SdkHttpUtils$$Lambda+0x000001f74b345450
instanceKlass software/amazon/awssdk/utils/FunctionalUtils$UnsafeSupplier
instanceKlass software/amazon/awssdk/utils/http/SdkHttpUtils
instanceKlass software/amazon/awssdk/auth/token/credentials/SdkTokenProvider
instanceKlass software/amazon/awssdk/regions/Region
instanceKlass software/amazon/awssdk/auth/credentials/StaticCredentialsProvider
instanceKlass software/amazon/awssdk/utils/AttributeMap$ConstantValue
instanceKlass software/amazon/awssdk/core/CompressionConfiguration
instanceKlass software/amazon/awssdk/identity/spi/IdentityProviders
instanceKlass software/amazon/awssdk/http/auth/spi/scheme/AuthSchemeProvider
instanceKlass software/amazon/awssdk/endpoints/EndpointProvider
instanceKlass software/amazon/awssdk/core/interceptor/ExecutionAttributes
instanceKlass  @bci software/amazon/awssdk/utils/AttributeMap$Key <init> (Ljava/lang/Class;)V 16 <appendix> member <vmtarget> ; # software/amazon/awssdk/utils/AttributeMap$Key$$Lambda+0x000001f74b343ef0
instanceKlass software/amazon/awssdk/core/retry/RetryPolicy
instanceKlass  @bci software/amazon/awssdk/utils/AttributeMap$Key <init> (Lsoftware/amazon/awssdk/utils/AttributeMap$Key$UnsafeValueType;)V 13 <appendix> argL0 ; # software/amazon/awssdk/utils/AttributeMap$Key$$Lambda+0x000001f74b343a58
instanceKlass software/amazon/awssdk/utils/AttributeMap$Key$UnsafeValueType
instanceKlass software/amazon/awssdk/utils/CollectionUtils
instanceKlass software/amazon/awssdk/utils/internal/EnumUtils
instanceKlass  @bci software/amazon/awssdk/awscore/defaultsmode/DefaultsMode <clinit> ()V 136 <appendix> argL0 ; # software/amazon/awssdk/awscore/defaultsmode/DefaultsMode$$Lambda+0x000001f74b3431b8
instanceKlass software/amazon/awssdk/awscore/internal/defaultsmode/AutoDefaultsModeDiscovery
instanceKlass  @bci software/amazon/awssdk/utils/AttributeMap$Builder build ()Lsoftware/amazon/awssdk/utils/AttributeMap; 19 <appendix> member <vmtarget> ; # software/amazon/awssdk/utils/AttributeMap$Builder$$Lambda+0x000001f74b3428f0
instanceKlass software/amazon/awssdk/utils/AttributeMap$DependencyGraph
instanceKlass software/amazon/awssdk/utils/AttributeMap$Value
instanceKlass software/amazon/awssdk/utils/AttributeMap$Builder
instanceKlass software/amazon/awssdk/utils/AttributeMap$LazyValueSource
instanceKlass software/amazon/awssdk/utils/AttributeMap
instanceKlass software/amazon/awssdk/core/client/config/ClientOverrideConfiguration$Builder
instanceKlass software/amazon/awssdk/core/client/config/SdkClientConfiguration$Builder
instanceKlass software/amazon/awssdk/core/client/config/SdkClientConfiguration
instanceKlass software/amazon/awssdk/http/async/SdkAsyncHttpService
instanceKlass software/amazon/awssdk/core/internal/http/loader/DefaultSdkAsyncHttpClientBuilder
instanceKlass software/amazon/awssdk/core/internal/http/loader/SdkServiceLoader
instanceKlass software/amazon/awssdk/utils/Logger
instanceKlass software/amazon/awssdk/utils/ImmutableMap$Builder
instanceKlass software/amazon/awssdk/utils/ImmutableMap
instanceKlass software/amazon/awssdk/core/internal/http/loader/ClasspathSdkHttpServiceProvider
instanceKlass software/amazon/awssdk/http/SdkHttpService
instanceKlass software/amazon/awssdk/core/internal/http/loader/SystemPropertyHttpServiceProvider
instanceKlass software/amazon/awssdk/core/internal/http/loader/SdkHttpServiceProviderChain
instanceKlass software/amazon/awssdk/core/internal/http/loader/CachingSdkHttpServiceProvider
instanceKlass software/amazon/awssdk/core/internal/http/loader/SdkHttpServiceProvider
instanceKlass software/amazon/awssdk/core/internal/http/loader/DefaultSdkHttpClientBuilder
instanceKlass software/amazon/awssdk/core/SdkServiceClientConfiguration$Builder
instanceKlass software/amazon/awssdk/http/SdkHttpClient
instanceKlass software/amazon/awssdk/http/async/SdkAsyncHttpClient
instanceKlass software/amazon/awssdk/http/async/SdkAsyncHttpClient$Builder
instanceKlass software/amazon/awssdk/http/SdkHttpClient$Builder
instanceKlass software/amazon/awssdk/utils/AttributeMap$Key
instanceKlass software/amazon/awssdk/core/client/builder/SdkDefaultClientBuilder
instanceKlass software/amazon/awssdk/services/s3/S3ClientBuilder
instanceKlass software/amazon/awssdk/services/s3/S3BaseClientBuilder
instanceKlass software/amazon/awssdk/awscore/client/builder/AwsClientBuilder
instanceKlass software/amazon/awssdk/core/client/builder/SdkClientBuilder
instanceKlass software/amazon/awssdk/awscore/client/builder/AwsSyncClientBuilder
instanceKlass software/amazon/awssdk/core/client/builder/SdkSyncClientBuilder
instanceKlass software/amazon/awssdk/core/SdkServiceClientConfiguration
instanceKlass  @bci software/amazon/awssdk/utils/SystemSetting getStringValueOrThrow ()Ljava/lang/String; 7 <appendix> member <vmtarget> ; # software/amazon/awssdk/utils/SystemSetting$$Lambda+0x000001f74b33ef90
instanceKlass  @cpi software/amazon/awssdk/utils/SystemSetting 77 form vmentry <vmtarget> ; # java/lang/invoke/LambdaForm$DMH+0x000001f74b33c800
instanceKlass  @bci software/amazon/awssdk/utils/internal/SystemSettingUtils resolveSetting (Lsoftware/amazon/awssdk/utils/SystemSetting;)Ljava/util/Optional; 29 <appendix> argL0 ; # software/amazon/awssdk/utils/internal/SystemSettingUtils$$Lambda+0x000001f74b33ed40
instanceKlass  @bci software/amazon/awssdk/utils/internal/SystemSettingUtils resolveEnvironmentVariable (Ljava/lang/String;)Ljava/util/Optional; 4 <appendix> argL0 ; # software/amazon/awssdk/utils/internal/SystemSettingUtils$$Lambda+0x000001f74b33eaf0
instanceKlass software/amazon/awssdk/utils/internal/SystemSettingUtilsTestBackdoor
instanceKlass software/amazon/awssdk/utils/OptionalUtils
instanceKlass  @bci software/amazon/awssdk/utils/internal/SystemSettingUtils resolveSetting (Lsoftware/amazon/awssdk/utils/SystemSetting;)Ljava/util/Optional; 20 <appendix> member <vmtarget> ; # software/amazon/awssdk/utils/internal/SystemSettingUtils$$Lambda+0x000001f74b33e488
instanceKlass  @bci software/amazon/awssdk/utils/internal/SystemSettingUtils resolveSetting (Lsoftware/amazon/awssdk/utils/SystemSetting;)Ljava/util/Optional; 11 <appendix> member <vmtarget> ; # software/amazon/awssdk/utils/internal/SystemSettingUtils$$Lambda+0x000001f74b33e250
instanceKlass  @bci software/amazon/awssdk/utils/internal/SystemSettingUtils resolveProperty (Lsoftware/amazon/awssdk/utils/SystemSetting;)Ljava/util/Optional; 9 <appendix> argL0 ; # software/amazon/awssdk/utils/internal/SystemSettingUtils$$Lambda+0x000001f74b33e000
instanceKlass software/amazon/awssdk/utils/internal/SystemSettingUtils
instanceKlass software/amazon/awssdk/utils/SystemSetting
instanceKlass  @bci software/amazon/awssdk/services/s3/S3Configuration <init> (Lsoftware/amazon/awssdk/services/s3/S3Configuration$DefaultS3ServiceConfigurationBuilder;)V 84 <appendix> argL0 ; # software/amazon/awssdk/services/s3/S3Configuration$$Lambda+0x000001f74b33b358
instanceKlass software/amazon/awssdk/profiles/ProfileFile$Builder
instanceKlass software/amazon/awssdk/profiles/ProfileFile
instanceKlass software/amazon/awssdk/services/s3/internal/FieldWithDefault
instanceKlass software/amazon/awssdk/services/s3/S3Configuration$DefaultS3ServiceConfigurationBuilder
instanceKlass software/amazon/awssdk/services/s3/S3Configuration$Builder
instanceKlass software/amazon/awssdk/utils/builder/CopyableBuilder
instanceKlass software/amazon/awssdk/utils/builder/SdkBuilder
instanceKlass software/amazon/awssdk/utils/builder/Buildable
instanceKlass software/amazon/awssdk/services/s3/S3Configuration
instanceKlass software/amazon/awssdk/utils/builder/ToCopyableBuilder
instanceKlass software/amazon/awssdk/core/ServiceConfiguration
instanceKlass software/amazon/awssdk/utils/Validate
instanceKlass software/amazon/awssdk/utils/StringUtils
instanceKlass software/amazon/awssdk/auth/credentials/AwsBasicCredentials
instanceKlass org/springframework/http/HttpEntity
instanceKlass org/springframework/web/multipart/MultipartFile
# instanceKlass java/lang/invoke/LambdaForm$MH+0x000001f74b33c400
instanceKlass org/springframework/core/SerializableTypeWrapper$FieldTypeProvider
instanceKlass  @bci jdk/internal/reflect/MethodHandleObjectFieldAccessorImpl set (Ljava/lang/Object;Ljava/lang/Object;)V 41 <adapter> ; # java/lang/invoke/LambdaForm$MH+0x000001f74b33c000
instanceKlass org/springframework/beans/factory/annotation/InjectionMetadata$InjectedElement
instanceKlass org/springframework/beans/factory/SmartFactoryBean
instanceKlass org/springframework/beans/factory/support/DefaultListableBeanFactory$3
instanceKlass org/springframework/context/weaving/LoadTimeWeaverAware
instanceKlass org/springframework/beans/factory/BeanFactoryInitializer
instanceKlass org/springframework/boot/web/servlet/context/WebServerStartStopLifecycle
instanceKlass org/springframework/boot/web/context/WebServerGracefulShutdownLifecycle
instanceKlass org/apache/naming/ContextAccessController
instanceKlass org/apache/naming/StringManager
instanceKlass org/apache/naming/ContextBindings
instanceKlass  @bci org/apache/catalina/core/StandardServer startPeriodicLifecycleEvent ()V 76 <appendix> member <vmtarget> ; # org/apache/catalina/core/StandardServer$$Lambda+0x000001f74b338000
instanceKlass java/util/concurrent/ForkJoinPool$DefaultForkJoinWorkerThreadFactory
instanceKlass java/util/concurrent/ForkJoinPool$1
instanceKlass jdk/internal/access/JavaUtilConcurrentFJPAccess
instanceKlass java/util/concurrent/ForkJoinTask
instanceKlass java/util/concurrent/ForkJoinPool$WorkQueue
instanceKlass java/util/concurrent/ForkJoinPool$ForkJoinWorkerThreadFactory
instanceKlass  @bci org/apache/catalina/core/StandardServer startInternal ()V 108 <appendix> member <vmtarget> ; # org/apache/catalina/core/StandardServer$$Lambda+0x000001f74b334c00
instanceKlass java/util/concurrent/locks/AbstractQueuedSynchronizer$Node
instanceKlass org/apache/catalina/mapper/WrapperMappingInfo
instanceKlass org/apache/catalina/core/ContainerBase$ContainerBackgroundProcessor
instanceKlass org/apache/catalina/mapper/Mapper$ContextList
instanceKlass org/apache/tomcat/util/threads/Constants
instanceKlass org/apache/tomcat/util/threads/TaskThread$WrappingRunnable
instanceKlass java/util/concurrent/Executors$RunnableAdapter
instanceKlass org/apache/catalina/core/ContainerBase$ContainerBackgroundProcessorMonitor
instanceKlass  @bci org/springframework/boot/web/embedded/tomcat/TomcatWebServer removeServiceConnectors ()V 2 <appendix> member <vmtarget> ; # org/springframework/boot/web/embedded/tomcat/TomcatWebServer$$Lambda+0x000001f74b337690
instanceKlass  @bci org/apache/catalina/core/ApplicationFilterConfig registerJMX ()V 139 <appendix> form vmentry <vmtarget> ; # java/lang/invoke/LambdaForm$MH+0x000001f74b334800
instanceKlass jdk/internal/vm/annotation/IntrinsicCandidate
instanceKlass org/apache/catalina/util/Introspection
instanceKlass org/apache/catalina/core/ApplicationFilterConfig
instanceKlass jakarta/servlet/HttpConstraintElement
instanceKlass org/apache/catalina/core/StandardContext$NoPluggabilityServletContext
instanceKlass org/apache/tomcat/websocket/server/WsContextListener
instanceKlass org/apache/tomcat/websocket/server/WsSessionListener
instanceKlass jakarta/servlet/GenericFilter
instanceKlass  @bci java/util/Comparator comparingLong (Ljava/util/function/ToLongFunction;)Ljava/util/Comparator; 6 <appendix> member <vmtarget> ; # java/util/Comparator$$Lambda+0x000001f74b2d08e0
instanceKlass  @bci org/apache/tomcat/websocket/server/WsWriteTimeout <init> ()V 9 <appendix> argL0 ; # org/apache/tomcat/websocket/server/WsWriteTimeout$$Lambda+0x000001f74b333008
instanceKlass  @cpi com/netflix/discovery/shared/transport/decorator/SessionedEurekaHttpClient 101 form vmentry <vmtarget> ; # java/lang/invoke/LambdaForm$DMH+0x000001f74b334000
instanceKlass java/nio/channels/CompletionHandler
instanceKlass jakarta/websocket/SendHandler
instanceKlass org/apache/tomcat/websocket/server/WsWriteTimeout
instanceKlass org/apache/tomcat/websocket/WsExtension
instanceKlass jakarta/websocket/Extension
instanceKlass org/apache/tomcat/websocket/Constants
instanceKlass jakarta/websocket/CloseReason
instanceKlass jakarta/websocket/Session
instanceKlass jakarta/websocket/EndpointConfig
instanceKlass org/apache/tomcat/websocket/WsRemoteEndpointImplBase
instanceKlass jakarta/websocket/RemoteEndpoint
instanceKlass org/apache/tomcat/websocket/AsyncChannelWrapper
instanceKlass jakarta/websocket/HandshakeResponse
instanceKlass jakarta/websocket/CloseReason$CloseCode
instanceKlass org/apache/tomcat/websocket/ClientEndpointHolder
instanceKlass org/apache/tomcat/websocket/WsWebSocketContainer
instanceKlass org/apache/tomcat/websocket/BackgroundProcess
instanceKlass org/apache/catalina/core/ApplicationFilterRegistration
instanceKlass org/apache/tomcat/util/descriptor/web/Constants
instanceKlass org/apache/catalina/core/ApplicationServletRegistration
instanceKlass org/apache/tomcat/util/modeler/Util
instanceKlass org/apache/catalina/core/StandardWrapperFacade
instanceKlass  @bci org/springframework/boot/web/servlet/ServletContextInitializerBeans <init> (Lorg/springframework/beans/factory/ListableBeanFactory;[Ljava/lang/Class;)V 72 <appendix> argL0 ; # org/springframework/boot/web/servlet/ServletContextInitializerBeans$$Lambda+0x000001f74b32d4c0
instanceKlass org/springframework/boot/web/servlet/ServletContextInitializerBeans$ServletListenerRegistrationBeanAdapter
instanceKlass jakarta/servlet/ServletContextListener
instanceKlass jakarta/servlet/http/HttpSessionListener
instanceKlass jakarta/servlet/http/HttpSessionIdListener
instanceKlass jakarta/servlet/http/HttpSessionAttributeListener
instanceKlass jakarta/servlet/ServletRequestAttributeListener
instanceKlass jakarta/servlet/ServletContextAttributeListener
instanceKlass jakarta/servlet/FilterChain
instanceKlass jakarta/servlet/FilterConfig
instanceKlass org/springframework/boot/web/servlet/ServletContextInitializerBeans$FilterRegistrationBeanAdapter
instanceKlass org/springframework/boot/web/servlet/ServletContextInitializerBeans$ServletRegistrationBeanAdapter
instanceKlass  @bci org/springframework/boot/web/servlet/ServletContextInitializerBeans$Seen add (Ljava/lang/Class;Ljava/lang/Object;)Z 16 <appendix> argL0 ; # org/springframework/boot/web/servlet/ServletContextInitializerBeans$Seen$$Lambda+0x000001f74b32e000
instanceKlass  @bci org/springframework/boot/web/servlet/ServletContextInitializerBeans getOrderedBeansOfType (Lorg/springframework/beans/factory/ListableBeanFactory;Ljava/lang/Class;Lorg/springframework/boot/web/servlet/ServletContextInitializerBeans$Seen;)Ljava/util/List; 121 <appendix> argL0 ; # org/springframework/boot/web/servlet/ServletContextInitializerBeans$$Lambda+0x000001f74b32bc50
instanceKlass org/springframework/boot/web/servlet/ServletContextInitializerBeans$Seen
instanceKlass org/springframework/boot/web/servlet/ServletContextInitializerBeans$RegistrationBeanAdapter
instanceKlass org/springframework/web/context/support/ServletContextScope
instanceKlass  @bci org/springframework/cloud/netflix/eureka/CloudEurekaClient onCacheRefreshed ()V 23 <appendix> form vmentry <vmtarget> ; # java/lang/invoke/LambdaForm$MH+0x000001f74b32c400
instanceKlass  @bci org/springframework/boot/web/servlet/server/AbstractServletWebServerFactory$SessionConfiguringInitializer configureSessionCookie (Ljakarta/servlet/SessionCookieConfig;)V 221 <appendix> member <vmtarget> ; # org/springframework/boot/web/servlet/server/AbstractServletWebServerFactory$SessionConfiguringInitializer$$Lambda+0x000001f74b32b1a8
instanceKlass  @bci org/springframework/boot/web/servlet/server/AbstractServletWebServerFactory$SessionConfiguringInitializer configureSessionCookie (Ljakarta/servlet/SessionCookieConfig;)V 212 <appendix> argL0 ; # org/springframework/boot/web/servlet/server/AbstractServletWebServerFactory$SessionConfiguringInitializer$$Lambda+0x000001f74b32af58
instanceKlass  @bci org/springframework/boot/web/servlet/server/AbstractServletWebServerFactory$SessionConfiguringInitializer configureSessionCookie (Ljakarta/servlet/SessionCookieConfig;)V 204 <appendix> member <vmtarget> ; # org/springframework/boot/web/servlet/server/AbstractServletWebServerFactory$SessionConfiguringInitializer$$Lambda+0x000001f74b32ad20
instanceKlass  @bci org/springframework/boot/web/servlet/server/AbstractServletWebServerFactory$SessionConfiguringInitializer configureSessionCookie (Ljakarta/servlet/SessionCookieConfig;)V 189 <appendix> member <vmtarget> ; # org/springframework/boot/web/servlet/server/AbstractServletWebServerFactory$SessionConfiguringInitializer$$Lambda+0x000001f74b32aad8
instanceKlass  @bci org/springframework/boot/web/servlet/server/AbstractServletWebServerFactory$SessionConfiguringInitializer configureSessionCookie (Ljakarta/servlet/SessionCookieConfig;)V 175 <appendix> argL0 ; # org/springframework/boot/web/servlet/server/AbstractServletWebServerFactory$SessionConfiguringInitializer$$Lambda+0x000001f74b32a888
instanceKlass  @bci org/springframework/boot/web/servlet/server/AbstractServletWebServerFactory$SessionConfiguringInitializer configureSessionCookie (Ljakarta/servlet/SessionCookieConfig;)V 167 <appendix> member <vmtarget> ; # org/springframework/boot/web/servlet/server/AbstractServletWebServerFactory$SessionConfiguringInitializer$$Lambda+0x000001f74b32a650
instanceKlass  @bci org/springframework/boot/web/servlet/server/AbstractServletWebServerFactory$SessionConfiguringInitializer configureSessionCookie (Ljakarta/servlet/SessionCookieConfig;)V 152 <appendix> member <vmtarget> ; # org/springframework/boot/web/servlet/server/AbstractServletWebServerFactory$SessionConfiguringInitializer$$Lambda+0x000001f74b32a408
instanceKlass  @bci org/springframework/boot/web/servlet/server/AbstractServletWebServerFactory$SessionConfiguringInitializer configureSessionCookie (Ljakarta/servlet/SessionCookieConfig;)V 138 <appendix> member <vmtarget> ; # org/springframework/boot/web/servlet/server/AbstractServletWebServerFactory$SessionConfiguringInitializer$$Lambda+0x000001f74b32a1d0
instanceKlass  @bci org/springframework/boot/web/servlet/server/AbstractServletWebServerFactory$SessionConfiguringInitializer configureSessionCookie (Ljakarta/servlet/SessionCookieConfig;)V 123 <appendix> member <vmtarget> ; # org/springframework/boot/web/servlet/server/AbstractServletWebServerFactory$SessionConfiguringInitializer$$Lambda+0x000001f74b329f88
instanceKlass  @bci org/springframework/boot/web/servlet/server/AbstractServletWebServerFactory$SessionConfiguringInitializer configureSessionCookie (Ljakarta/servlet/SessionCookieConfig;)V 109 <appendix> member <vmtarget> ; # org/springframework/boot/web/servlet/server/AbstractServletWebServerFactory$SessionConfiguringInitializer$$Lambda+0x000001f74b329d50
instanceKlass  @bci org/springframework/boot/web/servlet/server/AbstractServletWebServerFactory$SessionConfiguringInitializer configureSessionCookie (Ljakarta/servlet/SessionCookieConfig;)V 94 <appendix> member <vmtarget> ; # org/springframework/boot/web/servlet/server/AbstractServletWebServerFactory$SessionConfiguringInitializer$$Lambda+0x000001f74b329b08
instanceKlass  @bci org/springframework/boot/web/servlet/server/AbstractServletWebServerFactory$SessionConfiguringInitializer configureSessionCookie (Ljakarta/servlet/SessionCookieConfig;)V 80 <appendix> member <vmtarget> ; # org/springframework/boot/web/servlet/server/AbstractServletWebServerFactory$SessionConfiguringInitializer$$Lambda+0x000001f74b3298d0
instanceKlass  @bci org/springframework/boot/web/servlet/server/AbstractServletWebServerFactory$SessionConfiguringInitializer configureSessionCookie (Ljakarta/servlet/SessionCookieConfig;)V 65 <appendix> member <vmtarget> ; # org/springframework/boot/web/servlet/server/AbstractServletWebServerFactory$SessionConfiguringInitializer$$Lambda+0x000001f74b329688
instanceKlass  @bci org/springframework/boot/web/servlet/server/AbstractServletWebServerFactory$SessionConfiguringInitializer configureSessionCookie (Ljakarta/servlet/SessionCookieConfig;)V 51 <appendix> member <vmtarget> ; # org/springframework/boot/web/servlet/server/AbstractServletWebServerFactory$SessionConfiguringInitializer$$Lambda+0x000001f74b329450
instanceKlass  @bci org/springframework/boot/web/servlet/server/AbstractServletWebServerFactory$SessionConfiguringInitializer configureSessionCookie (Ljakarta/servlet/SessionCookieConfig;)V 36 <appendix> member <vmtarget> ; # org/springframework/boot/web/servlet/server/AbstractServletWebServerFactory$SessionConfiguringInitializer$$Lambda+0x000001f74b329208
instanceKlass  @bci org/springframework/boot/web/servlet/server/AbstractServletWebServerFactory$SessionConfiguringInitializer configureSessionCookie (Ljakarta/servlet/SessionCookieConfig;)V 22 <appendix> member <vmtarget> ; # org/springframework/boot/web/servlet/server/AbstractServletWebServerFactory$SessionConfiguringInitializer$$Lambda+0x000001f74b328fd0
instanceKlass  @bci org/springframework/boot/web/servlet/server/AbstractServletWebServerFactory lambda$mergeInitializers$1 (Ljakarta/servlet/ServletContext;)V 10 <appendix> member <vmtarget> ; # org/springframework/boot/web/servlet/server/AbstractServletWebServerFactory$$Lambda+0x000001f74b328d88
instanceKlass  @cpi org/springframework/boot/web/servlet/server/AbstractServletWebServerFactory 395 form vmentry <vmtarget> ; # java/lang/invoke/LambdaForm$DMH+0x000001f74b32c000
instanceKlass org/apache/tomcat/InstanceManagerBindings
instanceKlass org/apache/catalina/core/DefaultInstanceManager$AnnotationCacheEntry
instanceKlass org/apache/catalina/core/DefaultInstanceManager
instanceKlass org/apache/tomcat/util/descriptor/web/FilterDef
instanceKlass org/apache/catalina/startup/WebAnnotationSet
instanceKlass  @bci org/apache/catalina/loader/WebappLoader startInternal ()V 206 <appendix> form vmentry <vmtarget> ; # java/lang/invoke/LambdaForm$MH+0x000001f74b321400
instanceKlass org/apache/catalina/webresources/EmptyResource
instanceKlass org/apache/tomcat/util/compat/JrePlatform
instanceKlass org/apache/catalina/webresources/CachedResource
instanceKlass org/apache/catalina/security/SecurityUtil
instanceKlass org/apache/tomcat/util/http/RequestUtil
instanceKlass org/apache/catalina/WebResourceLockSet
instanceKlass org/apache/catalina/webresources/TomcatURLStreamHandlerFactory
instanceKlass org/apache/catalina/core/ApplicationSessionCookieConfig
instanceKlass org/apache/catalina/core/ApplicationContextFacade
instanceKlass jakarta/servlet/RequestDispatcher
instanceKlass jakarta/servlet/FilterRegistration$Dynamic
instanceKlass jakarta/servlet/FilterRegistration
instanceKlass jakarta/servlet/SessionCookieConfig
instanceKlass org/apache/catalina/core/ApplicationContext
instanceKlass org/apache/catalina/util/ContextName
instanceKlass  @bci org/springframework/boot/web/servlet/server/StaticResourceJars getUrls ()Ljava/util/List; 58 <appendix> argL0 ; # org/springframework/boot/web/servlet/server/StaticResourceJars$$Lambda+0x000001f74b324688
instanceKlass  @bci org/springframework/boot/web/servlet/server/StaticResourceJars getUrls ()Ljava/util/List; 48 <appendix> member <vmtarget> ; # org/springframework/boot/web/servlet/server/StaticResourceJars$$Lambda+0x000001f74b324430
instanceKlass org/apache/catalina/core/ContainerBase$StartChild
instanceKlass org/apache/catalina/realm/X509SubjectDnRetriever
instanceKlass java/util/logging/LogRecord
instanceKlass java/text/StringBufFactory$StringBufferImpl
instanceKlass org/apache/tomcat/util/threads/ScheduledThreadPoolExecutor
instanceKlass java/util/concurrent/RunnableScheduledFuture
instanceKlass java/util/concurrent/ScheduledFuture
instanceKlass java/util/concurrent/Delayed
instanceKlass org/apache/tomcat/util/threads/TaskThreadFactory
instanceKlass org/apache/tomcat/jni/AprStatus
instanceKlass org/apache/tomcat/util/net/openssl/OpenSSLStatus
instanceKlass org/apache/tomcat/util/buf/StringUtils
instanceKlass org/apache/catalina/util/ServerInfo
instanceKlass org/apache/catalina/connector/CoyoteAdapter
instanceKlass org/apache/catalina/Executor
instanceKlass org/apache/catalina/mbeans/MBeanUtils
instanceKlass org/apache/catalina/mbeans/MBeanFactory
instanceKlass org/apache/tomcat/util/buf/StringCache
instanceKlass com/sun/jmx/mbeanserver/Util
instanceKlass javax/management/ObjectName$Property
instanceKlass org/apache/tomcat/util/net/SocketWrapperBase
instanceKlass org/apache/tomcat/util/net/SSLImplementation
# instanceKlass java/lang/invoke/LambdaForm$MH+0x000001f74b320c00
# instanceKlass java/lang/invoke/LambdaForm$MH+0x000001f74b320800
# instanceKlass java/lang/invoke/LambdaForm$MH+0x000001f74b320400
# instanceKlass java/lang/invoke/LambdaForm$BMH+0x000001f74b320000
# instanceKlass java/lang/invoke/LambdaForm$DMH+0x000001f74b314400
instanceKlass  @bci org/springframework/boot/web/embedded/tomcat/TomcatWebServer disableBindOnInit ()V 1 <appendix> argL0 ; # org/springframework/boot/web/embedded/tomcat/TomcatWebServer$$Lambda+0x000001f74b31c9c0
instanceKlass  @bci org/springframework/boot/web/embedded/tomcat/TomcatWebServer initialize ()V 37 <appendix> member <vmtarget> ; # org/springframework/boot/web/embedded/tomcat/TomcatWebServer$$Lambda+0x000001f74b31c788
instanceKlass org/springframework/boot/web/embedded/tomcat/GracefulShutdown
instanceKlass  @bci org/springframework/boot/autoconfigure/web/embedded/TomcatWebServerFactoryCustomizer lambda$customizeStaticResources$27 (Lorg/springframework/boot/autoconfigure/web/ServerProperties$Tomcat$Resource;Lorg/apache/catalina/Context;)V 3 <appendix> member <vmtarget> ; # org/springframework/boot/autoconfigure/web/embedded/TomcatWebServerFactoryCustomizer$$Lambda+0x000001f74b31bd88
instanceKlass org/springframework/boot/web/embedded/tomcat/DisableReferenceClearingContextCustomizer
instanceKlass  @bci org/springframework/boot/system/ApplicationTemp getTempDirectory ()Ljava/nio/file/Path; 50 <appendix> member <vmtarget> ; # org/springframework/boot/system/ApplicationTemp$$Lambda+0x000001f74b31b6a8
instanceKlass  @bci org/springframework/boot/system/ApplicationTemp getTempDirectory ()Ljava/nio/file/Path; 33 <appendix> member <vmtarget> ; # org/springframework/boot/system/ApplicationTemp$$Lambda+0x000001f74b31b470
instanceKlass jdk/internal/event/EventHelper$ThreadTrackHolder
instanceKlass sun/security/util/MemoryCache$QueueCacheEntry
instanceKlass org/springframework/boot/system/ApplicationTemp
instanceKlass  @bci org/springframework/boot/web/embedded/tomcat/TomcatServletWebServerFactory configurePersistSession (Lorg/apache/catalina/Manager;)V 5 <appendix> member <vmtarget> ; # org/springframework/boot/web/embedded/tomcat/TomcatServletWebServerFactory$$Lambda+0x000001f74b31b008
instanceKlass java/io/ObjectStreamConstants
instanceKlass java/io/ObjectInput
instanceKlass org/apache/catalina/Session
instanceKlass org/apache/tomcat/util/buf/UDecoder
instanceKlass org/springframework/boot/web/embedded/tomcat/TomcatStarter
instanceKlass org/apache/catalina/core/StandardHost$MemoryLeakTrackingListener
instanceKlass org/springframework/boot/web/servlet/server/AbstractServletWebServerFactory$SessionConfiguringInitializer
instanceKlass  @bci org/springframework/boot/web/servlet/server/AbstractServletWebServerFactory mergeInitializers ([Lorg/springframework/boot/web/servlet/ServletContextInitializer;)[Lorg/springframework/boot/web/servlet/ServletContextInitializer; 10 <appendix> member <vmtarget> ; # org/springframework/boot/web/servlet/server/AbstractServletWebServerFactory$$Lambda+0x000001f74b318e28
instanceKlass org/springframework/boot/web/embedded/tomcat/TomcatServletWebServerFactory$StaticResourceConfigurer
instanceKlass org/apache/tomcat/util/collections/ConcurrentLruCache
instanceKlass org/apache/tomcat/util/scan/StandardJarScanner
instanceKlass org/apache/tomcat/util/scan/StandardJarScanFilter
instanceKlass  @bci org/springframework/boot/web/embedded/tomcat/TomcatServletWebServerFactory prepareContext (Lorg/apache/catalina/Host;[Lorg/springframework/boot/web/servlet/ServletContextInitializer;)V 171 <appendix> member <vmtarget> ; # org/springframework/boot/web/embedded/tomcat/TomcatServletWebServerFactory$$Lambda+0x000001f74b314800
instanceKlass  @bci org/springframework/boot/web/embedded/tomcat/TomcatServletWebServerFactory addLocaleMappings (Lorg/springframework/boot/web/embedded/tomcat/TomcatEmbeddedContext;)V 5 <appendix> member <vmtarget> ; # org/springframework/boot/web/embedded/tomcat/TomcatServletWebServerFactory$$Lambda+0x000001f74b315d20
instanceKlass org/apache/catalina/util/CharsetMapper
instanceKlass org/apache/catalina/startup/Tomcat$FixContextListener
instanceKlass org/apache/catalina/util/URLEncoder
instanceKlass  @bci org/springframework/boot/web/embedded/tomcat/TomcatServletWebServerFactory prepareContext (Lorg/apache/catalina/Host;[Lorg/springframework/boot/web/servlet/ServletContextInitializer;)V 44 <appendix> member <vmtarget> ; # org/springframework/boot/web/embedded/tomcat/TomcatServletWebServerFactory$$Lambda+0x000001f74b315460
instanceKlass org/apache/catalina/WebResource
instanceKlass org/apache/catalina/webresources/Cache
instanceKlass org/apache/catalina/WebResourceSet
instanceKlass com/sun/jmx/remote/util/ClassLogger
instanceKlass javax/management/NotificationBroadcasterSupport$1
instanceKlass javax/management/NotificationBroadcasterSupport
instanceKlass org/apache/catalina/core/StandardContext$ContextFilterMaps
instanceKlass org/apache/catalina/util/ErrorPageSupport
instanceKlass org/apache/tomcat/util/descriptor/web/XmlEncodingBase
instanceKlass org/apache/tomcat/util/descriptor/web/ApplicationParameter
instanceKlass org/apache/catalina/core/StandardContext$1
instanceKlass org/apache/tomcat/JarScanner
instanceKlass org/apache/tomcat/InstanceManager
instanceKlass org/apache/catalina/ThreadBindingListener
instanceKlass org/apache/catalina/Globals
instanceKlass org/apache/catalina/realm/RealmBase$AllRolesMode
instanceKlass org/apache/catalina/realm/DigestCredentialHandlerBase
instanceKlass org/apache/catalina/realm/X509UsernameRetriever
instanceKlass org/apache/catalina/CredentialHandler
instanceKlass org/apache/catalina/AccessLog
instanceKlass org/apache/catalina/Pipeline
instanceKlass org/apache/tomcat/util/threads/LimitLatch
instanceKlass org/springframework/boot/web/embedded/tomcat/CompressionConnectorCustomizer
instanceKlass org/apache/tomcat/util/buf/CharsetUtil
instanceKlass org/apache/tomcat/util/buf/CharsetCache
instanceKlass org/apache/tomcat/util/buf/B2CConverter
instanceKlass  @bci org/springframework/boot/web/embedded/tomcat/TomcatServletWebServerFactory invokeProtocolHandlerCustomizers (Lorg/apache/coyote/ProtocolHandler;)V 16 <appendix> member <vmtarget> ; # org/springframework/boot/web/embedded/tomcat/TomcatServletWebServerFactory$$Lambda+0x000001f74b30efd0
instanceKlass javax/management/ObjectName
instanceKlass javax/management/QueryExp
instanceKlass org/apache/coyote/Response
instanceKlass org/apache/coyote/Request
instanceKlass org/apache/tomcat/util/http/parser/HttpParser
instanceKlass org/apache/tomcat/util/net/SSLHostConfig
instanceKlass org/apache/tomcat/util/XReflectionIntrospectionUtils
instanceKlass org/apache/tomcat/util/IntrospectionUtils
instanceKlass org/apache/catalina/ContainerListener
instanceKlass org/apache/catalina/mapper/Mapper$MapElement
instanceKlass org/apache/catalina/mapper/Mapper
instanceKlass org/apache/tomcat/util/file/ConfigFileLoader
instanceKlass org/apache/tomcat/util/file/ConfigurationSource$1
instanceKlass org/apache/catalina/startup/CatalinaBaseConfigurationSource
instanceKlass org/apache/tomcat/util/descriptor/web/ResourceBase
instanceKlass org/apache/tomcat/util/descriptor/web/Injectable
instanceKlass org/apache/tomcat/util/descriptor/web/NamingResources
instanceKlass java/beans/PropertyChangeListener
instanceKlass java/beans/ChangeListenerMap
instanceKlass java/beans/PropertyChangeSupport
instanceKlass org/apache/coyote/CompressionConfig
instanceKlass org/apache/tomcat/util/collections/SynchronizedStack
instanceKlass javax/management/NotificationFilter
instanceKlass org/apache/tomcat/util/modeler/BaseModelMBean
instanceKlass javax/management/modelmbean/ModelMBeanNotificationBroadcaster
instanceKlass org/apache/coyote/AbstractProtocol$ConnectionHandler
instanceKlass org/apache/tomcat/util/net/SocketProperties
instanceKlass org/apache/tomcat/util/net/NioChannel
instanceKlass org/apache/tomcat/util/net/SocketProcessorBase
instanceKlass org/apache/tomcat/util/net/AbstractEndpoint
instanceKlass org/apache/coyote/Adapter
instanceKlass java/io/DeleteOnExitHook$1
instanceKlass java/io/DeleteOnExitHook
instanceKlass sun/nio/fs/WindowsPath$1
instanceKlass sun/security/provider/AbstractDrbg$NonceProvider
instanceKlass  @bci sun/security/provider/AbstractDrbg$SeederHolder <clinit> ()V 42 <appendix> member <vmtarget> ; # sun/security/provider/AbstractDrbg$SeederHolder$$Lambda+0x000001f74b2c89f0
instanceKlass  @cpi sun/security/provider/AbstractDrbg$SeederHolder 91 form vmentry <vmtarget> ; # java/lang/invoke/LambdaForm$DMH+0x000001f74b301800
# instanceKlass java/lang/invoke/LambdaForm$DMH+0x000001f74b301400
instanceKlass sun/security/provider/SeedGenerator
instanceKlass sun/security/provider/AbstractDrbg$SeederHolder
instanceKlass java/security/DrbgParameters$NextBytes
instanceKlass  @bci sun/security/provider/AbstractDrbg <clinit> ()V 12 <appendix> argL0 ; # sun/security/provider/AbstractDrbg$$Lambda+0x000001f74b2c7ee8
instanceKlass  @cpi sun/security/provider/AbstractDrbg 383 form vmentry <vmtarget> ; # java/lang/invoke/LambdaForm$DMH+0x000001f74b301000
# instanceKlass java/lang/invoke/LambdaForm$DMH+0x000001f74b300c00
instanceKlass sun/security/provider/EntropySource
instanceKlass sun/security/provider/AbstractDrbg
instanceKlass java/security/DrbgParameters$Instantiation
instanceKlass java/security/DrbgParameters
instanceKlass sun/security/provider/MoreDrbgParameters
instanceKlass java/security/SecureRandomSpi
instanceKlass java/nio/file/TempFileHelper
instanceKlass org/apache/tomcat/util/ExceptionUtils
instanceKlass java/lang/Thread$Builder$OfVirtual
instanceKlass java/lang/Thread$Builder$OfPlatform
instanceKlass java/lang/Thread$Builder
instanceKlass javax/net/ssl/SSLParameters
instanceKlass java/net/ServerSocket
instanceKlass java/security/PrivilegedExceptionAction
instanceKlass org/apache/tomcat/util/compat/JreCompat
instanceKlass org/apache/catalina/Wrapper
instanceKlass org/apache/catalina/Service
instanceKlass org/apache/tomcat/util/file/ConfigurationSource
instanceKlass org/apache/catalina/Server
instanceKlass org/apache/catalina/Realm
instanceKlass javax/management/MBeanFeatureInfo
instanceKlass javax/management/DescriptorRead
instanceKlass org/apache/tomcat/util/modeler/FeatureInfo
instanceKlass java/util/concurrent/locks/ReentrantReadWriteLock$WriteLock
instanceKlass java/util/concurrent/locks/ReentrantReadWriteLock$ReadLock
instanceKlass java/util/concurrent/locks/ReentrantReadWriteLock
instanceKlass java/util/concurrent/locks/ReadWriteLock
instanceKlass org/apache/tomcat/util/modeler/NoDescriptorRegistry$NoJmxMBeanServer
instanceKlass org/apache/tomcat/util/modeler/ManagedBean
instanceKlass javax/management/MBeanServer
instanceKlass javax/management/MBeanServerConnection
instanceKlass org/apache/tomcat/util/modeler/Registry
instanceKlass org/apache/tomcat/util/modeler/RegistryMBean
instanceKlass  @bci org/springframework/boot/web/servlet/context/ServletWebServerApplicationContext getSelfInitializer ()Lorg/springframework/boot/web/servlet/ServletContextInitializer; 1 <appendix> member <vmtarget> ; # org/springframework/boot/web/servlet/context/ServletWebServerApplicationContext$$Lambda+0x000001f74b305050
instanceKlass jakarta/servlet/ServletRegistration$Dynamic
instanceKlass  @bci org/springframework/boot/autoconfigure/web/servlet/MultipartProperties createMultipartConfig ()Ljakarta/servlet/MultipartConfigElement; 98 <appendix> member <vmtarget> ; # org/springframework/boot/autoconfigure/web/servlet/MultipartProperties$$Lambda+0x000001f74b304e08
instanceKlass  @bci org/springframework/boot/autoconfigure/web/servlet/MultipartProperties createMultipartConfig ()Ljakarta/servlet/MultipartConfigElement; 76 <appendix> member <vmtarget> ; # org/springframework/boot/autoconfigure/web/servlet/MultipartProperties$$Lambda+0x000001f74b304bc0
instanceKlass  @bci org/springframework/boot/autoconfigure/web/servlet/MultipartProperties createMultipartConfig ()Ljakarta/servlet/MultipartConfigElement; 54 <appendix> member <vmtarget> ; # org/springframework/boot/autoconfigure/web/servlet/MultipartProperties$$Lambda+0x000001f74b304978
instanceKlass  @bci org/springframework/boot/autoconfigure/web/servlet/MultipartProperties createMultipartConfig ()Ljakarta/servlet/MultipartConfigElement; 29 <appendix> member <vmtarget> ; # org/springframework/boot/autoconfigure/web/servlet/MultipartProperties$$Lambda+0x000001f74b304730
instanceKlass org/springframework/boot/web/servlet/MultipartConfigFactory
instanceKlass  @bci org/springframework/boot/context/properties/bind/handler/NoUnboundElementsBindHandler collectUnbound (Lorg/springframework/boot/context/properties/source/ConfigurationPropertyName;Ljava/util/Set;Lorg/springframework/boot/context/properties/source/IterableConfigurationPropertySource;)V 3 <appendix> member <vmtarget> ; # org/springframework/boot/context/properties/bind/handler/NoUnboundElementsBindHandler$$Lambda+0x000001f74b304280
instanceKlass org/springframework/boot/context/properties/source/UnboundElementsSourceFilter
instanceKlass  @bci org/springframework/boot/autoconfigure/web/servlet/DispatcherServletAutoConfiguration$DispatcherServletRegistrationConfiguration dispatcherServletRegistration (Lorg/springframework/web/servlet/DispatcherServlet;Lorg/springframework/boot/autoconfigure/web/servlet/WebMvcProperties;Lorg/springframework/beans/factory/ObjectProvider;)Lorg/springframework/boot/autoconfigure/web/servlet/DispatcherServletRegistrationBean; 44 <appendix> member <vmtarget> ; # org/springframework/boot/autoconfigure/web/servlet/DispatcherServletAutoConfiguration$DispatcherServletRegistrationConfiguration$$Lambda+0x000001f74b2bfa90
instanceKlass jakarta/servlet/Registration$Dynamic
# instanceKlass java/lang/invoke/LambdaForm$MH+0x000001f74b300800
# instanceKlass java/lang/invoke/LambdaForm$MH+0x000001f74b300400
# instanceKlass java/lang/invoke/LambdaForm$MH+0x000001f74b300000
instanceKlass org/springframework/web/context/request/async/WebAsyncManager
instanceKlass org/springframework/web/context/request/AbstractRequestAttributes
instanceKlass org/springframework/web/servlet/HandlerExecutionChain
instanceKlass org/springframework/web/servlet/ModelAndView
instanceKlass org/springframework/web/ErrorResponse
instanceKlass org/springframework/web/context/request/async/CallableProcessingInterceptor
instanceKlass org/springframework/context/i18n/LocaleContext
instanceKlass jakarta/servlet/AsyncListener
instanceKlass  @bci org/springframework/boot/autoconfigure/web/embedded/TomcatWebServerFactoryCustomizer customizeStaticResources (Lorg/springframework/boot/web/embedded/tomcat/ConfigurableTomcatWebServerFactory;)V 19 <appendix> member <vmtarget> ; # org/springframework/boot/autoconfigure/web/embedded/TomcatWebServerFactoryCustomizer$$Lambda+0x000001f74b2bcd00
instanceKlass  @bci org/springframework/boot/autoconfigure/web/embedded/TomcatWebServerFactoryCustomizer customize (Lorg/springframework/boot/web/embedded/tomcat/ConfigurableTomcatWebServerFactory;)V 713 <appendix> member <vmtarget> ; # org/springframework/boot/autoconfigure/web/embedded/TomcatWebServerFactoryCustomizer$$Lambda+0x000001f74b2bcab8
instanceKlass  @bci org/springframework/boot/autoconfigure/web/embedded/TomcatWebServerFactoryCustomizer customize (Lorg/springframework/boot/web/embedded/tomcat/ConfigurableTomcatWebServerFactory;)V 700 <appendix> member <vmtarget> ; # org/springframework/boot/autoconfigure/web/embedded/TomcatWebServerFactoryCustomizer$$Lambda+0x000001f74b2bc860
instanceKlass  @bci org/springframework/boot/autoconfigure/web/embedded/TomcatWebServerFactoryCustomizer customize (Lorg/springframework/boot/web/embedded/tomcat/ConfigurableTomcatWebServerFactory;)V 691 <appendix> member <vmtarget> ; # org/springframework/boot/autoconfigure/web/embedded/TomcatWebServerFactoryCustomizer$$Lambda+0x000001f74b2bc628
instanceKlass  @bci java/util/stream/Collectors joining ()Ljava/util/stream/Collector; 19 <appendix> argL0 ; # java/util/stream/Collectors$$Lambda+0x000001f74b2c2f88
instanceKlass  @bci java/util/stream/Collectors joining ()Ljava/util/stream/Collector; 14 <appendix> argL0 ; # java/util/stream/Collectors$$Lambda+0x000001f74b2c2d30
instanceKlass  @bci java/util/stream/Collectors joining ()Ljava/util/stream/Collector; 9 <appendix> argL0 ; # java/util/stream/Collectors$$Lambda+0x000001f74b2c2af0
instanceKlass  @bci java/util/stream/Collectors joining ()Ljava/util/stream/Collector; 4 <appendix> argL0 ; # java/util/stream/Collectors$$Lambda+0x000001f74b2c28c0
instanceKlass  @bci org/springframework/boot/autoconfigure/web/embedded/TomcatWebServerFactoryCustomizer joinCharacters (Ljava/util/List;)Ljava/lang/String; 6 <appendix> argL0 ; # org/springframework/boot/autoconfigure/web/embedded/TomcatWebServerFactoryCustomizer$$Lambda+0x000001f74b2bc3d8
instanceKlass  @bci org/springframework/boot/autoconfigure/web/embedded/TomcatWebServerFactoryCustomizer customize (Lorg/springframework/boot/web/embedded/tomcat/ConfigurableTomcatWebServerFactory;)V 676 <appendix> member <vmtarget> ; # org/springframework/boot/autoconfigure/web/embedded/TomcatWebServerFactoryCustomizer$$Lambda+0x000001f74b2bc190
instanceKlass  @bci org/springframework/boot/context/properties/PropertyMapper$Source whenHasText ()Lorg/springframework/boot/context/properties/PropertyMapper$Source; 1 <appendix> argL0 ; # org/springframework/boot/context/properties/PropertyMapper$Source$$Lambda+0x000001f74b2bbf30
instanceKlass  @bci org/springframework/boot/autoconfigure/web/embedded/TomcatWebServerFactoryCustomizer customize (Lorg/springframework/boot/web/embedded/tomcat/ConfigurableTomcatWebServerFactory;)V 663 <appendix> member <vmtarget> ; # org/springframework/boot/autoconfigure/web/embedded/TomcatWebServerFactoryCustomizer$$Lambda+0x000001f74b2bbcd8
instanceKlass  @bci org/springframework/boot/autoconfigure/web/embedded/TomcatWebServerFactoryCustomizer customize (Lorg/springframework/boot/web/embedded/tomcat/ConfigurableTomcatWebServerFactory;)V 654 <appendix> member <vmtarget> ; # org/springframework/boot/autoconfigure/web/embedded/TomcatWebServerFactoryCustomizer$$Lambda+0x000001f74b2bbaa0
instanceKlass  @bci org/springframework/boot/autoconfigure/web/embedded/TomcatWebServerFactoryCustomizer customizeMaxKeepAliveRequests (Lorg/springframework/boot/web/embedded/tomcat/ConfigurableTomcatWebServerFactory;I)V 5 <appendix> argL0 ; # org/springframework/boot/autoconfigure/web/embedded/TomcatWebServerFactoryCustomizer$$Lambda+0x000001f74b2bb870
instanceKlass  @bci org/springframework/boot/autoconfigure/web/embedded/TomcatWebServerFactoryCustomizer customize (Lorg/springframework/boot/web/embedded/tomcat/ConfigurableTomcatWebServerFactory;)V 639 <appendix> member <vmtarget> ; # org/springframework/boot/autoconfigure/web/embedded/TomcatWebServerFactoryCustomizer$$Lambda+0x000001f74b2bb628
instanceKlass  @bci org/springframework/boot/autoconfigure/web/embedded/TomcatWebServerFactoryCustomizer customize (Lorg/springframework/boot/web/embedded/tomcat/ConfigurableTomcatWebServerFactory;)V 629 <appendix> member <vmtarget> ; # org/springframework/boot/autoconfigure/web/embedded/TomcatWebServerFactoryCustomizer$$Lambda+0x000001f74b2bb3f0
instanceKlass  @bci org/springframework/boot/autoconfigure/web/embedded/TomcatWebServerFactoryCustomizer customize (Lorg/springframework/boot/web/embedded/tomcat/ConfigurableTomcatWebServerFactory;)V 614 <appendix> member <vmtarget> ; # org/springframework/boot/autoconfigure/web/embedded/TomcatWebServerFactoryCustomizer$$Lambda+0x000001f74b2bb1a8
instanceKlass  @bci org/springframework/boot/autoconfigure/web/embedded/TomcatWebServerFactoryCustomizer customize (Lorg/springframework/boot/web/embedded/tomcat/ConfigurableTomcatWebServerFactory;)V 604 <appendix> member <vmtarget> ; # org/springframework/boot/autoconfigure/web/embedded/TomcatWebServerFactoryCustomizer$$Lambda+0x000001f74b2baf70
instanceKlass  @bci org/springframework/boot/autoconfigure/web/embedded/TomcatWebServerFactoryCustomizer customizeProcessorCache (Lorg/springframework/boot/web/embedded/tomcat/ConfigurableTomcatWebServerFactory;I)V 5 <appendix> argL0 ; # org/springframework/boot/autoconfigure/web/embedded/TomcatWebServerFactoryCustomizer$$Lambda+0x000001f74b2bad40
instanceKlass  @bci org/springframework/boot/autoconfigure/web/embedded/TomcatWebServerFactoryCustomizer customize (Lorg/springframework/boot/web/embedded/tomcat/ConfigurableTomcatWebServerFactory;)V 589 <appendix> member <vmtarget> ; # org/springframework/boot/autoconfigure/web/embedded/TomcatWebServerFactoryCustomizer$$Lambda+0x000001f74b2baaf8
instanceKlass  @bci org/springframework/boot/autoconfigure/web/embedded/TomcatWebServerFactoryCustomizer customize (Lorg/springframework/boot/web/embedded/tomcat/ConfigurableTomcatWebServerFactory;)V 579 <appendix> member <vmtarget> ; # org/springframework/boot/autoconfigure/web/embedded/TomcatWebServerFactoryCustomizer$$Lambda+0x000001f74b2ba8c0
instanceKlass  @bci org/springframework/boot/autoconfigure/web/embedded/TomcatWebServerFactoryCustomizer customizeAcceptCount (Lorg/springframework/boot/web/embedded/tomcat/ConfigurableTomcatWebServerFactory;I)V 5 <appendix> argL0 ; # org/springframework/boot/autoconfigure/web/embedded/TomcatWebServerFactoryCustomizer$$Lambda+0x000001f74b2ba690
instanceKlass  @bci org/springframework/boot/autoconfigure/web/embedded/TomcatWebServerFactoryCustomizer customize (Lorg/springframework/boot/web/embedded/tomcat/ConfigurableTomcatWebServerFactory;)V 564 <appendix> member <vmtarget> ; # org/springframework/boot/autoconfigure/web/embedded/TomcatWebServerFactoryCustomizer$$Lambda+0x000001f74b2ba448
instanceKlass  @bci org/springframework/boot/autoconfigure/web/embedded/TomcatWebServerFactoryCustomizer customize (Lorg/springframework/boot/web/embedded/tomcat/ConfigurableTomcatWebServerFactory;)V 554 <appendix> member <vmtarget> ; # org/springframework/boot/autoconfigure/web/embedded/TomcatWebServerFactoryCustomizer$$Lambda+0x000001f74b2ba1e0
instanceKlass  @bci org/springframework/boot/autoconfigure/web/embedded/TomcatWebServerFactoryCustomizer customize (Lorg/springframework/boot/web/embedded/tomcat/ConfigurableTomcatWebServerFactory;)V 545 <appendix> member <vmtarget> ; # org/springframework/boot/autoconfigure/web/embedded/TomcatWebServerFactoryCustomizer$$Lambda+0x000001f74b2b9fa8
instanceKlass  @bci org/springframework/boot/autoconfigure/web/embedded/TomcatWebServerFactoryCustomizer customizeMaxConnections (Lorg/springframework/boot/web/embedded/tomcat/ConfigurableTomcatWebServerFactory;I)V 5 <appendix> argL0 ; # org/springframework/boot/autoconfigure/web/embedded/TomcatWebServerFactoryCustomizer$$Lambda+0x000001f74b2b9d78
instanceKlass  @bci org/springframework/boot/autoconfigure/web/embedded/TomcatWebServerFactoryCustomizer customize (Lorg/springframework/boot/web/embedded/tomcat/ConfigurableTomcatWebServerFactory;)V 530 <appendix> member <vmtarget> ; # org/springframework/boot/autoconfigure/web/embedded/TomcatWebServerFactoryCustomizer$$Lambda+0x000001f74b2b9b30
instanceKlass  @bci org/springframework/boot/autoconfigure/web/embedded/TomcatWebServerFactoryCustomizer customize (Lorg/springframework/boot/web/embedded/tomcat/ConfigurableTomcatWebServerFactory;)V 520 <appendix> member <vmtarget> ; # org/springframework/boot/autoconfigure/web/embedded/TomcatWebServerFactoryCustomizer$$Lambda+0x000001f74b2b98c8
instanceKlass  @bci org/springframework/boot/autoconfigure/web/embedded/TomcatWebServerFactoryCustomizer customize (Lorg/springframework/boot/web/embedded/tomcat/ConfigurableTomcatWebServerFactory;)V 511 <appendix> member <vmtarget> ; # org/springframework/boot/autoconfigure/web/embedded/TomcatWebServerFactoryCustomizer$$Lambda+0x000001f74b2b9690
instanceKlass  @bci org/springframework/boot/autoconfigure/web/embedded/TomcatWebServerFactoryCustomizer customize (Lorg/springframework/boot/web/embedded/tomcat/ConfigurableTomcatWebServerFactory;)V 496 <appendix> member <vmtarget> ; # org/springframework/boot/autoconfigure/web/embedded/TomcatWebServerFactoryCustomizer$$Lambda+0x000001f74b2b9448
instanceKlass  @bci org/springframework/boot/autoconfigure/web/embedded/TomcatWebServerFactoryCustomizer customize (Lorg/springframework/boot/web/embedded/tomcat/ConfigurableTomcatWebServerFactory;)V 486 <appendix> member <vmtarget> ; # org/springframework/boot/autoconfigure/web/embedded/TomcatWebServerFactoryCustomizer$$Lambda+0x000001f74b2b9210
instanceKlass  @bci org/springframework/boot/autoconfigure/web/embedded/TomcatWebServerFactoryCustomizer customize (Lorg/springframework/boot/web/embedded/tomcat/ConfigurableTomcatWebServerFactory;)V 471 <appendix> member <vmtarget> ; # org/springframework/boot/autoconfigure/web/embedded/TomcatWebServerFactoryCustomizer$$Lambda+0x000001f74b2b8fc8
instanceKlass  @bci org/springframework/boot/autoconfigure/web/embedded/TomcatWebServerFactoryCustomizer customize (Lorg/springframework/boot/web/embedded/tomcat/ConfigurableTomcatWebServerFactory;)V 457 <appendix> member <vmtarget> ; # org/springframework/boot/autoconfigure/web/embedded/TomcatWebServerFactoryCustomizer$$Lambda+0x000001f74b2b8d90
instanceKlass  @bci org/springframework/boot/autoconfigure/web/embedded/TomcatWebServerFactoryCustomizer customize (Lorg/springframework/boot/web/embedded/tomcat/ConfigurableTomcatWebServerFactory;)V 442 <appendix> member <vmtarget> ; # org/springframework/boot/autoconfigure/web/embedded/TomcatWebServerFactoryCustomizer$$Lambda+0x000001f74b2b8b48
instanceKlass  @bci org/springframework/boot/autoconfigure/web/embedded/TomcatWebServerFactoryCustomizer customize (Lorg/springframework/boot/web/embedded/tomcat/ConfigurableTomcatWebServerFactory;)V 432 <appendix> argL0 ; # org/springframework/boot/autoconfigure/web/embedded/TomcatWebServerFactoryCustomizer$$Lambda+0x000001f74b2b88e8
instanceKlass  @bci org/springframework/boot/autoconfigure/web/embedded/TomcatWebServerFactoryCustomizer customize (Lorg/springframework/boot/web/embedded/tomcat/ConfigurableTomcatWebServerFactory;)V 424 <appendix> member <vmtarget> ; # org/springframework/boot/autoconfigure/web/embedded/TomcatWebServerFactoryCustomizer$$Lambda+0x000001f74b2b86b0
instanceKlass  @bci org/springframework/boot/autoconfigure/web/embedded/TomcatWebServerFactoryCustomizer customizeMaxPartCount (Lorg/springframework/boot/web/embedded/tomcat/ConfigurableTomcatWebServerFactory;I)V 8 <appendix> member <vmtarget> ; # org/springframework/boot/autoconfigure/web/embedded/TomcatWebServerFactoryCustomizer$$Lambda+0x000001f74b2b8480
instanceKlass  @bci org/springframework/boot/autoconfigure/web/embedded/TomcatWebServerFactoryCustomizer customize (Lorg/springframework/boot/web/embedded/tomcat/ConfigurableTomcatWebServerFactory;)V 409 <appendix> member <vmtarget> ; # org/springframework/boot/autoconfigure/web/embedded/TomcatWebServerFactoryCustomizer$$Lambda+0x000001f74b2b8238
instanceKlass  @bci org/springframework/boot/autoconfigure/web/embedded/TomcatWebServerFactoryCustomizer customize (Lorg/springframework/boot/web/embedded/tomcat/ConfigurableTomcatWebServerFactory;)V 399 <appendix> member <vmtarget> ; # org/springframework/boot/autoconfigure/web/embedded/TomcatWebServerFactoryCustomizer$$Lambda+0x000001f74b2b8000
instanceKlass  @bci org/springframework/boot/autoconfigure/web/embedded/TomcatWebServerFactoryCustomizer customizeMaxPartHeaderSize (Lorg/springframework/boot/web/embedded/tomcat/ConfigurableTomcatWebServerFactory;I)V 8 <appendix> member <vmtarget> ; # org/springframework/boot/autoconfigure/web/embedded/TomcatWebServerFactoryCustomizer$$Lambda+0x000001f74b2b0c00
instanceKlass  @bci org/springframework/boot/autoconfigure/web/embedded/TomcatWebServerFactoryCustomizer customize (Lorg/springframework/boot/web/embedded/tomcat/ConfigurableTomcatWebServerFactory;)V 384 <appendix> member <vmtarget> ; # org/springframework/boot/autoconfigure/web/embedded/TomcatWebServerFactoryCustomizer$$Lambda+0x000001f74b2b1db0
instanceKlass  @bci org/springframework/boot/autoconfigure/web/embedded/TomcatWebServerFactoryCustomizer customize (Lorg/springframework/boot/web/embedded/tomcat/ConfigurableTomcatWebServerFactory;)V 374 <appendix> argL0 ; # org/springframework/boot/autoconfigure/web/embedded/TomcatWebServerFactoryCustomizer$$Lambda+0x000001f74b2b1b60
instanceKlass  @bci org/springframework/boot/autoconfigure/web/embedded/TomcatWebServerFactoryCustomizer customize (Lorg/springframework/boot/web/embedded/tomcat/ConfigurableTomcatWebServerFactory;)V 366 <appendix> member <vmtarget> ; # org/springframework/boot/autoconfigure/web/embedded/TomcatWebServerFactoryCustomizer$$Lambda+0x000001f74b2b1928
instanceKlass  @bci org/springframework/boot/autoconfigure/web/embedded/TomcatWebServerFactoryCustomizer customizeMaxHttpFormPostSize (Lorg/springframework/boot/web/embedded/tomcat/ConfigurableTomcatWebServerFactory;I)V 8 <appendix> member <vmtarget> ; # org/springframework/boot/autoconfigure/web/embedded/TomcatWebServerFactoryCustomizer$$Lambda+0x000001f74b2b16f8
instanceKlass  @bci org/springframework/boot/autoconfigure/web/embedded/TomcatWebServerFactoryCustomizer customize (Lorg/springframework/boot/web/embedded/tomcat/ConfigurableTomcatWebServerFactory;)V 351 <appendix> member <vmtarget> ; # org/springframework/boot/autoconfigure/web/embedded/TomcatWebServerFactoryCustomizer$$Lambda+0x000001f74b2b14b0
instanceKlass  @bci org/springframework/boot/autoconfigure/web/embedded/TomcatWebServerFactoryCustomizer customize (Lorg/springframework/boot/web/embedded/tomcat/ConfigurableTomcatWebServerFactory;)V 341 <appendix> argL0 ; # org/springframework/boot/autoconfigure/web/embedded/TomcatWebServerFactoryCustomizer$$Lambda+0x000001f74b2b1250
instanceKlass  @bci org/springframework/boot/autoconfigure/web/embedded/TomcatWebServerFactoryCustomizer customize (Lorg/springframework/boot/web/embedded/tomcat/ConfigurableTomcatWebServerFactory;)V 333 <appendix> argL0 ; # org/springframework/boot/autoconfigure/web/embedded/TomcatWebServerFactoryCustomizer$$Lambda+0x000001f74b2b1000
instanceKlass  @bci org/springframework/boot/autoconfigure/web/embedded/TomcatWebServerFactoryCustomizer customize (Lorg/springframework/boot/web/embedded/tomcat/ConfigurableTomcatWebServerFactory;)V 325 <appendix> member <vmtarget> ; # org/springframework/boot/autoconfigure/web/embedded/TomcatWebServerFactoryCustomizer$$Lambda+0x000001f74b2b3d98
instanceKlass  @bci org/springframework/boot/autoconfigure/web/embedded/TomcatWebServerFactoryCustomizer customizeMaxSwallowSize (Lorg/springframework/boot/web/embedded/tomcat/ConfigurableTomcatWebServerFactory;I)V 5 <appendix> argL0 ; # org/springframework/boot/autoconfigure/web/embedded/TomcatWebServerFactoryCustomizer$$Lambda+0x000001f74b2b3b68
instanceKlass  @bci org/springframework/boot/autoconfigure/web/embedded/TomcatWebServerFactoryCustomizer customize (Lorg/springframework/boot/web/embedded/tomcat/ConfigurableTomcatWebServerFactory;)V 310 <appendix> member <vmtarget> ; # org/springframework/boot/autoconfigure/web/embedded/TomcatWebServerFactoryCustomizer$$Lambda+0x000001f74b2b3920
instanceKlass  @bci org/springframework/boot/autoconfigure/web/embedded/TomcatWebServerFactoryCustomizer customize (Lorg/springframework/boot/web/embedded/tomcat/ConfigurableTomcatWebServerFactory;)V 300 <appendix> argL0 ; # org/springframework/boot/autoconfigure/web/embedded/TomcatWebServerFactoryCustomizer$$Lambda+0x000001f74b2b36d0
instanceKlass  @bci org/springframework/boot/autoconfigure/web/embedded/TomcatWebServerFactoryCustomizer customize (Lorg/springframework/boot/web/embedded/tomcat/ConfigurableTomcatWebServerFactory;)V 292 <appendix> member <vmtarget> ; # org/springframework/boot/autoconfigure/web/embedded/TomcatWebServerFactoryCustomizer$$Lambda+0x000001f74b2b3498
instanceKlass  @bci org/springframework/boot/autoconfigure/web/embedded/TomcatWebServerFactoryCustomizer customizeMaxHttpResponseHeaderSize (Lorg/springframework/boot/web/embedded/tomcat/ConfigurableTomcatWebServerFactory;I)V 5 <appendix> argL0 ; # org/springframework/boot/autoconfigure/web/embedded/TomcatWebServerFactoryCustomizer$$Lambda+0x000001f74b2b3268
instanceKlass  @bci org/springframework/boot/autoconfigure/web/embedded/TomcatWebServerFactoryCustomizer customize (Lorg/springframework/boot/web/embedded/tomcat/ConfigurableTomcatWebServerFactory;)V 277 <appendix> member <vmtarget> ; # org/springframework/boot/autoconfigure/web/embedded/TomcatWebServerFactoryCustomizer$$Lambda+0x000001f74b2b3020
instanceKlass  @bci org/springframework/boot/autoconfigure/web/embedded/TomcatWebServerFactoryCustomizer customize (Lorg/springframework/boot/web/embedded/tomcat/ConfigurableTomcatWebServerFactory;)V 267 <appendix> member <vmtarget> ; # org/springframework/boot/autoconfigure/web/embedded/TomcatWebServerFactoryCustomizer$$Lambda+0x000001f74b2b2db8
instanceKlass  @bci org/springframework/boot/autoconfigure/web/embedded/TomcatWebServerFactoryCustomizer customize (Lorg/springframework/boot/web/embedded/tomcat/ConfigurableTomcatWebServerFactory;)V 258 <appendix> argL0 ; # org/springframework/boot/autoconfigure/web/embedded/TomcatWebServerFactoryCustomizer$$Lambda+0x000001f74b2b2b68
instanceKlass  @bci org/springframework/boot/autoconfigure/web/embedded/TomcatWebServerFactoryCustomizer customize (Lorg/springframework/boot/web/embedded/tomcat/ConfigurableTomcatWebServerFactory;)V 250 <appendix> member <vmtarget> ; # org/springframework/boot/autoconfigure/web/embedded/TomcatWebServerFactoryCustomizer$$Lambda+0x000001f74b2b2930
instanceKlass  @bci org/springframework/boot/autoconfigure/web/embedded/TomcatWebServerFactoryCustomizer customizeMaxHttpRequestHeaderSize (Lorg/springframework/boot/web/embedded/tomcat/ConfigurableTomcatWebServerFactory;I)V 5 <appendix> argL0 ; # org/springframework/boot/autoconfigure/web/embedded/TomcatWebServerFactoryCustomizer$$Lambda+0x000001f74b2b2700
instanceKlass org/apache/coyote/Processor
instanceKlass  @bci org/springframework/boot/autoconfigure/web/embedded/TomcatWebServerFactoryCustomizer customize (Lorg/springframework/boot/web/embedded/tomcat/ConfigurableTomcatWebServerFactory;)V 235 <appendix> member <vmtarget> ; # org/springframework/boot/autoconfigure/web/embedded/TomcatWebServerFactoryCustomizer$$Lambda+0x000001f74b2b24b8
instanceKlass  @bci org/springframework/boot/autoconfigure/web/embedded/TomcatWebServerFactoryCustomizer customize (Lorg/springframework/boot/web/embedded/tomcat/ConfigurableTomcatWebServerFactory;)V 225 <appendix> member <vmtarget> ; # org/springframework/boot/autoconfigure/web/embedded/TomcatWebServerFactoryCustomizer$$Lambda+0x000001f74b2b2250
instanceKlass  @bci org/springframework/boot/context/properties/PropertyMapper$Source asInt (Ljava/util/function/Function;)Lorg/springframework/boot/context/properties/PropertyMapper$Source; 5 <appendix> argL0 ; # org/springframework/boot/context/properties/PropertyMapper$Source$$Lambda+0x000001f74b2b2000
instanceKlass  @bci org/springframework/boot/autoconfigure/web/embedded/TomcatWebServerFactoryCustomizer customize (Lorg/springframework/boot/web/embedded/tomcat/ConfigurableTomcatWebServerFactory;)V 216 <appendix> argL0 ; # org/springframework/boot/autoconfigure/web/embedded/TomcatWebServerFactoryCustomizer$$Lambda+0x000001f74b2b7d50
instanceKlass  @bci org/springframework/boot/autoconfigure/web/embedded/TomcatWebServerFactoryCustomizer customizeMaxQueueCapacity (Lorg/springframework/boot/web/embedded/tomcat/ConfigurableTomcatWebServerFactory;I)V 5 <appendix> argL0 ; # org/springframework/boot/autoconfigure/web/embedded/TomcatWebServerFactoryCustomizer$$Lambda+0x000001f74b2b7b20
instanceKlass  @bci org/springframework/boot/autoconfigure/web/embedded/TomcatWebServerFactoryCustomizer customize (Lorg/springframework/boot/web/embedded/tomcat/ConfigurableTomcatWebServerFactory;)V 197 <appendix> member <vmtarget> ; # org/springframework/boot/autoconfigure/web/embedded/TomcatWebServerFactoryCustomizer$$Lambda+0x000001f74b2b78d8
instanceKlass  @bci org/springframework/boot/autoconfigure/web/embedded/TomcatWebServerFactoryCustomizer customize (Lorg/springframework/boot/web/embedded/tomcat/ConfigurableTomcatWebServerFactory;)V 187 <appendix> member <vmtarget> ; # org/springframework/boot/autoconfigure/web/embedded/TomcatWebServerFactoryCustomizer$$Lambda+0x000001f74b2b7670
instanceKlass  @bci org/springframework/boot/autoconfigure/web/embedded/TomcatWebServerFactoryCustomizer customize (Lorg/springframework/boot/web/embedded/tomcat/ConfigurableTomcatWebServerFactory;)V 178 <appendix> member <vmtarget> ; # org/springframework/boot/autoconfigure/web/embedded/TomcatWebServerFactoryCustomizer$$Lambda+0x000001f74b2b7438
instanceKlass  @bci org/springframework/boot/autoconfigure/web/embedded/TomcatWebServerFactoryCustomizer customizeMinThreads (Lorg/springframework/boot/web/embedded/tomcat/ConfigurableTomcatWebServerFactory;I)V 5 <appendix> argL0 ; # org/springframework/boot/autoconfigure/web/embedded/TomcatWebServerFactoryCustomizer$$Lambda+0x000001f74b2b7208
instanceKlass  @bci org/springframework/boot/autoconfigure/web/embedded/TomcatWebServerFactoryCustomizer customize (Lorg/springframework/boot/web/embedded/tomcat/ConfigurableTomcatWebServerFactory;)V 162 <appendix> member <vmtarget> ; # org/springframework/boot/autoconfigure/web/embedded/TomcatWebServerFactoryCustomizer$$Lambda+0x000001f74b2b6fc0
instanceKlass  @bci org/springframework/boot/autoconfigure/web/embedded/TomcatWebServerFactoryCustomizer customize (Lorg/springframework/boot/web/embedded/tomcat/ConfigurableTomcatWebServerFactory;)V 152 <appendix> member <vmtarget> ; # org/springframework/boot/autoconfigure/web/embedded/TomcatWebServerFactoryCustomizer$$Lambda+0x000001f74b2b6d58
instanceKlass  @bci org/springframework/boot/autoconfigure/web/embedded/TomcatWebServerFactoryCustomizer customize (Lorg/springframework/boot/web/embedded/tomcat/ConfigurableTomcatWebServerFactory;)V 143 <appendix> member <vmtarget> ; # org/springframework/boot/autoconfigure/web/embedded/TomcatWebServerFactoryCustomizer$$Lambda+0x000001f74b2b6b20
instanceKlass  @bci org/springframework/boot/autoconfigure/web/embedded/TomcatWebServerFactoryCustomizer customizeHandler (Lorg/springframework/boot/web/embedded/tomcat/ConfigurableTomcatWebServerFactory;ILjava/lang/Class;Ljava/util/function/ObjIntConsumer;)V 11 <appendix> member <vmtarget> ; # org/springframework/boot/autoconfigure/web/embedded/TomcatWebServerFactoryCustomizer$$Lambda+0x000001f74b2b68e8
instanceKlass  @cpi org/springframework/boot/autoconfigure/web/embedded/TomcatWebServerFactoryCustomizer 1056 form vmentry <vmtarget> ; # java/lang/invoke/LambdaForm$DMH+0x000001f74b2b0800
instanceKlass  @bci org/springframework/boot/autoconfigure/web/embedded/TomcatWebServerFactoryCustomizer customizeMaxThreads (Lorg/springframework/boot/web/embedded/tomcat/ConfigurableTomcatWebServerFactory;I)V 5 <appendix> argL0 ; # org/springframework/boot/autoconfigure/web/embedded/TomcatWebServerFactoryCustomizer$$Lambda+0x000001f74b2b66b8
instanceKlass org/apache/tomcat/util/net/AbstractEndpoint$Handler
instanceKlass  @bci org/springframework/boot/autoconfigure/web/embedded/TomcatWebServerFactoryCustomizer customize (Lorg/springframework/boot/web/embedded/tomcat/ConfigurableTomcatWebServerFactory;)V 127 <appendix> member <vmtarget> ; # org/springframework/boot/autoconfigure/web/embedded/TomcatWebServerFactoryCustomizer$$Lambda+0x000001f74b2b6470
instanceKlass  @bci org/springframework/boot/autoconfigure/web/embedded/TomcatWebServerFactoryCustomizer customize (Lorg/springframework/boot/web/embedded/tomcat/ConfigurableTomcatWebServerFactory;)V 117 <appendix> member <vmtarget> ; # org/springframework/boot/autoconfigure/web/embedded/TomcatWebServerFactoryCustomizer$$Lambda+0x000001f74b2b6208
instanceKlass  @cpi org/springframework/boot/autoconfigure/web/embedded/TomcatWebServerFactoryCustomizer 829 form vmentry <vmtarget> ; # java/lang/invoke/LambdaForm$DMH+0x000001f74b2b0400
instanceKlass  @bci org/springframework/boot/autoconfigure/web/embedded/TomcatWebServerFactoryCustomizer customize (Lorg/springframework/boot/web/embedded/tomcat/ConfigurableTomcatWebServerFactory;)V 108 <appendix> member <vmtarget> ; # org/springframework/boot/autoconfigure/web/embedded/TomcatWebServerFactoryCustomizer$$Lambda+0x000001f74b2b5fd0
instanceKlass  @bci org/springframework/boot/autoconfigure/web/embedded/TomcatWebServerFactoryCustomizer customize (Lorg/springframework/boot/web/embedded/tomcat/ConfigurableTomcatWebServerFactory;)V 81 <appendix> member <vmtarget> ; # org/springframework/boot/autoconfigure/web/embedded/TomcatWebServerFactoryCustomizer$$Lambda+0x000001f74b2b5d88
instanceKlass  @bci org/springframework/boot/autoconfigure/web/embedded/TomcatWebServerFactoryCustomizer customize (Lorg/springframework/boot/web/embedded/tomcat/ConfigurableTomcatWebServerFactory;)V 67 <appendix> argL0 ; # org/springframework/boot/autoconfigure/web/embedded/TomcatWebServerFactoryCustomizer$$Lambda+0x000001f74b2b5b38
instanceKlass  @bci org/springframework/boot/context/properties/PropertyMapper$Source as (Ljava/util/function/Function;)Lorg/springframework/boot/context/properties/PropertyMapper$Source; 23 <appendix> member <vmtarget> ; # org/springframework/boot/context/properties/PropertyMapper$Source$$Lambda+0x000001f74b2b5900
instanceKlass  @bci org/springframework/boot/context/properties/PropertyMapper$Source as (Ljava/util/function/Function;)Lorg/springframework/boot/context/properties/PropertyMapper$Source; 14 <appendix> member <vmtarget> ; # org/springframework/boot/context/properties/PropertyMapper$Source$$Lambda+0x000001f74b2b5698
instanceKlass  @bci org/springframework/boot/context/properties/PropertyMapper$Source as (Ljava/util/function/Function;)Lorg/springframework/boot/context/properties/PropertyMapper$Source; 7 <appendix> member <vmtarget> ; # org/springframework/boot/context/properties/PropertyMapper$Source$$Lambda+0x000001f74b2b5460
instanceKlass  @bci org/springframework/boot/autoconfigure/web/embedded/TomcatWebServerFactoryCustomizer customize (Lorg/springframework/boot/web/embedded/tomcat/ConfigurableTomcatWebServerFactory;)V 59 <appendix> argL0 ; # org/springframework/boot/autoconfigure/web/embedded/TomcatWebServerFactoryCustomizer$$Lambda+0x000001f74b2b5210
instanceKlass  @bci org/springframework/boot/autoconfigure/web/embedded/TomcatWebServerFactoryCustomizer customize (Lorg/springframework/boot/web/embedded/tomcat/ConfigurableTomcatWebServerFactory;)V 51 <appendix> member <vmtarget> ; # org/springframework/boot/autoconfigure/web/embedded/TomcatWebServerFactoryCustomizer$$Lambda+0x000001f74b2b4fd8
instanceKlass  @bci org/springframework/boot/autoconfigure/web/embedded/TomcatWebServerFactoryCustomizer customize (Lorg/springframework/boot/web/embedded/tomcat/ConfigurableTomcatWebServerFactory;)V 36 <appendix> member <vmtarget> ; # org/springframework/boot/autoconfigure/web/embedded/TomcatWebServerFactoryCustomizer$$Lambda+0x000001f74b2b4d90
instanceKlass  @bci org/springframework/boot/autoconfigure/web/embedded/TomcatWebServerFactoryCustomizer customize (Lorg/springframework/boot/web/embedded/tomcat/ConfigurableTomcatWebServerFactory;)V 22 <appendix> member <vmtarget> ; # org/springframework/boot/autoconfigure/web/embedded/TomcatWebServerFactoryCustomizer$$Lambda+0x000001f74b2b4b58
instanceKlass  @bci org/springframework/boot/autoconfigure/web/servlet/ServletWebServerFactoryCustomizer customize (Lorg/springframework/boot/web/servlet/server/ConfigurableServletWebServerFactory;)V 527 <appendix> member <vmtarget> ; # org/springframework/boot/autoconfigure/web/servlet/ServletWebServerFactoryCustomizer$$Lambda+0x000001f74b2b4910
instanceKlass  @bci org/springframework/boot/web/servlet/server/AbstractServletWebServerFactory addMimeMappings (Lorg/springframework/boot/web/server/MimeMappings;)V 2 <appendix> member <vmtarget> ; # org/springframework/boot/web/servlet/server/AbstractServletWebServerFactory$$Lambda+0x000001f74b2b46c8
instanceKlass  @bci org/springframework/boot/autoconfigure/web/servlet/ServletWebServerFactoryCustomizer customize (Lorg/springframework/boot/web/servlet/server/ConfigurableServletWebServerFactory;)V 514 <appendix> member <vmtarget> ; # org/springframework/boot/autoconfigure/web/servlet/ServletWebServerFactoryCustomizer$$Lambda+0x000001f74b2b4480
instanceKlass  @bci org/springframework/boot/autoconfigure/web/servlet/ServletWebServerFactoryCustomizer customize (Lorg/springframework/boot/web/servlet/server/ConfigurableServletWebServerFactory;)V 500 <appendix> member <vmtarget> ; # org/springframework/boot/autoconfigure/web/servlet/ServletWebServerFactoryCustomizer$$Lambda+0x000001f74b2b4248
instanceKlass  @bci org/springframework/boot/autoconfigure/web/servlet/ServletWebServerFactoryCustomizer customize (Lorg/springframework/boot/web/servlet/server/ConfigurableServletWebServerFactory;)V 482 <appendix> member <vmtarget> ; # org/springframework/boot/autoconfigure/web/servlet/ServletWebServerFactoryCustomizer$$Lambda+0x000001f74b2b4000
instanceKlass  @bci java/util/function/Predicate negate ()Ljava/util/function/Predicate; 1 <appendix> member <vmtarget> ; # java/util/function/Predicate$$Lambda+0x000001f74b2c1a18
instanceKlass  @cpi java/util/function/Predicate 75 form vmentry <vmtarget> ; # java/lang/invoke/LambdaForm$DMH+0x000001f74b2b0000
instanceKlass  @bci org/springframework/boot/autoconfigure/web/servlet/ServletWebServerFactoryCustomizer customize (Lorg/springframework/boot/web/servlet/server/ConfigurableServletWebServerFactory;)V 468 <appendix> argL0 ; # org/springframework/boot/autoconfigure/web/servlet/ServletWebServerFactoryCustomizer$$Lambda+0x000001f74b2a9d80
instanceKlass  @bci org/springframework/boot/autoconfigure/web/servlet/ServletWebServerFactoryCustomizer customize (Lorg/springframework/boot/web/servlet/server/ConfigurableServletWebServerFactory;)V 460 <appendix> member <vmtarget> ; # org/springframework/boot/autoconfigure/web/servlet/ServletWebServerFactoryCustomizer$$Lambda+0x000001f74b2a9b48
instanceKlass  @bci org/springframework/boot/autoconfigure/web/servlet/ServletWebServerFactoryCustomizer customize (Lorg/springframework/boot/web/servlet/server/ConfigurableServletWebServerFactory;)V 450 <appendix> member <vmtarget> ; # org/springframework/boot/autoconfigure/web/servlet/ServletWebServerFactoryCustomizer$$Lambda+0x000001f74b2a9900
instanceKlass  @bci org/springframework/boot/autoconfigure/web/servlet/ServletWebServerFactoryCustomizer customize (Lorg/springframework/boot/web/servlet/server/ConfigurableServletWebServerFactory;)V 436 <appendix> member <vmtarget> ; # org/springframework/boot/autoconfigure/web/servlet/ServletWebServerFactoryCustomizer$$Lambda+0x000001f74b2a96c8
instanceKlass  @bci org/springframework/boot/autoconfigure/web/servlet/ServletWebServerFactoryCustomizer customize (Lorg/springframework/boot/web/servlet/server/ConfigurableServletWebServerFactory;)V 426 <appendix> member <vmtarget> ; # org/springframework/boot/autoconfigure/web/servlet/ServletWebServerFactoryCustomizer$$Lambda+0x000001f74b2a9480
instanceKlass  @bci org/springframework/boot/context/properties/PropertyMapper from (Ljava/lang/Object;)Lorg/springframework/boot/context/properties/PropertyMapper$Source; 2 <appendix> member <vmtarget> ; # org/springframework/boot/context/properties/PropertyMapper$$Lambda+0x000001f74b2a9248
instanceKlass  @bci org/springframework/boot/autoconfigure/web/servlet/ServletWebServerFactoryCustomizer customize (Lorg/springframework/boot/web/servlet/server/ConfigurableServletWebServerFactory;)V 401 <appendix> member <vmtarget> ; # org/springframework/boot/autoconfigure/web/servlet/ServletWebServerFactoryCustomizer$$Lambda+0x000001f74b2a9000
instanceKlass  @bci org/springframework/boot/autoconfigure/web/servlet/ServletWebServerFactoryCustomizer customize (Lorg/springframework/boot/web/servlet/server/ConfigurableServletWebServerFactory;)V 387 <appendix> member <vmtarget> ; # org/springframework/boot/autoconfigure/web/servlet/ServletWebServerFactoryCustomizer$$Lambda+0x000001f74b2abd48
instanceKlass  @bci org/springframework/boot/autoconfigure/web/servlet/ServletWebServerFactoryCustomizer customize (Lorg/springframework/boot/web/servlet/server/ConfigurableServletWebServerFactory;)V 366 <appendix> member <vmtarget> ; # org/springframework/boot/autoconfigure/web/servlet/ServletWebServerFactoryCustomizer$$Lambda+0x000001f74b2abb00
instanceKlass  @bci org/springframework/boot/autoconfigure/web/servlet/ServletWebServerFactoryCustomizer customize (Lorg/springframework/boot/web/servlet/server/ConfigurableServletWebServerFactory;)V 352 <appendix> member <vmtarget> ; # org/springframework/boot/autoconfigure/web/servlet/ServletWebServerFactoryCustomizer$$Lambda+0x000001f74b2ab8c8
instanceKlass  @bci org/springframework/boot/autoconfigure/web/servlet/ServletWebServerFactoryCustomizer customize (Lorg/springframework/boot/web/servlet/server/ConfigurableServletWebServerFactory;)V 334 <appendix> member <vmtarget> ; # org/springframework/boot/autoconfigure/web/servlet/ServletWebServerFactoryCustomizer$$Lambda+0x000001f74b2ab680
instanceKlass  @bci org/springframework/boot/autoconfigure/web/servlet/ServletWebServerFactoryCustomizer customize (Lorg/springframework/boot/web/servlet/server/ConfigurableServletWebServerFactory;)V 320 <appendix> member <vmtarget> ; # org/springframework/boot/autoconfigure/web/servlet/ServletWebServerFactoryCustomizer$$Lambda+0x000001f74b2ab448
instanceKlass  @bci org/springframework/boot/autoconfigure/web/servlet/ServletWebServerFactoryCustomizer customize (Lorg/springframework/boot/web/servlet/server/ConfigurableServletWebServerFactory;)V 302 <appendix> member <vmtarget> ; # org/springframework/boot/autoconfigure/web/servlet/ServletWebServerFactoryCustomizer$$Lambda+0x000001f74b2ab200
instanceKlass  @bci org/springframework/boot/autoconfigure/web/servlet/ServletWebServerFactoryCustomizer customize (Lorg/springframework/boot/web/servlet/server/ConfigurableServletWebServerFactory;)V 288 <appendix> member <vmtarget> ; # org/springframework/boot/autoconfigure/web/servlet/ServletWebServerFactoryCustomizer$$Lambda+0x000001f74b2aafc8
instanceKlass  @bci org/springframework/boot/autoconfigure/web/servlet/ServletWebServerFactoryCustomizer customize (Lorg/springframework/boot/web/servlet/server/ConfigurableServletWebServerFactory;)V 270 <appendix> member <vmtarget> ; # org/springframework/boot/autoconfigure/web/servlet/ServletWebServerFactoryCustomizer$$Lambda+0x000001f74b2aad80
instanceKlass  @bci org/springframework/boot/autoconfigure/web/servlet/ServletWebServerFactoryCustomizer customize (Lorg/springframework/boot/web/servlet/server/ConfigurableServletWebServerFactory;)V 256 <appendix> member <vmtarget> ; # org/springframework/boot/autoconfigure/web/servlet/ServletWebServerFactoryCustomizer$$Lambda+0x000001f74b2aab48
instanceKlass  @bci org/springframework/boot/autoconfigure/web/servlet/ServletWebServerFactoryCustomizer customize (Lorg/springframework/boot/web/servlet/server/ConfigurableServletWebServerFactory;)V 235 <appendix> member <vmtarget> ; # org/springframework/boot/autoconfigure/web/servlet/ServletWebServerFactoryCustomizer$$Lambda+0x000001f74b2aa900
instanceKlass  @bci org/springframework/boot/autoconfigure/web/servlet/ServletWebServerFactoryCustomizer customize (Lorg/springframework/boot/web/servlet/server/ConfigurableServletWebServerFactory;)V 221 <appendix> member <vmtarget> ; # org/springframework/boot/autoconfigure/web/servlet/ServletWebServerFactoryCustomizer$$Lambda+0x000001f74b2aa6c8
instanceKlass  @bci org/springframework/boot/autoconfigure/web/servlet/ServletWebServerFactoryCustomizer customize (Lorg/springframework/boot/web/servlet/server/ConfigurableServletWebServerFactory;)V 203 <appendix> member <vmtarget> ; # org/springframework/boot/autoconfigure/web/servlet/ServletWebServerFactoryCustomizer$$Lambda+0x000001f74b2aa480
instanceKlass  @bci org/springframework/boot/autoconfigure/web/servlet/ServletWebServerFactoryCustomizer customize (Lorg/springframework/boot/web/servlet/server/ConfigurableServletWebServerFactory;)V 189 <appendix> member <vmtarget> ; # org/springframework/boot/autoconfigure/web/servlet/ServletWebServerFactoryCustomizer$$Lambda+0x000001f74b2aa248
instanceKlass  @bci org/springframework/boot/autoconfigure/web/servlet/ServletWebServerFactoryCustomizer customize (Lorg/springframework/boot/web/servlet/server/ConfigurableServletWebServerFactory;)V 168 <appendix> member <vmtarget> ; # org/springframework/boot/autoconfigure/web/servlet/ServletWebServerFactoryCustomizer$$Lambda+0x000001f74b2aa000
instanceKlass  @bci org/springframework/boot/autoconfigure/web/servlet/ServletWebServerFactoryCustomizer customize (Lorg/springframework/boot/web/servlet/server/ConfigurableServletWebServerFactory;)V 154 <appendix> member <vmtarget> ; # org/springframework/boot/autoconfigure/web/servlet/ServletWebServerFactoryCustomizer$$Lambda+0x000001f74b2afbf0
instanceKlass  @bci org/springframework/boot/autoconfigure/web/servlet/ServletWebServerFactoryCustomizer customize (Lorg/springframework/boot/web/servlet/server/ConfigurableServletWebServerFactory;)V 133 <appendix> member <vmtarget> ; # org/springframework/boot/autoconfigure/web/servlet/ServletWebServerFactoryCustomizer$$Lambda+0x000001f74b2af9a8
instanceKlass  @bci org/springframework/boot/autoconfigure/web/servlet/ServletWebServerFactoryCustomizer customize (Lorg/springframework/boot/web/servlet/server/ConfigurableServletWebServerFactory;)V 119 <appendix> member <vmtarget> ; # org/springframework/boot/autoconfigure/web/servlet/ServletWebServerFactoryCustomizer$$Lambda+0x000001f74b2af770
instanceKlass  @bci org/springframework/boot/autoconfigure/web/servlet/ServletWebServerFactoryCustomizer customize (Lorg/springframework/boot/web/servlet/server/ConfigurableServletWebServerFactory;)V 98 <appendix> member <vmtarget> ; # org/springframework/boot/autoconfigure/web/servlet/ServletWebServerFactoryCustomizer$$Lambda+0x000001f74b2af528
instanceKlass  @bci org/springframework/boot/autoconfigure/web/servlet/ServletWebServerFactoryCustomizer customize (Lorg/springframework/boot/web/servlet/server/ConfigurableServletWebServerFactory;)V 84 <appendix> member <vmtarget> ; # org/springframework/boot/autoconfigure/web/servlet/ServletWebServerFactoryCustomizer$$Lambda+0x000001f74b2af2f0
instanceKlass  @bci org/springframework/boot/autoconfigure/web/servlet/ServletWebServerFactoryCustomizer customize (Lorg/springframework/boot/web/servlet/server/ConfigurableServletWebServerFactory;)V 63 <appendix> member <vmtarget> ; # org/springframework/boot/autoconfigure/web/servlet/ServletWebServerFactoryCustomizer$$Lambda+0x000001f74b2af0a8
instanceKlass  @bci org/springframework/boot/autoconfigure/web/servlet/ServletWebServerFactoryCustomizer customize (Lorg/springframework/boot/web/servlet/server/ConfigurableServletWebServerFactory;)V 49 <appendix> member <vmtarget> ; # org/springframework/boot/autoconfigure/web/servlet/ServletWebServerFactoryCustomizer$$Lambda+0x000001f74b2aee70
instanceKlass  @bci org/springframework/boot/autoconfigure/web/servlet/ServletWebServerFactoryCustomizer customize (Lorg/springframework/boot/web/servlet/server/ConfigurableServletWebServerFactory;)V 31 <appendix> member <vmtarget> ; # org/springframework/boot/autoconfigure/web/servlet/ServletWebServerFactoryCustomizer$$Lambda+0x000001f74b2aec28
instanceKlass  @cpi org/springframework/boot/web/servlet/server/AbstractServletWebServerFactory$SessionConfiguringInitializer 228 form vmentry <vmtarget> ; # java/lang/invoke/LambdaForm$DMH+0x000001f74b2a8c00
instanceKlass  @bci org/springframework/boot/context/properties/PropertyMapper$Source whenNonNull ()Lorg/springframework/boot/context/properties/PropertyMapper$Source; 15 <appendix> argL0 ; # org/springframework/boot/context/properties/PropertyMapper$Source$$Lambda+0x000001f74b2ae9c8
instanceKlass org/springframework/boot/context/properties/PropertyMapper$NullPointerExceptionSafeSupplier
instanceKlass org/springframework/util/function/SingletonSupplier
instanceKlass  @bci org/springframework/boot/autoconfigure/web/servlet/ServletWebServerFactoryCustomizer customize (Lorg/springframework/boot/web/servlet/server/ConfigurableServletWebServerFactory;)V 17 <appendix> member <vmtarget> ; # org/springframework/boot/autoconfigure/web/servlet/ServletWebServerFactoryCustomizer$$Lambda+0x000001f74b2ae308
instanceKlass  @bci org/springframework/boot/context/properties/PropertyMapper alwaysApplyingWhenNonNull ()Lorg/springframework/boot/context/properties/PropertyMapper; 2 <appendix> member <vmtarget> ; # org/springframework/boot/context/properties/PropertyMapper$$Lambda+0x000001f74b2ae0d0
instanceKlass org/springframework/boot/context/properties/PropertyMapper$Source
instanceKlass org/springframework/boot/context/properties/PropertyMapper$SourceOperator
instanceKlass  @bci org/springframework/boot/context/properties/PropertyMapper <clinit> ()V 0 <appendix> argL0 ; # org/springframework/boot/context/properties/PropertyMapper$$Lambda+0x000001f74b2adc50
instanceKlass org/springframework/boot/context/properties/PropertyMapper
instanceKlass org/springframework/boot/autoconfigure/web/servlet/TomcatServletWebServerFactoryCustomizer$1
instanceKlass java/text/ParsePosition
instanceKlass  @bci org/springframework/boot/autoconfigure/web/servlet/TomcatServletWebServerFactoryCustomizer customizeUseRelativeRedirects (Lorg/springframework/boot/web/embedded/tomcat/ConfigurableTomcatWebServerFactory;Z)V 8 <appendix> member <vmtarget> ; # org/springframework/boot/autoconfigure/web/servlet/TomcatServletWebServerFactoryCustomizer$$Lambda+0x000001f74b2acf78
instanceKlass  @bci org/springframework/boot/autoconfigure/web/servlet/TomcatServletWebServerFactoryCustomizer customizeRedirectContextRoot (Lorg/springframework/boot/web/embedded/tomcat/ConfigurableTomcatWebServerFactory;Z)V 8 <appendix> member <vmtarget> ; # org/springframework/boot/autoconfigure/web/servlet/TomcatServletWebServerFactoryCustomizer$$Lambda+0x000001f74b2acd48
instanceKlass  @cpi org/springframework/boot/autoconfigure/web/embedded/TomcatWebServerFactoryCustomizer 1059 form vmentry <vmtarget> ; # java/lang/invoke/LambdaForm$DMH+0x000001f74b2a8800
instanceKlass org/springframework/boot/util/LambdaSafe$InvocationResult
instanceKlass  @bci org/springframework/boot/autoconfigure/websocket/servlet/TomcatWebSocketServletWebServerCustomizer customize (Lorg/springframework/boot/web/embedded/tomcat/TomcatServletWebServerFactory;)V 7 <appendix> argL0 ; # org/springframework/boot/autoconfigure/websocket/servlet/TomcatWebSocketServletWebServerCustomizer$$Lambda+0x000001f74b2ac8f8
instanceKlass  @bci org/springframework/boot/util/LambdaSafe$Callbacks lambda$invoke$1 (Ljava/util/function/Consumer;Ljava/lang/Object;)V 4 <appendix> member <vmtarget> ; # org/springframework/boot/util/LambdaSafe$Callbacks$$Lambda+0x000001f74b2ac6c0
instanceKlass  @bci org/springframework/boot/util/LambdaSafe$Callbacks invoke (Ljava/util/function/Consumer;)V 6 <appendix> member <vmtarget> ; # org/springframework/boot/util/LambdaSafe$Callbacks$$Lambda+0x000001f74b2ac478
instanceKlass  @bci org/springframework/boot/web/server/WebServerFactoryCustomizerBeanPostProcessor postProcessBeforeInitialization (Lorg/springframework/boot/web/server/WebServerFactory;)V 23 <appendix> member <vmtarget> ; # org/springframework/boot/web/server/WebServerFactoryCustomizerBeanPostProcessor$$Lambda+0x000001f74b2ac230
instanceKlass org/springframework/boot/util/LambdaSafe$GenericTypeFilter
instanceKlass org/springframework/boot/util/LambdaSafe$Filter
instanceKlass org/springframework/boot/util/LambdaSafe$LambdaSafeCallback
instanceKlass java/lang/reflect/AnnotatedType
instanceKlass java/lang/Class$EnclosingMethodInfo
instanceKlass org/springframework/boot/util/LambdaSafe
instanceKlass java/util/function/ObjIntConsumer
# instanceKlass java/lang/invoke/LambdaForm$MH+0x000001f74b2a8400
# instanceKlass java/lang/invoke/LambdaForm$MH+0x000001f74b2a8000
# instanceKlass java/lang/invoke/LambdaForm$MH+0x000001f74b2a2c00
instanceKlass org/springframework/boot/ssl/DefaultSslBundleRegistry$RegisteredSslBundle
instanceKlass  @bci org/springframework/boot/autoconfigure/ssl/SslPropertiesBundleRegistrar registerBundles (Lorg/springframework/boot/ssl/SslBundleRegistry;)V 38 <appendix> member <vmtarget> ; # org/springframework/boot/autoconfigure/ssl/SslPropertiesBundleRegistrar$$Lambda+0x000001f74b2a3488
instanceKlass  @bci org/springframework/boot/autoconfigure/ssl/SslPropertiesBundleRegistrar registerBundles (Lorg/springframework/boot/ssl/SslBundleRegistry;)V 32 <appendix> argL0 ; # org/springframework/boot/autoconfigure/ssl/SslPropertiesBundleRegistrar$$Lambda+0x000001f74b2a3248
instanceKlass  @bci org/springframework/boot/autoconfigure/ssl/SslPropertiesBundleRegistrar registerBundles (Lorg/springframework/boot/ssl/SslBundleRegistry;Ljava/util/Map;Ljava/util/function/BiFunction;Ljava/util/function/Function;)V 6 <appendix> member <vmtarget> ; # org/springframework/boot/autoconfigure/ssl/SslPropertiesBundleRegistrar$$Lambda+0x000001f74b2a3000
instanceKlass  @cpi org/apache/hc/client5/http/impl/classic/MainClientExec 231 form vmentry <vmtarget> ; # java/lang/invoke/LambdaForm$DMH+0x000001f74b2a2800
instanceKlass  @bci org/springframework/boot/autoconfigure/ssl/SslPropertiesBundleRegistrar registerBundles (Lorg/springframework/boot/ssl/SslBundleRegistry;)V 15 <appendix> member <vmtarget> ; # org/springframework/boot/autoconfigure/ssl/SslPropertiesBundleRegistrar$$Lambda+0x000001f74b2a7b98
instanceKlass  @bci org/springframework/boot/autoconfigure/ssl/SslPropertiesBundleRegistrar registerBundles (Lorg/springframework/boot/ssl/SslBundleRegistry;)V 9 <appendix> argL0 ; # org/springframework/boot/autoconfigure/ssl/SslPropertiesBundleRegistrar$$Lambda+0x000001f74b2a7958
instanceKlass org/springframework/boot/ssl/SslStoreBundle
instanceKlass org/springframework/boot/autoconfigure/ssl/PropertiesSslBundle
instanceKlass  @bci org/springframework/boot/autoconfigure/ssl/SslAutoConfiguration sslBundleRegistry (Lorg/springframework/beans/factory/ObjectProvider;)Lorg/springframework/boot/ssl/DefaultSslBundleRegistry; 15 <appendix> member <vmtarget> ; # org/springframework/boot/autoconfigure/ssl/SslAutoConfiguration$$Lambda+0x000001f74b2a6fe8
instanceKlass org/springframework/boot/autoconfigure/ssl/SslBundleProperties
instanceKlass org/springframework/boot/io/ApplicationResourceLoader$ProtocolResolvingResourceLoader
instanceKlass org/springframework/boot/web/servlet/context/ServletContextResourceFilePathResolver
instanceKlass org/springframework/boot/web/reactive/context/FilteredReactiveWebContextResourceFilePathResolver
instanceKlass org/springframework/boot/io/ClassPathResourceFilePathResolver
instanceKlass org/springframework/boot/io/ApplicationResourceLoader$FilePathResolver
instanceKlass org/springframework/util/MethodInvoker
instanceKlass org/springframework/boot/autoconfigure/ssl/SslProperties$Bundles$Watch$File
instanceKlass org/springframework/boot/autoconfigure/ssl/SslProperties$Bundles$Watch
instanceKlass  @bci org/springframework/core/annotation/AnnotationUtils getAnnotation (Ljava/lang/reflect/AnnotatedElement;Ljava/lang/Class;)Ljava/lang/annotation/Annotation; 48 <appendix> argL0 ; # org/springframework/core/annotation/AnnotationUtils$$Lambda+0x000001f74b2a4e70
instanceKlass java/util/Collections$UnmodifiableMap$UnmodifiableEntrySet$1
# instanceKlass java/lang/invoke/LambdaForm$MH+0x000001f74b2a2400
# instanceKlass java/lang/invoke/LambdaForm$MH+0x000001f74b2a2000
# instanceKlass java/lang/invoke/LambdaForm$MH+0x000001f74b2a1c00
# instanceKlass java/lang/invoke/LambdaForm$DMH+0x000001f74b2a1800
# instanceKlass java/lang/invoke/LambdaForm$DMH+0x000001f74b2a1400
# instanceKlass java/lang/invoke/LambdaForm$DMH+0x000001f74b2a1000
instanceKlass java/lang/invoke/MethodHandleImpl$ArrayAccessor
# instanceKlass java/lang/invoke/LambdaForm$MH+0x000001f74b2a0c00
# instanceKlass java/lang/invoke/LambdaForm$MH+0x000001f74b2a0800
# instanceKlass java/lang/invoke/LambdaForm$DMH+0x000001f74b2a0400
instanceKlass org/springframework/boot/web/servlet/WebListenerRegistrar
instanceKlass org/springframework/boot/convert/DurationUnit
instanceKlass  @bci org/springframework/boot/context/properties/bind/MapBinder$EntryBinder bindEntries (Lorg/springframework/boot/context/properties/source/ConfigurationPropertySource;Ljava/util/Map;)V 96 <appendix> member <vmtarget> ; # org/springframework/boot/context/properties/bind/MapBinder$EntryBinder$$Lambda+0x000001f74b29faf0
instanceKlass java/util/stream/Sink$ChainedInt
instanceKlass  @bci org/springframework/boot/convert/LenientObjectToEnumConverterFactory$LenientToEnumConverter getCanonicalName (Ljava/lang/String;)Ljava/lang/String; 37 <appendix> member <vmtarget> ; # org/springframework/boot/convert/LenientObjectToEnumConverterFactory$LenientToEnumConverter$$Lambda+0x000001f74b29f8a8
instanceKlass  @cpi org/springframework/boot/convert/LenientObjectToEnumConverterFactory$LenientToEnumConverter 231 form vmentry <vmtarget> ; # java/lang/invoke/LambdaForm$DMH+0x000001f74b2a0000
instanceKlass  @bci org/springframework/boot/convert/LenientObjectToEnumConverterFactory$LenientToEnumConverter getCanonicalName (Ljava/lang/String;)Ljava/lang/String; 26 <appendix> argL0 ; # org/springframework/boot/convert/LenientObjectToEnumConverterFactory$LenientToEnumConverter$$Lambda+0x000001f74b29f658
instanceKlass java/util/function/IntUnaryOperator
instanceKlass  @bci org/springframework/boot/convert/LenientObjectToEnumConverterFactory$LenientToEnumConverter getCanonicalName (Ljava/lang/String;)Ljava/lang/String; 16 <appendix> argL0 ; # org/springframework/boot/convert/LenientObjectToEnumConverterFactory$LenientToEnumConverter$$Lambda+0x000001f74b29f3f8
instanceKlass org/springframework/boot/convert/LenientObjectToEnumConverterFactory$LenientToEnumConverter
instanceKlass  @bci org/springframework/boot/convert/LenientObjectToEnumConverterFactory getConverter (Ljava/lang/Class;)Lorg/springframework/core/convert/converter/Converter; 23 <appendix> member <vmtarget> ; # org/springframework/boot/convert/LenientObjectToEnumConverterFactory$$Lambda+0x000001f74b29ef68
instanceKlass org/xml/sax/InputSource
instanceKlass  @bci org/springframework/boot/context/properties/bind/PropertySourcesPlaceholdersResolver resolvePlaceholders (Ljava/lang/Object;)Ljava/lang/Object; 18 <appendix> member <vmtarget> ; # org/springframework/boot/context/properties/bind/PropertySourcesPlaceholdersResolver$$Lambda+0x000001f74b29a3f0
instanceKlass  @bci org/springframework/boot/context/properties/ConfigurationPropertiesBinder getPropertyEditorInitializer ()Ljava/util/function/Consumer; 28 <appendix> member <vmtarget> ; # org/springframework/boot/context/properties/ConfigurationPropertiesBinder$$Lambda+0x000001f74b29a1a8
instanceKlass org/springframework/beans/factory/annotation/BeanFactoryAnnotationUtils
instanceKlass org/springframework/boot/context/properties/ConversionServiceDeducer$ConverterBeans
instanceKlass org/springframework/boot/context/properties/ConversionServiceDeducer
instanceKlass  @bci org/springframework/cloud/client/loadbalancer/LoadBalancerDefaultMappingsProviderAutoConfiguration loadBalancerClientsDefaultsMappingsProvider ()Lorg/springframework/cloud/commons/config/DefaultsBindHandlerAdvisor$MappingsProvider; 0 <appendix> argL0 ; # org/springframework/cloud/client/loadbalancer/LoadBalancerDefaultMappingsProviderAutoConfiguration$$Lambda+0x000001f74b2998a0
instanceKlass  @bci org/springframework/core/annotation/AnnotationUtils getAnnotation (Ljava/lang/annotation/Annotation;Ljava/lang/Class;)Ljava/lang/annotation/Annotation; 49 <appendix> argL0 ; # org/springframework/core/annotation/AnnotationUtils$$Lambda+0x000001f74b299640
instanceKlass org/springframework/beans/factory/support/DefaultListableBeanFactory$1
instanceKlass  @bci org/springframework/core/annotation/SynthesizedMergedAnnotationInvocationHandler lambda$getAttributeValue$1 (Ljava/lang/reflect/Method;Ljava/lang/String;)Ljava/lang/Object; 21 <appendix> member <vmtarget> ; # org/springframework/core/annotation/SynthesizedMergedAnnotationInvocationHandler$$Lambda+0x000001f74b299088
instanceKlass  @bci org/springframework/core/annotation/SynthesizedMergedAnnotationInvocationHandler getAttributeValue (Ljava/lang/reflect/Method;)Ljava/lang/Object; 10 <appendix> member <vmtarget> ; # org/springframework/core/annotation/SynthesizedMergedAnnotationInvocationHandler$$Lambda+0x000001f74b298e30
instanceKlass  @bci org/springframework/boot/context/properties/ConfigurationPropertiesBinder getHandler ()Lorg/springframework/boot/context/properties/bind/handler/IgnoreTopLevelConverterNotFoundBindHandler; 26 <appendix> member <vmtarget> ; # org/springframework/boot/context/properties/ConfigurationPropertiesBinder$$Lambda+0x000001f74b298968
instanceKlass  @bci org/springframework/boot/context/properties/bind/Bindable withBindMethod (Lorg/springframework/boot/context/properties/bind/BindMethod;)Lorg/springframework/boot/context/properties/bind/Bindable; 19 <appendix> argL0 ; # org/springframework/boot/context/properties/bind/Bindable$$Lambda+0x000001f74b298238
instanceKlass org/springframework/validation/annotation/Validated
instanceKlass org/springframework/core/annotation/SynthesizedMergedAnnotationInvocationHandler
instanceKlass org/springframework/boot/context/properties/bind/Nested
instanceKlass org/springframework/boot/context/properties/NestedConfigurationProperty
instanceKlass org/springframework/boot/autoconfigure/web/ServerProperties$Undertow$Options
instanceKlass org/springframework/boot/autoconfigure/web/ServerProperties$Undertow$Threads
instanceKlass org/springframework/boot/autoconfigure/web/ServerProperties$Undertow$Accesslog
instanceKlass org/springframework/boot/autoconfigure/web/ServerProperties$Jetty$Threads
instanceKlass org/springframework/boot/autoconfigure/web/ServerProperties$Jetty$Accesslog
instanceKlass org/springframework/boot/autoconfigure/web/ServerProperties$Tomcat$Remoteip
instanceKlass org/springframework/boot/autoconfigure/web/ServerProperties$Tomcat$Mbeanregistry
instanceKlass org/springframework/boot/autoconfigure/web/ServerProperties$Tomcat$Resource
instanceKlass org/springframework/boot/autoconfigure/web/ServerProperties$Tomcat$Threads
instanceKlass org/springframework/boot/autoconfigure/web/ServerProperties$Tomcat$Accesslog
instanceKlass org/springframework/boot/autoconfigure/web/ServerProperties$Reactive$Session
instanceKlass org/springframework/boot/web/servlet/server/Encoding
instanceKlass org/springframework/boot/autoconfigure/web/ErrorProperties$Whitelabel
instanceKlass  @bci org/springframework/core/SimpleAliasRegistry retrieveAliases (Ljava/lang/String;Ljava/util/List;)V 7 <appendix> member <vmtarget> ; # org/springframework/core/SimpleAliasRegistry$$Lambda+0x000001f74b294f68
instanceKlass  @bci org/springframework/beans/factory/support/DefaultListableBeanFactory isAutowireCandidate (Ljava/lang/String;Lorg/springframework/beans/factory/support/RootBeanDefinition;Lorg/springframework/beans/factory/config/DependencyDescriptor;Lorg/springframework/beans/factory/support/AutowireCandidateResolver;)Z 64 <appendix> member <vmtarget> ; # org/springframework/beans/factory/support/DefaultListableBeanFactory$$Lambda+0x000001f74b294d10
instanceKlass org/springframework/boot/web/servlet/server/CookieSameSiteSupplier
instanceKlass org/springframework/boot/web/server/ErrorPage
instanceKlass org/apache/coyote/AbstractProtocol
instanceKlass org/apache/catalina/Engine
instanceKlass org/springframework/boot/web/embedded/tomcat/TomcatWebServer
instanceKlass org/springframework/boot/web/embedded/tomcat/SslConnectorCustomizer
instanceKlass org/apache/coyote/ProtocolHandler
instanceKlass org/apache/catalina/Host
instanceKlass  @bci org/springframework/core/OrderComparator withSourceProvider (Lorg/springframework/core/OrderComparator$OrderSourceProvider;)Ljava/util/Comparator; 2 <appendix> member <vmtarget> ; # org/springframework/core/OrderComparator$$Lambda+0x000001f74b28d488
instanceKlass org/springframework/beans/factory/support/DefaultListableBeanFactory$FactoryAwareOrderSourceProvider
instanceKlass  @bci org/springframework/beans/factory/support/DefaultListableBeanFactory createFactoryAwareOrderSourceProvider (Ljava/util/Map;)Lorg/springframework/core/OrderComparator$OrderSourceProvider; 10 <appendix> member <vmtarget> ; # org/springframework/beans/factory/support/DefaultListableBeanFactory$$Lambda+0x000001f74b28d000
instanceKlass  @bci org/springframework/beans/factory/support/DefaultListableBeanFactory resolveMultipleBeans (Lorg/springframework/beans/factory/config/DependencyDescriptor;Ljava/lang/String;Ljava/util/Set;Lorg/springframework/beans/TypeConverter;)Ljava/lang/Object; 73 <appendix> argL0 ; # org/springframework/beans/factory/support/DefaultListableBeanFactory$$Lambda+0x000001f74b28fc28
instanceKlass  @bci org/springframework/beans/factory/support/DefaultListableBeanFactory resolveMultipleBeans (Lorg/springframework/beans/factory/config/DependencyDescriptor;Ljava/lang/String;Ljava/util/Set;Lorg/springframework/beans/TypeConverter;)Ljava/lang/Object; 63 <appendix> member <vmtarget> ; # org/springframework/beans/factory/support/DefaultListableBeanFactory$$Lambda+0x000001f74b28f9d0
instanceKlass org/springframework/boot/web/embedded/tomcat/TldPatterns
instanceKlass org/springframework/boot/web/servlet/server/StaticResourceJars
instanceKlass org/springframework/boot/web/servlet/server/DocumentRoot
instanceKlass org/springframework/boot/web/servlet/server/Jsp
instanceKlass org/springframework/boot/web/server/MimeMappings$Mapping
instanceKlass org/springframework/boot/web/servlet/server/SessionStoreDirectory
instanceKlass org/springframework/boot/web/server/Cookie
instanceKlass org/springframework/boot/web/servlet/server/Session
instanceKlass org/apache/catalina/Manager
instanceKlass org/apache/tomcat/JarScanFilter
instanceKlass org/apache/catalina/Loader
instanceKlass org/apache/tomcat/util/security/PermissionCheck
instanceKlass org/apache/juli/WebappProperties
instanceKlass org/apache/tomcat/InstrumentableClassLoader
instanceKlass org/apache/catalina/LifecycleListener
instanceKlass org/apache/catalina/Context
instanceKlass org/apache/tomcat/ContextBind
instanceKlass org/apache/catalina/WebResourceRoot
instanceKlass  @bci jdk/internal/reflect/DirectMethodHandleAccessor invokeImpl (Ljava/lang/Object;[Ljava/lang/Object;)Ljava/lang/Object; 92 <adapter> ; # java/lang/invoke/LambdaForm$MH+0x000001f74b28c400
# instanceKlass java/lang/invoke/LambdaForm$MH+0x000001f74b28c000
# instanceKlass java/lang/invoke/LambdaForm$MH+0x000001f74b28bc00
# instanceKlass java/lang/invoke/LambdaForm$DMH+0x000001f74b28b800
instanceKlass org/springframework/boot/web/embedded/tomcat/TomcatProtocolHandlerCustomizer
instanceKlass org/springframework/boot/web/embedded/tomcat/TomcatContextCustomizer
instanceKlass org/springframework/boot/web/embedded/tomcat/TomcatConnectorCustomizer
instanceKlass org/springframework/ui/context/Theme
instanceKlass org/springframework/ui/context/support/ResourceBundleThemeSource
instanceKlass org/springframework/ui/context/HierarchicalThemeSource
instanceKlass org/springframework/ui/context/support/UiApplicationContextUtils
instanceKlass org/springframework/context/support/MessageSourceSupport
instanceKlass org/springframework/context/HierarchicalMessageSource
# instanceKlass java/lang/invoke/LambdaForm$MH+0x000001f74b28b400
# instanceKlass java/lang/invoke/LambdaForm$MH+0x000001f74b28b000
# instanceKlass java/lang/invoke/LambdaForm$MH+0x000001f74b28ac00
instanceKlass  @bci org/springframework/beans/factory/support/AutowireUtils <clinit> ()V 0 <appendix> argL0 ; # org/springframework/beans/factory/support/AutowireUtils$$Lambda+0x000001f74b286338
instanceKlass org/springframework/beans/factory/support/AutowireUtils
instanceKlass org/springframework/core/annotation/AnnotatedElementUtils$AnnotatedElementForAnnotations
instanceKlass  @bci org/springframework/beans/factory/ObjectProvider <clinit> ()V 0 <appendix> argL0 ; # org/springframework/beans/factory/ObjectProvider$$Lambda+0x000001f74b285e38
instanceKlass org/springframework/beans/factory/support/DefaultListableBeanFactory$DependencyObjectProvider
instanceKlass org/springframework/beans/factory/support/DefaultListableBeanFactory$BeanObjectProvider
instanceKlass org/springframework/beans/factory/support/ConstructorResolver$ArgumentsHolder
instanceKlass org/springframework/aop/framework/autoproxy/ProxyCreationContext
instanceKlass org/springframework/aop/Pointcut
# instanceKlass java/lang/invoke/LambdaForm$MH+0x000001f74b28a800
# instanceKlass java/lang/invoke/LambdaForm$MH+0x000001f74b28a400
# instanceKlass java/lang/invoke/LambdaForm$MH+0x000001f74b28a000
# instanceKlass java/lang/invoke/LambdaForm$MH+0x000001f74b289c00
# instanceKlass java/lang/invoke/LambdaForm$MH+0x000001f74b289800
# instanceKlass java/lang/invoke/LambdaForm$MH+0x000001f74b289400
# instanceKlass java/lang/invoke/LambdaForm$BMH+0x000001f74b289000
# instanceKlass java/lang/invoke/LambdaForm$DMH+0x000001f74b288c00
# instanceKlass java/lang/invoke/LambdaForm$MH+0x000001f74b288800
# instanceKlass java/lang/invoke/LambdaForm$DMH+0x000001f74b288400
instanceKlass sun/invoke/util/ValueConversions$1
instanceKlass  @cpi org/springframework/boot/autoconfigure/web/embedded/TomcatWebServerFactoryCustomizer 991 form vmentry <vmtarget> ; # java/lang/invoke/LambdaForm$DMH+0x000001f74b288000
instanceKlass org/springframework/core/convert/support/NumberToNumberConverterFactory$NumberToNumber
instanceKlass org/springframework/beans/Mergeable
instanceKlass  @bci org/springframework/beans/factory/annotation/AutowiredAnnotationBeanPostProcessor buildAutowiringMetadata (Ljava/lang/Class;)Lorg/springframework/beans/factory/annotation/InjectionMetadata; 63 <appendix> member <vmtarget> ; # org/springframework/beans/factory/annotation/AutowiredAnnotationBeanPostProcessor$$Lambda+0x000001f74b2824b8
instanceKlass  @bci org/springframework/beans/factory/annotation/AutowiredAnnotationBeanPostProcessor buildAutowiringMetadata (Ljava/lang/Class;)Lorg/springframework/beans/factory/annotation/InjectionMetadata; 41 <appendix> member <vmtarget> ; # org/springframework/beans/factory/annotation/AutowiredAnnotationBeanPostProcessor$$Lambda+0x000001f74b282280
instanceKlass  @bci org/springframework/context/annotation/CommonAnnotationBeanPostProcessor buildResourceMetadata (Ljava/lang/Class;)Lorg/springframework/beans/factory/annotation/InjectionMetadata; 53 <appendix> member <vmtarget> ; # org/springframework/context/annotation/CommonAnnotationBeanPostProcessor$$Lambda+0x000001f74b282048
instanceKlass  @bci org/springframework/context/annotation/CommonAnnotationBeanPostProcessor buildResourceMetadata (Ljava/lang/Class;)Lorg/springframework/beans/factory/annotation/InjectionMetadata; 40 <appendix> member <vmtarget> ; # org/springframework/context/annotation/CommonAnnotationBeanPostProcessor$$Lambda+0x000001f74b281e10
instanceKlass org/springframework/util/ReflectionUtils$FieldCallback
instanceKlass org/springframework/beans/factory/annotation/InjectionMetadata
instanceKlass  @bci org/springframework/beans/factory/annotation/InitDestroyAnnotationBeanPostProcessor buildLifecycleMetadata (Ljava/lang/Class;)Lorg/springframework/beans/factory/annotation/InitDestroyAnnotationBeanPostProcessor$LifecycleMetadata; 72 <appendix> member <vmtarget> ; # org/springframework/beans/factory/annotation/InitDestroyAnnotationBeanPostProcessor$$Lambda+0x000001f74b281738
instanceKlass org/springframework/aop/framework/adapter/ThrowsAdviceAdapter
instanceKlass org/springframework/aop/framework/adapter/AfterReturningAdviceAdapter
instanceKlass org/springframework/aop/framework/adapter/MethodBeforeAdviceAdapter
instanceKlass org/springframework/aop/framework/adapter/AdvisorAdapter
instanceKlass org/springframework/aop/framework/adapter/DefaultAdvisorAdapterRegistry
instanceKlass org/springframework/aop/framework/adapter/GlobalAdvisorAdapterRegistry
instanceKlass org/springframework/aop/framework/adapter/AdvisorAdapterRegistry
instanceKlass org/springframework/aop/Advisor
instanceKlass org/springframework/aop/framework/autoproxy/TargetSourceCreator
instanceKlass org/springframework/aop/framework/autoproxy/BeanFactoryAdvisorRetrievalHelper
instanceKlass  @bci org/springframework/beans/factory/annotation/AutowiredAnnotationBeanPostProcessor checkLookupMethods (Ljava/lang/Class;Ljava/lang/String;)V 28 <appendix> member <vmtarget> ; # org/springframework/beans/factory/annotation/AutowiredAnnotationBeanPostProcessor$$Lambda+0x000001f74b27bd90
instanceKlass org/springframework/beans/factory/annotation/Lookup
instanceKlass  @bci java/util/concurrent/CopyOnWriteArrayList removeAll (Ljava/util/Collection;)Z 7 <appendix> member <vmtarget> ; # java/util/concurrent/CopyOnWriteArrayList$$Lambda+0x000001f74b0bd020
instanceKlass org/springframework/validation/Errors
instanceKlass org/springframework/boot/context/properties/ConfigurationPropertiesJsr303Validator
instanceKlass org/springframework/boot/context/properties/PropertySourcesDeducer
instanceKlass org/springframework/jndi/JndiTemplate
instanceKlass javax/annotation/PreDestroy
instanceKlass jakarta/annotation/PreDestroy
instanceKlass javax/annotation/Resource
instanceKlass jakarta/annotation/Resource
instanceKlass org/springframework/beans/factory/annotation/InitDestroyAnnotationBeanPostProcessor$LifecycleMetadata
instanceKlass jakarta/inject/Inject
instanceKlass org/springframework/beans/factory/support/MethodOverride
instanceKlass org/springframework/context/support/PostProcessorRegistrationDelegate$BeanPostProcessorChecker
instanceKlass  @bci org/springframework/beans/factory/support/AbstractBeanFactory clearMetadataCache ()V 5 <appendix> member <vmtarget> ; # org/springframework/beans/factory/support/AbstractBeanFactory$$Lambda+0x000001f74b27a4d8
instanceKlass org/springframework/aop/config/AopConfigUtils
instanceKlass  @bci org/springframework/boot/autoconfigure/aop/AopAutoConfiguration$ClassProxyingConfiguration forceAutoProxyCreatorToUseClassProxying ()Lorg/springframework/beans/factory/config/BeanFactoryPostProcessor; 0 <appendix> argL0 ; # org/springframework/boot/autoconfigure/aop/AopAutoConfiguration$ClassProxyingConfiguration$$Lambda+0x000001f74b27f158
instanceKlass org/springframework/context/expression/CachedExpressionEvaluator
instanceKlass org/springframework/boot/autoconfigure/flyway/FlywayMigrationInitializer
instanceKlass  @bci org/springframework/boot/sql/init/dependency/BeansOfTypeDetector detect (Lorg/springframework/beans/factory/ListableBeanFactory;)Ljava/util/Set; 71 <appendix> member <vmtarget> ; # org/springframework/boot/sql/init/dependency/BeansOfTypeDetector$$Lambda+0x000001f74b27e400
instanceKlass  @bci org/springframework/boot/sql/init/dependency/BeansOfTypeDetector detect (Lorg/springframework/beans/factory/ListableBeanFactory;)Ljava/util/Set; 55 <appendix> argL0 ; # org/springframework/boot/sql/init/dependency/BeansOfTypeDetector$$Lambda+0x000001f74b27e1b0
instanceKlass org/springframework/boot/sql/init/AbstractScriptDatabaseInitializer
instanceKlass org/springframework/boot/sql/init/dependency/BeansOfTypeDetector
instanceKlass org/springframework/boot/sql/init/dependency/DatabaseInitializationDependencyConfigurer$DependsOnDatabaseInitializationPostProcessor$InitializerBeanNames
instanceKlass org/springframework/boot/sql/init/dependency/AbstractBeansOfTypeDatabaseInitializerDetector
instanceKlass org/springframework/boot/sql/init/dependency/DatabaseInitializerDetector
instanceKlass  @bci org/springframework/core/SimpleAliasRegistry resolveAliases (Lorg/springframework/util/StringValueResolver;)V 28 <appendix> member <vmtarget> ; # org/springframework/core/SimpleAliasRegistry$$Lambda+0x000001f74b27c9d0
instanceKlass org/springframework/beans/factory/config/RuntimeBeanNameReference
instanceKlass org/springframework/beans/factory/config/BeanDefinitionVisitor
instanceKlass  @bci org/springframework/context/support/PropertySourcesPlaceholderConfigurer processProperties (Lorg/springframework/beans/factory/config/ConfigurableListableBeanFactory;Lorg/springframework/core/env/ConfigurablePropertyResolver;)V 42 <appendix> member <vmtarget> ; # org/springframework/context/support/PropertySourcesPlaceholderConfigurer$$Lambda+0x000001f74b27c298
instanceKlass org/springframework/context/annotation/ImportAware
instanceKlass org/springframework/util/DefaultPropertiesPersister
instanceKlass jdk/internal/util/HexDigits
instanceKlass sun/security/provider/ByteArrayAccess$LE
instanceKlass org/springframework/context/annotation/ConfigurationClassPostProcessor$ImportAwareBeanPostProcessor
instanceKlass  @bci org/springframework/context/annotation/ConfigurationClassPostProcessor enhanceConfigurationClasses (Lorg/springframework/beans/factory/config/ConfigurableListableBeanFactory;)V 502 <appendix> member <vmtarget> ; # org/springframework/context/annotation/ConfigurationClassPostProcessor$$Lambda+0x000001f74b275490
instanceKlass org/springframework/cglib/reflect/FastClassEmitter$2
instanceKlass org/springframework/cglib/core/Block
instanceKlass org/springframework/cglib/core/EmitUtils$7
instanceKlass  @bci org/springframework/cglib/core/EmitUtils member_helper_size (Lorg/springframework/cglib/core/CodeEmitter;Ljava/util/List;Lorg/springframework/cglib/core/ObjectSwitchCallback;Lorg/springframework/cglib/core/EmitUtils$ParameterTyper;Lorg/springframework/asm/Label;Lorg/springframework/asm/Label;)V 2 <appendix> member <vmtarget> ; # org/springframework/cglib/core/EmitUtils$$Lambda+0x000001f74b277a00
instanceKlass org/springframework/cglib/core/EmitUtils$6
instanceKlass  @bci org/springframework/cglib/core/EmitUtils member_switch_helper (Lorg/springframework/cglib/core/CodeEmitter;Ljava/util/List;Lorg/springframework/cglib/core/ObjectSwitchCallback;Z)V 39 <appendix> argL0 ; # org/springframework/cglib/core/EmitUtils$$Lambda+0x000001f74b277580
instanceKlass  @bci org/springframework/cglib/core/EmitUtils member_switch_helper (Lorg/springframework/cglib/core/CodeEmitter;Ljava/util/List;Lorg/springframework/cglib/core/ObjectSwitchCallback;Z)V 11 <appendix> member <vmtarget> ; # org/springframework/cglib/core/EmitUtils$$Lambda+0x000001f74b277348
instanceKlass org/springframework/cglib/core/EmitUtils$ParameterTyper
instanceKlass org/springframework/cglib/reflect/FastClassEmitter$GetIndexCallback
instanceKlass org/springframework/cglib/reflect/FastClassEmitter$1
instanceKlass  @bci org/springframework/cglib/reflect/FastClassEmitter emitIndexBySignature (Ljava/util/List;)V 11 <appendix> argL0 ; # org/springframework/cglib/reflect/FastClassEmitter$$Lambda+0x000001f74b276c78
instanceKlass  @bci org/springframework/cglib/core/internal/LoadingCache createEntry (Ljava/lang/Object;Ljava/lang/Object;Ljava/lang/Object;)Ljava/lang/Object; 22 <appendix> member <vmtarget> ; # org/springframework/cglib/core/internal/LoadingCache$$Lambda+0x000001f74b276730
instanceKlass org/springframework/cglib/reflect/FastClass
instanceKlass org/springframework/cglib/proxy/MethodProxy$FastClassInfo
instanceKlass org/springframework/cglib/proxy/MethodProxy$CreateInfo
instanceKlass org/springframework/cglib/proxy/MethodProxy
instanceKlass java/lang/classfile/AccessFlags
instanceKlass java/lang/classfile/MethodModel
instanceKlass java/lang/classfile/FieldModel
instanceKlass  @bci jdk/internal/classfile/impl/ClassFileImpl attributeMapper ()Ljava/util/function/Function; 7 <appendix> argL0 ; # jdk/internal/classfile/impl/ClassFileImpl$$Lambda+0x80000004f
instanceKlass java/lang/classfile/ClassModel
instanceKlass java/lang/classfile/AttributedElement
instanceKlass java/lang/classfile/CompoundElement
instanceKlass org/springframework/asm/Handler
instanceKlass org/springframework/cglib/core/Local
instanceKlass java/util/LinkedList$ListItr
instanceKlass org/springframework/cglib/core/EmitUtils$3
instanceKlass  @bci java/util/DualPivotQuicksort sort (Ljava/util/DualPivotQuicksort$Sorter;[IIII)V 65 <appendix> argL0 ; # java/util/DualPivotQuicksort$$Lambda+0x000001f74b0baed0
instanceKlass  @cpi java/util/DualPivotQuicksort 405 form vmentry <vmtarget> ; # java/lang/invoke/LambdaForm$DMH+0x000001f74b274c00
instanceKlass java/util/DualPivotQuicksort$SortOperation
instanceKlass java/util/DualPivotQuicksort
instanceKlass java/util/LinkedList$Node
instanceKlass  @bci org/springframework/cglib/core/EmitUtils string_switch_hash (Lorg/springframework/cglib/core/CodeEmitter;[Ljava/lang/String;Lorg/springframework/cglib/core/ObjectSwitchCallback;Z)V 4 <appendix> argL0 ; # org/springframework/cglib/core/EmitUtils$$Lambda+0x000001f74b26b150
instanceKlass org/springframework/cglib/proxy/MethodInterceptorGenerator$1
instanceKlass org/springframework/asm/Edge
instanceKlass org/springframework/cglib/core/EmitUtils$ArrayDelimiters
instanceKlass org/springframework/cglib/core/ProcessArrayCallback
instanceKlass org/springframework/cglib/core/EmitUtils
instanceKlass org/springframework/cglib/proxy/Enhancer$4
instanceKlass org/springframework/cglib/core/LocalVariablesSorter$State
instanceKlass org/springframework/asm/Label
instanceKlass org/springframework/asm/Frame
instanceKlass org/springframework/cglib/proxy/BridgeMethodResolver
instanceKlass  @bci org/springframework/boot/web/embedded/tomcat/TomcatWebServer startNonDaemonAwaitThread ()V 11 <appendix> form vmentry <vmtarget> ; # java/lang/invoke/LambdaForm$MH+0x000001f74b274800
instanceKlass org/springframework/cglib/core/ClassEmitter$FieldInfo
instanceKlass org/springframework/cglib/core/MethodInfoTransformer
instanceKlass  @bci org/springframework/cglib/core/MethodWrapper$MethodWrapperKey equals (Ljava/lang/Object;)Z 2 <adapter> ; # java/lang/invoke/LambdaForm$MH+0x000001f74b274400
# instanceKlass java/lang/invoke/LambdaForm$MH+0x000001f74b274000
# instanceKlass java/lang/invoke/LambdaForm$DMH+0x000001f74b273c00
instanceKlass  @bci org/springframework/cglib/core/MethodWrapper$MethodWrapperKey equals (Ljava/lang/Object;)Z 2 <appendix> form vmentry <vmtarget> ; # java/lang/invoke/LambdaForm$MH+0x000001f74b273800
instanceKlass java/lang/classfile/CodeBuilder$1
instanceKlass  @bci org/springframework/cglib/core/MethodWrapper$MethodWrapperKey equals (Ljava/lang/Object;)Z 2 <appendix> argL1 form vmentry <vmtarget> ; # java/lang/invoke/LambdaForm$MH+0x000001f74b273400
instanceKlass java/lang/invoke/MethodHandleImpl$Makers$2
instanceKlass java/lang/invoke/MethodHandleImpl$Makers$1
instanceKlass java/lang/invoke/MethodHandleImpl$Makers
instanceKlass  @bci org/springframework/cglib/core/MethodWrapper$MethodWrapperKey equals (Ljava/lang/Object;)Z 2 <appendix> form names 9 function resolvedHandle form vmentry <vmtarget> ; # java/lang/invoke/LambdaForm$MH+0x000001f74b273000
instanceKlass  @bci org/springframework/cglib/core/MethodWrapper$MethodWrapperKey equals (Ljava/lang/Object;)Z 2 <appendix> form names 9 function resolvedHandle form names 5 function resolvedHandle form vmentry <vmtarget> ; # java/lang/invoke/LambdaForm$DMH+0x000001f74b272c00
# instanceKlass java/lang/invoke/LambdaForm$DMH+0x000001f74b272800
instanceKlass java/lang/invoke/MethodHandleImpl$LoopClauses
instanceKlass java/lang/invoke/MethodHandleImpl$CasesHolder
# instanceKlass java/lang/invoke/LambdaForm$MH+0x000001f74b272400
instanceKlass java/lang/invoke/LambdaFormEditor$1
# instanceKlass java/lang/invoke/LambdaForm$MH+0x000001f74b272000
# instanceKlass java/lang/invoke/LambdaForm$MH+0x000001f74b271c00
# instanceKlass java/lang/invoke/LambdaForm$MH+0x000001f74b271800
# instanceKlass java/lang/invoke/LambdaForm$MH+0x000001f74b271400
instanceKlass  @bci org/springframework/cglib/proxy/Enhancer generateClass (Lorg/springframework/asm/ClassVisitor;)V 110 <appendix> member <vmtarget> ; # org/springframework/cglib/proxy/Enhancer$$Lambda+0x000001f74b268b58
instanceKlass org/springframework/cglib/core/DuplicatesPredicate
instanceKlass org/springframework/cglib/core/RejectModifierPredicate
instanceKlass  @bci org/springframework/cglib/core/MethodWrapper$MethodWrapperKey hashCode ()I 1 <adapter> ; # java/lang/invoke/LambdaForm$MH+0x000001f74b271000
instanceKlass  @bci org/springframework/cglib/core/MethodWrapper$MethodWrapperKey hashCode ()I 1 <appendix> form vmentry <vmtarget> ; # java/lang/invoke/LambdaForm$MH+0x000001f74b270c00
# instanceKlass java/lang/invoke/LambdaForm$MH+0x000001f74b270800
# instanceKlass java/lang/invoke/LambdaForm$MH+0x000001f74b270400
instanceKlass  @bci org/springframework/cglib/core/MethodWrapper$MethodWrapperKey hashCode ()I 1 <appendix> form names 7 function resolvedHandle form vmentry <vmtarget> ; # java/lang/invoke/LambdaForm$DMH+0x000001f74b270000
instanceKlass  @bci org/springframework/cglib/core/MethodWrapper$MethodWrapperKey hashCode ()I 1 <appendix> argL2 argL2 argL2 form vmentry <vmtarget> ; # java/lang/invoke/LambdaForm$MH+0x000001f74b26fc00
instanceKlass  @bci java/lang/runtime/ObjectMethods bootstrap (Ljava/lang/invoke/MethodHandles$Lookup;Ljava/lang/String;Ljava/lang/invoke/TypeDescriptor;Ljava/lang/Class;Ljava/lang/String;[Ljava/lang/invoke/MethodHandle;)Ljava/lang/Object; 37 <appendix> argL0 ; # java/lang/runtime/ObjectMethods$$Lambda+0x000001f74b0b8e10
instanceKlass java/lang/invoke/DirectMethodHandle$1
# instanceKlass java/lang/invoke/LambdaForm$DMH+0x000001f74b26f800
# instanceKlass java/lang/invoke/LambdaForm$DMH+0x000001f74b26f400
# instanceKlass java/lang/invoke/LambdaForm$DMH+0x000001f74b26f000
# instanceKlass java/lang/invoke/LambdaForm$DMH+0x000001f74b26ec00
# instanceKlass java/lang/invoke/LambdaForm$DMH+0x000001f74b26e800
# instanceKlass java/lang/invoke/LambdaForm$DMH+0x000001f74b26e400
# instanceKlass java/lang/invoke/LambdaForm$DMH+0x000001f74b26e000
# instanceKlass java/lang/invoke/LambdaForm$DMH+0x000001f74b26dc00
# instanceKlass java/lang/invoke/LambdaForm$DMH+0x000001f74b26d800
# instanceKlass java/lang/invoke/LambdaForm$DMH+0x000001f74b26d400
# instanceKlass java/lang/invoke/LambdaForm$DMH+0x000001f74b26d000
# instanceKlass java/lang/invoke/LambdaForm$DMH+0x000001f74b26cc00
# instanceKlass java/lang/invoke/LambdaForm$MH+0x000001f74b26c800
instanceKlass java/lang/invoke/MethodHandles$1
instanceKlass  @bci org/springframework/cglib/core/MethodWrapper$MethodWrapperKey hashCode ()I 1 <appendix> argL1 argL1 form vmentry <vmtarget> ; # java/lang/invoke/LambdaForm$MH+0x000001f74b26c400
# instanceKlass java/lang/invoke/LambdaForm$DMH+0x000001f74b26c000
instanceKlass java/lang/runtime/ObjectMethods
instanceKlass org/springframework/cglib/core/MethodWrapper
instanceKlass org/springframework/cglib/proxy/Factory
instanceKlass  @bci org/springframework/cglib/core/CollectionUtils filter (Ljava/util/Collection;Lorg/springframework/cglib/core/Predicate;)Ljava/util/Collection; 2 <appendix> member <vmtarget> ; # org/springframework/cglib/core/CollectionUtils$$Lambda+0x000001f74b264c80
instanceKlass org/springframework/cglib/core/VisibilityPredicate
instanceKlass org/springframework/cglib/transform/TransformingClassGenerator
instanceKlass org/springframework/asm/ByteVector
instanceKlass org/springframework/asm/Symbol
instanceKlass org/springframework/asm/SymbolTable
instanceKlass org/springframework/asm/RecordComponentVisitor
instanceKlass org/springframework/asm/ModuleVisitor
instanceKlass org/springframework/asm/FieldVisitor
instanceKlass  @bci org/apache/tomcat/util/threads/TaskThreadFactory newThread (Ljava/lang/Runnable;)Ljava/lang/Thread; 20 <appendix> form vmentry <vmtarget> ; # java/lang/invoke/LambdaForm$MH+0x000001f74b264400
instanceKlass  @bci org/springframework/cglib/core/internal/LoadingCache <clinit> ()V 0 <appendix> argL0 ; # org/springframework/cglib/core/internal/LoadingCache$$Lambda+0x000001f74b263c38
instanceKlass org/springframework/cglib/core/internal/LoadingCache
instanceKlass  @bci org/springframework/cglib/core/AbstractClassGenerator$ClassLoaderData <init> (Ljava/lang/ClassLoader;)V 60 <appendix> member <vmtarget> ; # org/springframework/cglib/core/AbstractClassGenerator$ClassLoaderData$$Lambda+0x000001f74b2637d0
instanceKlass  @bci org/springframework/cglib/core/AbstractClassGenerator$ClassLoaderData <init> (Ljava/lang/ClassLoader;)V 25 <appendix> member <vmtarget> ; # org/springframework/cglib/core/AbstractClassGenerator$ClassLoaderData$$Lambda+0x000001f74b263598
instanceKlass  @bci org/springframework/cglib/core/AbstractClassGenerator$ClassLoaderData <clinit> ()V 0 <appendix> argL0 ; # org/springframework/cglib/core/AbstractClassGenerator$ClassLoaderData$$Lambda+0x000001f74b263368
instanceKlass org/springframework/cglib/core/internal/Function
instanceKlass org/springframework/cglib/core/AbstractClassGenerator$ClassLoaderData
instanceKlass org/springframework/cglib/core/MethodInfo
instanceKlass org/springframework/cglib/core/ClassInfo
instanceKlass org/springframework/cglib/core/ReflectUtils
instanceKlass org/springframework/cglib/proxy/ProxyRefDispatcher
instanceKlass org/springframework/cglib/proxy/FixedValueGenerator
instanceKlass org/springframework/cglib/proxy/FixedValue
instanceKlass org/springframework/cglib/proxy/DispatcherGenerator
instanceKlass org/springframework/cglib/proxy/Dispatcher
instanceKlass org/springframework/cglib/proxy/LazyLoaderGenerator
instanceKlass org/springframework/cglib/proxy/LazyLoader
instanceKlass org/springframework/cglib/proxy/InvocationHandlerGenerator
instanceKlass org/springframework/cglib/proxy/InvocationHandler
instanceKlass  @bci org/springframework/cglib/proxy/MethodInterceptorGenerator <clinit> ()V 214 <appendix> argL0 ; # org/springframework/cglib/proxy/MethodInterceptorGenerator$$Lambda+0x000001f74b2615e0
instanceKlass org/springframework/cglib/proxy/MethodInterceptorGenerator
instanceKlass org/springframework/cglib/proxy/NoOpGenerator
instanceKlass org/springframework/cglib/proxy/CallbackGenerator
instanceKlass org/springframework/cglib/proxy/CallbackInfo
instanceKlass  @bci org/springframework/cglib/core/ClassLoaderAwareGeneratorStrategy <init> (Ljava/lang/ClassLoader;)V 11 <appendix> member <vmtarget> ; # org/springframework/cglib/core/ClassLoaderAwareGeneratorStrategy$$Lambda+0x000001f74b260ae0
instanceKlass org/springframework/cglib/core/SpringNamingPolicy
instanceKlass org/springframework/cglib/core/DefaultNamingPolicy
instanceKlass org/springframework/cglib/core/DefaultGeneratorStrategy
instanceKlass org/springframework/cglib/core/AsmApi
instanceKlass org/springframework/cglib/core/Constants
instanceKlass org/springframework/cglib/core/Signature
instanceKlass org/springframework/cglib/core/CollectionUtils
instanceKlass org/springframework/cglib/core/TypeUtils
instanceKlass org/springframework/cglib/core/AbstractClassGenerator$Source
instanceKlass  @bci org/springframework/cglib/proxy/Enhancer <clinit> ()V 0 <appendix> argL0 ; # org/springframework/cglib/proxy/Enhancer$$Lambda+0x000001f74b25b808
instanceKlass org/springframework/cglib/core/Transformer
instanceKlass org/springframework/cglib/core/ObjectSwitchCallback
instanceKlass org/springframework/cglib/proxy/CallbackGenerator$Context
instanceKlass org/springframework/cglib/core/ProcessSwitchCallback
instanceKlass org/springframework/cglib/core/Predicate
instanceKlass org/springframework/cglib/core/AbstractClassGenerator
instanceKlass org/springframework/cglib/core/ClassGenerator
instanceKlass org/springframework/context/annotation/ConfigurationClassEnhancer$EnhancedConfiguration
instanceKlass org/springframework/objenesis/instantiator/ObjectInstantiator
instanceKlass org/springframework/objenesis/strategy/BaseInstantiatorStrategy
instanceKlass org/springframework/objenesis/strategy/InstantiatorStrategy
instanceKlass org/springframework/objenesis/SpringObjenesis
instanceKlass org/springframework/objenesis/Objenesis
instanceKlass org/springframework/context/annotation/ConfigurationClassEnhancer$ConditionalCallbackFilter
instanceKlass org/springframework/cglib/proxy/NoOp$1
instanceKlass org/springframework/cglib/proxy/NoOp
instanceKlass org/springframework/context/annotation/ConfigurationClassEnhancer$BeanFactoryAwareMethodInterceptor
instanceKlass org/springframework/context/annotation/ConfigurationClassEnhancer$BeanMethodInterceptor
instanceKlass org/springframework/context/annotation/ConfigurationClassEnhancer$ConditionalCallback
instanceKlass org/springframework/cglib/proxy/MethodInterceptor
instanceKlass org/springframework/cglib/proxy/Callback
instanceKlass org/springframework/cglib/proxy/CallbackFilter
instanceKlass org/springframework/cglib/core/GeneratorStrategy
instanceKlass org/springframework/cglib/core/NamingPolicy
instanceKlass org/springframework/context/annotation/ConfigurationClassEnhancer
instanceKlass  @bci org/springframework/context/support/PostProcessorRegistrationDelegate invokeBeanFactoryPostProcessors (Ljava/util/Collection;Lorg/springframework/beans/factory/config/ConfigurableListableBeanFactory;)V 47 <appendix> member <vmtarget> ; # org/springframework/context/support/PostProcessorRegistrationDelegate$$Lambda+0x000001f74b25fa28
instanceKlass org/aopalliance/intercept/MethodInterceptor
instanceKlass org/aopalliance/intercept/Interceptor
instanceKlass org/aopalliance/aop/Advice
instanceKlass org/springframework/cloud/context/scope/StandardScopeCache
instanceKlass org/springframework/cloud/context/scope/GenericScope$BeanLifecycleWrapperCache
instanceKlass org/springframework/cloud/context/scope/ScopeCache
instanceKlass  @bci org/springframework/beans/factory/support/SimpleInstantiationStrategy instantiate (Lorg/springframework/beans/factory/support/RootBeanDefinition;Ljava/lang/String;Lorg/springframework/beans/factory/BeanFactory;Ljava/lang/Object;Ljava/lang/reflect/Method;[Ljava/lang/Object;)Ljava/lang/Object; 10 <appendix> form vmentry <vmtarget> ; # java/lang/invoke/LambdaForm$DMH+0x000001f74b258c00
instanceKlass  @bci org/springframework/beans/factory/support/SimpleInstantiationStrategy instantiate (Lorg/springframework/beans/factory/support/RootBeanDefinition;Ljava/lang/String;Lorg/springframework/beans/factory/BeanFactory;Ljava/lang/Object;Ljava/lang/reflect/Method;[Ljava/lang/Object;)Ljava/lang/Object; 10 <appendix> member <vmtarget> ; # org/springframework/beans/factory/support/SimpleInstantiationStrategy$$Lambda+0x000001f74b25f030
instanceKlass org/springframework/beans/factory/support/ConstructorResolver
instanceKlass org/springframework/boot/context/properties/DeprecatedConfigurationProperty
instanceKlass  @bci org/springframework/context/annotation/ConfigurationClassPostProcessor processConfigBeanDefinitions (Lorg/springframework/beans/factory/support/BeanDefinitionRegistry;)V 398 <appendix> member <vmtarget> ; # org/springframework/context/annotation/ConfigurationClassPostProcessor$$Lambda+0x000001f74b25e648
instanceKlass org/springframework/cloud/netflix/eureka/loadbalancer/LoadBalancerEurekaAutoConfiguration
instanceKlass org/springframework/cloud/loadbalancer/config/LoadBalancerCacheAutoConfiguration
instanceKlass org/springframework/cloud/loadbalancer/config/LoadBalancerCacheAutoConfiguration$LoadBalancerCaffeineWarnLogger
instanceKlass org/springframework/cloud/loadbalancer/config/LoadBalancerCacheAutoConfiguration$LoadBalancerCacheManagerWarnConfiguration
instanceKlass org/springframework/cloud/netflix/eureka/loadbalancer/EurekaLoadBalancerProperties
instanceKlass org/springframework/cloud/netflix/eureka/loadbalancer/EurekaLoadBalancerClientConfiguration
instanceKlass org/springframework/cloud/loadbalancer/cache/LoadBalancerCacheProperties$Caffeine
instanceKlass org/springframework/cloud/loadbalancer/cache/LoadBalancerCacheProperties
instanceKlass org/springframework/cloud/loadbalancer/config/LoadBalancerCacheAutoConfiguration$DefaultLoadBalancerCacheManagerConfiguration
instanceKlass org/springframework/cloud/configuration/CompositeCompatibilityVerifier
instanceKlass org/springframework/cloud/configuration/SleuthPresentVerifier
instanceKlass org/springframework/cloud/configuration/SpringBootVersionVerifier
instanceKlass org/springframework/cloud/configuration/CompatibilityVerifier
instanceKlass org/springframework/cloud/configuration/CompatibilityVerifierAutoConfiguration
instanceKlass org/springframework/cloud/loadbalancer/cache/LoadBalancerCacheManager
instanceKlass org/springframework/cloud/configuration/CompatibilityVerifierProperties
instanceKlass org/springframework/cloud/commons/util/UtilAutoConfiguration
instanceKlass org/springframework/cloud/commons/security/ResourceServerTokenRelayAutoConfiguration
instanceKlass org/springframework/cloud/commons/security/ResourceServerTokenRelayAutoConfiguration$ResourceServerTokenRelayRegistrationAutoConfiguration
instanceKlass org/springframework/cloud/commons/config/DefaultsBindHandlerAdvisor
instanceKlass org/springframework/boot/context/properties/ConfigurationPropertiesBindHandlerAdvisor
instanceKlass org/springframework/cloud/commons/config/CommonsConfigAutoConfiguration
instanceKlass org/springframework/cloud/commons/config/DefaultsBindHandlerAdvisor$MappingsProvider
instanceKlass org/springframework/cloud/client/loadbalancer/LoadBalancerDefaultMappingsProviderAutoConfiguration
# instanceKlass java/lang/invoke/LambdaForm$MH+0x000001f74b258800
instanceKlass org/springframework/cloud/client/loadbalancer/AbstractLoadBalancerBlockingBuilderBeanPostProcessor
instanceKlass org/springframework/cloud/client/loadbalancer/LoadBalancerAutoConfiguration$DeferringLoadBalancerInterceptorConfig
instanceKlass org/springframework/cloud/client/loadbalancer/DeferringLoadBalancerInterceptor
instanceKlass org/springframework/cloud/client/loadbalancer/LoadBalancerInterceptor
instanceKlass org/springframework/cloud/client/loadbalancer/BlockingLoadBalancerInterceptor
instanceKlass org/springframework/http/client/ClientHttpRequestInterceptor
instanceKlass org/springframework/cloud/client/loadbalancer/LoadBalancerRequestFactory
instanceKlass org/springframework/cloud/client/loadbalancer/LoadBalancerAutoConfiguration$LoadBalancerInterceptorConfig
instanceKlass org/springframework/cloud/client/loadbalancer/RestTemplateCustomizer
# instanceKlass java/lang/invoke/LambdaForm$DMH+0x000001f74b258400
instanceKlass org/springframework/cloud/loadbalancer/blocking/XForwardedHeadersTransformer
instanceKlass org/springframework/cloud/loadbalancer/core/LoadBalancerServiceInstanceCookieTransformer
instanceKlass org/springframework/cloud/client/loadbalancer/LoadBalancerRequestTransformer
instanceKlass org/springframework/cloud/client/loadbalancer/LoadBalancerClient
instanceKlass org/springframework/cloud/client/loadbalancer/ServiceInstanceChooser
instanceKlass org/springframework/cloud/loadbalancer/config/BlockingLoadBalancerClientAutoConfiguration
instanceKlass org/springframework/cloud/client/loadbalancer/LoadBalancerAutoConfiguration
instanceKlass org/springframework/cloud/loadbalancer/annotation/LoadBalancerClientSpecification
instanceKlass org/springframework/cloud/context/named/NamedContextFactory$Specification
instanceKlass org/springframework/cloud/loadbalancer/support/LoadBalancerEagerContextInitializer
instanceKlass org/springframework/cloud/loadbalancer/aot/LoadBalancerChildContextInitializer
instanceKlass org/springframework/cloud/context/named/NamedContextFactory
instanceKlass org/springframework/cloud/client/loadbalancer/reactive/ReactiveLoadBalancer$Factory
instanceKlass org/springframework/cloud/loadbalancer/config/LoadBalancerAutoConfiguration
instanceKlass org/springframework/cloud/client/ReactiveCommonsClientAutoConfiguration
instanceKlass org/springframework/cloud/loadbalancer/config/LoadBalancerZoneConfig
# instanceKlass java/lang/invoke/LambdaForm$DMH+0x000001f74b258000
instanceKlass java/lang/invoke/MethodHandle$1
instanceKlass org/springframework/cloud/client/loadbalancer/reactive/LoadBalancerBeanPostProcessorAutoConfiguration
instanceKlass org/springframework/cloud/client/loadbalancer/reactive/ReactorLoadBalancerClientAutoConfiguration
instanceKlass org/springframework/cloud/client/loadbalancer/LoadBalancerEagerLoadProperties
instanceKlass org/springframework/cloud/client/loadbalancer/LoadBalancerProperties
instanceKlass org/springframework/cloud/netflix/eureka/serviceregistry/EurekaAutoServiceRegistration
instanceKlass org/springframework/cloud/client/serviceregistry/AutoServiceRegistration
instanceKlass org/springframework/cloud/netflix/eureka/metadata/ManagementMetadata
instanceKlass org/springframework/cloud/netflix/eureka/EurekaClientConfigBean
instanceKlass org/springframework/cloud/client/actuator/HasFeatures
instanceKlass org/springframework/cloud/netflix/eureka/serviceregistry/EurekaServiceRegistry
instanceKlass org/springframework/cloud/client/serviceregistry/ServiceRegistry
instanceKlass org/springframework/cloud/netflix/eureka/EurekaInstanceConfigBean
instanceKlass org/springframework/cloud/netflix/eureka/metadata/ManagementMetadataProvider
instanceKlass org/springframework/cloud/netflix/eureka/EurekaClientAutoConfiguration
instanceKlass org/springframework/cloud/client/serviceregistry/ServiceRegistryAutoConfiguration
instanceKlass org/springframework/cloud/netflix/eureka/serviceregistry/EurekaRegistration
instanceKlass org/springframework/cloud/client/serviceregistry/Registration
instanceKlass org/springframework/cloud/client/ServiceInstance
instanceKlass org/springframework/cloud/netflix/eureka/CloudEurekaInstanceConfig
instanceKlass com/netflix/appinfo/HealthCheckHandler
instanceKlass com/netflix/appinfo/EurekaInstanceConfig
instanceKlass com/netflix/appinfo/ApplicationInfoManager
instanceKlass org/springframework/aop/framework/autoproxy/AutoProxyUtils
instanceKlass org/springframework/aop/framework/ProxyConfig
instanceKlass org/springframework/context/annotation/ScopedProxyCreator
instanceKlass org/springframework/cloud/netflix/eureka/EurekaClientAutoConfiguration$RefreshableEurekaClientConfiguration
instanceKlass org/springframework/cloud/netflix/eureka/config/DiscoveryClientOptionalArgsConfiguration
instanceKlass org/springframework/cloud/netflix/eureka/http/RestTemplateTransportClientFactories
instanceKlass com/netflix/discovery/shared/transport/jersey/TransportClientFactories
instanceKlass org/springframework/cloud/configuration/TlsProperties
instanceKlass org/springframework/cloud/netflix/eureka/config/DiscoveryClientOptionalArgsConfiguration$RestTemplateConfiguration
instanceKlass org/springframework/cloud/netflix/eureka/http/EurekaClientHttpRequestFactorySupplier
instanceKlass org/springframework/cloud/netflix/eureka/EurekaDiscoveryClientConfiguration
instanceKlass org/springframework/cloud/netflix/eureka/EurekaDiscoveryClientConfiguration$EurekaClientConfigurationRefresher
instanceKlass org/springframework/cloud/client/serviceregistry/AutoServiceRegistrationAutoConfiguration
instanceKlass org/springframework/cloud/netflix/eureka/EurekaDiscoveryClient
instanceKlass org/springframework/cloud/client/discovery/composite/CompositeDiscoveryClient
instanceKlass org/springframework/cloud/client/discovery/DiscoveryClient
instanceKlass org/springframework/cloud/client/discovery/composite/CompositeDiscoveryClientAutoConfiguration
instanceKlass org/springframework/cloud/client/discovery/simple/SimpleDiscoveryProperties
instanceKlass org/springframework/cloud/client/CommonsClientAutoConfiguration
instanceKlass org/springframework/cloud/client/discovery/simple/SimpleDiscoveryClientAutoConfiguration
instanceKlass org/springframework/cloud/autoconfigure/LifecycleMvcEndpointAutoConfiguration
instanceKlass org/springframework/cloud/context/environment/EnvironmentManager
instanceKlass org/springframework/cloud/context/properties/ConfigurationPropertiesRebinder
instanceKlass org/springframework/cloud/autoconfigure/ConfigurationPropertiesRebinderAutoConfiguration
instanceKlass org/springframework/cloud/context/properties/ConfigurationPropertiesBeans
instanceKlass org/springframework/boot/devtools/autoconfigure/LocalDevToolsAutoConfiguration
instanceKlass org/springframework/boot/devtools/autoconfigure/LocalDevToolsAutoConfiguration$LiveReloadServerEventListener
instanceKlass org/springframework/boot/devtools/autoconfigure/OptionalLiveReloadServer
instanceKlass org/springframework/boot/devtools/autoconfigure/RemoteDevToolsProperties
instanceKlass org/springframework/boot/devtools/autoconfigure/DevToolsProperties$Livereload
instanceKlass org/springframework/boot/devtools/autoconfigure/DevToolsProperties$Restart
instanceKlass org/springframework/boot/devtools/autoconfigure/DevToolsProperties
instanceKlass org/springframework/boot/devtools/autoconfigure/LocalDevToolsAutoConfiguration$LiveReloadConfiguration
instanceKlass org/springframework/boot/devtools/livereload/LiveReloadServer
instanceKlass org/springframework/boot/devtools/autoconfigure/ConditionEvaluationDeltaLoggingListener
instanceKlass org/springframework/boot/devtools/autoconfigure/LocalDevToolsAutoConfiguration$RestartingClassPathChangeChangedEventListener
instanceKlass org/springframework/boot/devtools/filewatch/FileSystemWatcher
instanceKlass org/springframework/boot/devtools/filewatch/FileSystemWatcherFactory
instanceKlass java/io/FileFilter
instanceKlass org/springframework/boot/devtools/classpath/ClassPathRestartStrategy
instanceKlass org/springframework/boot/devtools/autoconfigure/LocalDevToolsAutoConfiguration$RestartConfiguration
instanceKlass org/springframework/boot/devtools/classpath/ClassPathFileSystemWatcher
instanceKlass org/springframework/boot/autoconfigure/web/servlet/MultipartAutoConfiguration
instanceKlass org/springframework/boot/autoconfigure/web/servlet/HttpEncodingAutoConfiguration$LocaleCharsetMappingsCustomizer
instanceKlass org/springframework/boot/autoconfigure/web/servlet/MultipartProperties
instanceKlass org/springframework/boot/autoconfigure/web/servlet/HttpEncodingAutoConfiguration
instanceKlass org/springframework/boot/autoconfigure/web/embedded/EmbeddedWebServerFactoryCustomizerAutoConfiguration
instanceKlass org/springframework/boot/autoconfigure/web/embedded/TomcatWebServerFactoryCustomizer
instanceKlass org/springframework/boot/autoconfigure/web/embedded/TomcatVirtualThreadsWebServerFactoryCustomizer
instanceKlass org/springframework/boot/autoconfigure/web/embedded/EmbeddedWebServerFactoryCustomizerAutoConfiguration$TomcatWebServerFactoryCustomizerConfiguration
instanceKlass org/springframework/boot/autoconfigure/web/client/RestTemplateBuilderConfigurer
instanceKlass org/springframework/boot/autoconfigure/web/client/RestTemplateAutoConfiguration
instanceKlass org/springframework/boot/web/client/RestTemplateBuilder
instanceKlass org/springframework/web/client/RestClient$Builder
instanceKlass org/springframework/boot/autoconfigure/web/client/RestClientBuilderConfigurer
instanceKlass org/springframework/boot/autoconfigure/web/client/AutoConfiguredRestClientSsl
instanceKlass org/springframework/boot/autoconfigure/web/client/RestClientSsl
instanceKlass org/springframework/boot/autoconfigure/web/client/RestClientAutoConfiguration
instanceKlass org/springframework/boot/autoconfigure/task/TaskSchedulingAutoConfiguration
instanceKlass org/springframework/boot/autoconfigure/web/client/HttpMessageConvertersRestClientCustomizer
instanceKlass org/springframework/boot/web/client/RestClientCustomizer
instanceKlass org/springframework/boot/autoconfigure/task/TaskSchedulingProperties$Shutdown
instanceKlass org/springframework/boot/autoconfigure/task/TaskSchedulingProperties$Simple
instanceKlass org/springframework/boot/autoconfigure/task/TaskSchedulingProperties$Pool
instanceKlass org/springframework/boot/autoconfigure/task/TaskSchedulingConfigurations$TaskSchedulerConfiguration
instanceKlass org/springframework/boot/autoconfigure/task/TaskSchedulingConfigurations$SimpleAsyncTaskSchedulerBuilderConfiguration
instanceKlass org/springframework/boot/autoconfigure/task/TaskSchedulingProperties
instanceKlass org/springframework/boot/task/SimpleAsyncTaskSchedulerBuilder
instanceKlass org/springframework/boot/autoconfigure/task/TaskSchedulingConfigurations$ThreadPoolTaskSchedulerBuilderConfiguration
instanceKlass org/springframework/boot/autoconfigure/sql/init/SqlInitializationAutoConfiguration
instanceKlass org/springframework/boot/autoconfigure/reactor/ReactorAutoConfiguration
instanceKlass org/springframework/boot/LazyInitializationExcludeFilter
instanceKlass org/springframework/boot/autoconfigure/netty/NettyAutoConfiguration
instanceKlass org/springframework/boot/autoconfigure/info/ProjectInfoAutoConfiguration
instanceKlass org/springframework/boot/task/ThreadPoolTaskSchedulerBuilder
instanceKlass org/springframework/boot/sql/init/dependency/DatabaseInitializationDependencyConfigurer$DependsOnDatabaseInitializationPostProcessor
instanceKlass org/springframework/boot/autoconfigure/sql/init/DataSourceInitializationConfiguration
instanceKlass org/springframework/boot/autoconfigure/sql/init/R2dbcInitializationConfiguration
instanceKlass org/springframework/boot/autoconfigure/sql/init/SqlInitializationProperties
instanceKlass org/springframework/boot/autoconfigure/reactor/ReactorProperties
instanceKlass org/springframework/boot/autoconfigure/netty/NettyProperties
instanceKlass org/springframework/boot/autoconfigure/info/ProjectInfoProperties$Git
instanceKlass org/springframework/boot/autoconfigure/info/ProjectInfoProperties$Build
instanceKlass  @bci org/springframework/util/PlaceholderParser replacePlaceholders (Ljava/lang/String;Lorg/springframework/util/PropertyPlaceholderHelper$PlaceholderResolver;)Ljava/lang/String; 42 <appendix> member <vmtarget> ; # org/springframework/util/PlaceholderParser$$Lambda+0x000001f74b245d68
instanceKlass org/springframework/util/PlaceholderParser$PartResolutionContext
instanceKlass org/springframework/util/PlaceholderParser$AbstractPart
instanceKlass org/springframework/util/PlaceholderParser$Part
instanceKlass org/springframework/boot/autoconfigure/info/ProjectInfoProperties
instanceKlass org/springframework/boot/ssl/SslBundle
instanceKlass org/springframework/boot/autoconfigure/http/client/HttpClientProperties$Ssl
instanceKlass org/springframework/boot/autoconfigure/http/client/HttpClientAutoConfiguration
instanceKlass org/springframework/boot/http/client/ClientHttpRequestFactoryBuilder
instanceKlass org/springframework/boot/autoconfigure/http/client/HttpClientProperties
instanceKlass org/springframework/boot/autoconfigure/http/HttpMessageConvertersAutoConfiguration
instanceKlass org/springframework/boot/autoconfigure/http/HttpMessageConvertersAutoConfiguration$HttpMessageConvertersAutoConfigurationRuntimeHints
instanceKlass org/springframework/boot/autoconfigure/http/JsonbHttpMessageConvertersConfiguration
instanceKlass org/springframework/boot/autoconfigure/http/GsonHttpMessageConvertersConfiguration
instanceKlass org/springframework/boot/autoconfigure/jsonb/JsonbAutoConfiguration
instanceKlass org/springframework/boot/autoconfigure/http/JacksonHttpMessageConvertersConfiguration
instanceKlass org/springframework/boot/autoconfigure/http/JacksonHttpMessageConvertersConfiguration$MappingJackson2HttpMessageConverterConfiguration
instanceKlass org/springframework/boot/autoconfigure/http/HttpMessageConvertersAutoConfiguration$StringHttpMessageConverterConfiguration
instanceKlass com/google/gson/FieldNamingStrategy
instanceKlass org/springframework/boot/autoconfigure/gson/GsonAutoConfiguration$StandardGsonBuilderCustomizer
instanceKlass org/springframework/boot/autoconfigure/gson/GsonBuilderCustomizer
instanceKlass org/springframework/boot/autoconfigure/gson/GsonAutoConfiguration
instanceKlass org/springframework/context/support/DefaultLifecycleProcessor
instanceKlass org/springframework/boot/autoconfigure/context/LifecycleAutoConfiguration
instanceKlass org/springframework/boot/autoconfigure/context/ConfigurationPropertiesAutoConfiguration
instanceKlass com/google/gson/GsonBuilder
instanceKlass org/springframework/boot/autoconfigure/gson/GsonProperties
instanceKlass org/springframework/boot/autoconfigure/context/LifecycleProperties
instanceKlass  @bci org/springframework/context/annotation/ConfigurationClassParser removeKnownSuperclass (Ljava/lang/String;Z)V 54 <appendix> member <vmtarget> ; # org/springframework/context/annotation/ConfigurationClassParser$$Lambda+0x000001f74b2414e0
instanceKlass org/springframework/cloud/endpoint/event/RefreshEventListener
instanceKlass org/springframework/cloud/context/refresh/RefreshScopeLifecycle
instanceKlass org/springframework/cloud/context/refresh/ContextRefresher
instanceKlass org/springframework/cloud/logging/LoggingRebinder
instanceKlass org/springframework/cloud/autoconfigure/RefreshAutoConfiguration$RefreshScopeBeanDefinitionEnhancer
instanceKlass org/springframework/boot/autoconfigure/jackson/JacksonAutoConfiguration
instanceKlass org/springframework/boot/jackson/JsonMixinModuleEntries
instanceKlass org/springframework/boot/autoconfigure/jackson/JacksonAutoConfiguration$JacksonMixinConfiguration
instanceKlass org/springframework/cloud/autoconfigure/RefreshAutoConfiguration$RefreshProperties
instanceKlass org/springframework/boot/autoconfigure/orm/jpa/HibernateJpaAutoConfiguration
instanceKlass org/springframework/boot/autoconfigure/jackson/JacksonAutoConfiguration$JacksonObjectMapperConfiguration
instanceKlass org/springframework/boot/autoconfigure/jackson/JacksonAutoConfiguration$ParameterNamesModuleConfiguration
instanceKlass org/springframework/boot/autoconfigure/jackson/JacksonAutoConfiguration$JacksonObjectMapperBuilderConfiguration
instanceKlass org/springframework/boot/autoconfigure/jackson/JacksonAutoConfiguration$Jackson2ObjectMapperBuilderCustomizerConfiguration$StandardJackson2ObjectMapperBuilderCustomizer
instanceKlass org/springframework/boot/autoconfigure/jackson/Jackson2ObjectMapperBuilderCustomizer
instanceKlass org/springframework/boot/autoconfigure/jackson/JacksonAutoConfiguration$Jackson2ObjectMapperBuilderCustomizerConfiguration
instanceKlass org/springframework/boot/availability/ApplicationAvailabilityBean
instanceKlass org/springframework/boot/autoconfigure/jackson/JacksonProperties$Datatype
instanceKlass org/springframework/boot/autoconfigure/jackson/JacksonProperties
instanceKlass org/springframework/boot/autoconfigure/availability/ApplicationAvailabilityAutoConfiguration
instanceKlass org/springframework/boot/autoconfigure/aop/AopAutoConfiguration
instanceKlass org/springframework/boot/autoconfigure/aop/AopAutoConfiguration$ClassProxyingConfiguration
instanceKlass org/springframework/boot/availability/ApplicationAvailability
instanceKlass org/springframework/boot/autoconfigure/web/WebResourcesRuntimeHints
instanceKlass org/springframework/aot/hint/RuntimeHintsRegistrar
instanceKlass org/springframework/boot/autoconfigure/validation/ValidationAutoConfiguration
instanceKlass org/springframework/web/context/request/RequestContextListener
instanceKlass jakarta/servlet/ServletRequestListener
instanceKlass org/springframework/boot/autoconfigure/http/HttpMessageConverters
instanceKlass org/springframework/web/servlet/config/annotation/ResourceHandlerRegistration
instanceKlass org/springframework/boot/web/servlet/filter/OrderedFilter
instanceKlass org/springframework/boot/autoconfigure/web/servlet/WebMvcAutoConfiguration$WebMvcAutoConfigurationAdapter
instanceKlass org/springframework/lang/Nullable
instanceKlass org/springframework/web/util/pattern/PathPatternParser
instanceKlass org/springframework/web/util/UrlPathHelper
instanceKlass org/springframework/web/servlet/mvc/HttpRequestHandlerAdapter
instanceKlass org/springframework/web/servlet/function/support/HandlerFunctionAdapter
instanceKlass org/springframework/web/servlet/mvc/SimpleControllerHandlerAdapter
instanceKlass org/springframework/web/method/support/CompositeUriComponentsContributor
instanceKlass org/springframework/web/method/support/UriComponentsContributor
instanceKlass org/springframework/web/servlet/handler/HandlerMappingIntrospector
instanceKlass org/springframework/web/cors/PreFlightRequestHandler
instanceKlass org/springframework/web/cors/CorsConfigurationSource
instanceKlass org/springframework/web/servlet/config/annotation/DefaultServletHandlerConfigurer
instanceKlass org/springframework/web/servlet/config/annotation/ContentNegotiationConfigurer
instanceKlass org/springframework/web/servlet/config/annotation/InterceptorRegistry
instanceKlass org/springframework/web/servlet/config/annotation/ViewControllerRegistry
instanceKlass org/springframework/web/servlet/config/annotation/AsyncSupportConfigurer
instanceKlass org/springframework/web/servlet/config/annotation/ResourceHandlerRegistry
instanceKlass org/springframework/web/servlet/config/annotation/ViewResolverRegistry
instanceKlass org/springframework/validation/MessageCodesResolver
instanceKlass org/springframework/web/servlet/config/annotation/PathMatchConfigurer
instanceKlass org/springframework/web/servlet/config/annotation/CorsRegistry
instanceKlass org/springframework/boot/autoconfigure/web/servlet/WebMvcAutoConfiguration$WelcomePageHandlerMappingFactory
instanceKlass org/springframework/web/accept/ContentNegotiationManager
instanceKlass org/springframework/web/accept/MediaTypeFileExtensionResolver
instanceKlass org/springframework/web/accept/ContentNegotiationStrategy
instanceKlass org/springframework/web/servlet/resource/ResourceUrlProvider
instanceKlass org/springframework/web/servlet/handler/AbstractHandlerExceptionResolver
instanceKlass org/springframework/web/bind/support/ConfigurableWebBindingInitializer
instanceKlass org/springframework/web/servlet/HandlerAdapter
instanceKlass org/springframework/web/bind/support/WebBindingInitializer
instanceKlass org/springframework/web/servlet/handler/MatchableHandlerMapping
instanceKlass org/springframework/web/servlet/HandlerMapping
instanceKlass org/springframework/web/servlet/FlashMapManager
instanceKlass org/springframework/web/servlet/RequestToViewNameTranslator
instanceKlass org/springframework/web/servlet/ThemeResolver
instanceKlass org/springframework/web/servlet/LocaleResolver
instanceKlass org/springframework/web/servlet/HandlerInterceptor
instanceKlass org/springframework/web/servlet/config/annotation/WebMvcConfigurationSupport
instanceKlass org/springframework/boot/autoconfigure/web/servlet/error/ErrorMvcAutoConfiguration$ErrorPageCustomizer
instanceKlass org/springframework/boot/web/server/ErrorPageRegistrar
instanceKlass org/springframework/boot/autoconfigure/web/servlet/error/AbstractErrorController
instanceKlass org/springframework/boot/web/servlet/error/DefaultErrorAttributes
instanceKlass org/springframework/web/servlet/HandlerExceptionResolver
instanceKlass org/springframework/boot/autoconfigure/web/servlet/error/ErrorMvcAutoConfiguration$PreserveErrorControllerTargetClassPostProcessor
instanceKlass org/springframework/boot/web/servlet/error/ErrorController
instanceKlass org/springframework/boot/autoconfigure/web/servlet/error/ErrorMvcAutoConfiguration
instanceKlass org/springframework/boot/autoconfigure/web/servlet/error/DefaultErrorViewResolver
instanceKlass org/springframework/boot/web/servlet/error/ErrorAttributes
instanceKlass org/springframework/boot/autoconfigure/web/servlet/WebMvcAutoConfiguration
instanceKlass org/springframework/boot/autoconfigure/web/WebProperties$Resources
instanceKlass org/springframework/boot/autoconfigure/web/servlet/error/ErrorViewResolver
instanceKlass org/springframework/boot/autoconfigure/web/servlet/error/ErrorMvcAutoConfiguration$DefaultErrorViewResolverConfiguration
instanceKlass org/springframework/boot/autoconfigure/web/WebProperties
instanceKlass org/springframework/web/servlet/View
instanceKlass org/springframework/boot/autoconfigure/web/servlet/error/ErrorMvcAutoConfiguration$WhitelabelErrorViewConfiguration
instanceKlass org/springframework/boot/autoconfigure/task/TaskExecutionAutoConfiguration
instanceKlass org/springframework/context/support/ApplicationObjectSupport
instanceKlass org/springframework/web/servlet/ViewResolver
instanceKlass org/springframework/boot/autoconfigure/task/TaskExecutionProperties$Shutdown
instanceKlass org/springframework/boot/autoconfigure/task/TaskExecutionProperties$Simple
instanceKlass org/springframework/boot/autoconfigure/task/TaskExecutionProperties$Pool
instanceKlass org/springframework/boot/autoconfigure/task/TaskExecutorConfigurations$TaskExecutorConfiguration
instanceKlass  @bci org/springframework/boot/autoconfigure/condition/OnBeanCondition appendMessageForMatches (Ljava/lang/StringBuilder;Ljava/util/Map;Ljava/lang/String;)V 12 <appendix> member <vmtarget> ; # org/springframework/boot/autoconfigure/condition/OnBeanCondition$$Lambda+0x000001f74b230498
instanceKlass org/springframework/boot/autoconfigure/task/TaskExecutorConfigurations$SimpleAsyncTaskExecutorBuilderConfiguration
instanceKlass org/springframework/boot/autoconfigure/task/TaskExecutionProperties
instanceKlass org/springframework/boot/task/SimpleAsyncTaskExecutorBuilder
instanceKlass org/springframework/boot/autoconfigure/task/TaskExecutorConfigurations$ThreadPoolTaskExecutorBuilderConfiguration
instanceKlass org/springframework/boot/autoconfigure/web/servlet/DispatcherServletAutoConfiguration
instanceKlass org/springframework/boot/autoconfigure/web/servlet/DispatcherServletPath
instanceKlass org/springframework/boot/task/ThreadPoolTaskExecutorBuilder
instanceKlass org/springframework/aop/scope/ScopedProxyUtils
instanceKlass org/springframework/boot/autoconfigure/web/servlet/DispatcherServletAutoConfiguration$DispatcherServletRegistrationConfiguration
instanceKlass org/springframework/boot/autoconfigure/web/servlet/WebMvcProperties$Problemdetails
instanceKlass org/springframework/boot/autoconfigure/web/servlet/WebMvcProperties$Pathmatch
instanceKlass org/springframework/boot/autoconfigure/web/servlet/WebMvcProperties$Contentnegotiation
instanceKlass org/springframework/boot/autoconfigure/web/servlet/WebMvcProperties$View
instanceKlass org/springframework/boot/autoconfigure/web/servlet/WebMvcProperties$Servlet
instanceKlass org/springframework/boot/autoconfigure/web/servlet/WebMvcProperties$Async
instanceKlass org/springframework/boot/autoconfigure/web/servlet/WebMvcProperties$Format
instanceKlass org/springframework/validation/MessageCodeFormatter
instanceKlass org/springframework/boot/autoconfigure/web/servlet/DispatcherServletAutoConfiguration$DispatcherServletConfiguration
instanceKlass org/springframework/boot/autoconfigure/web/servlet/WebMvcProperties
instanceKlass org/springframework/boot/web/server/ErrorPageRegistrarBeanPostProcessor
instanceKlass org/springframework/boot/autoconfigure/web/servlet/ServletWebServerFactoryCustomizer
instanceKlass org/springframework/boot/web/server/AbstractConfigurableWebServerFactory
instanceKlass org/springframework/boot/web/servlet/server/ConfigurableServletWebServerFactory
instanceKlass org/springframework/boot/web/servlet/WebListenerRegistry
instanceKlass org/springframework/boot/web/embedded/tomcat/ConfigurableTomcatWebServerFactory
instanceKlass org/springframework/boot/web/server/ConfigurableWebServerFactory
instanceKlass org/springframework/boot/web/server/ErrorPageRegistry
instanceKlass org/springframework/boot/web/server/WebServerFactoryCustomizerBeanPostProcessor
instanceKlass org/springframework/boot/autoconfigure/web/ServerProperties$Undertow
instanceKlass org/springframework/boot/autoconfigure/web/ServerProperties$Netty
instanceKlass org/springframework/boot/autoconfigure/web/ServerProperties$Jetty
instanceKlass org/springframework/boot/autoconfigure/web/ServerProperties$Tomcat
instanceKlass org/springframework/boot/autoconfigure/web/ServerProperties$Reactive
instanceKlass org/springframework/boot/autoconfigure/web/ServerProperties$Servlet
instanceKlass org/springframework/boot/web/server/Http2
instanceKlass org/springframework/boot/web/server/MimeMappings
instanceKlass org/springframework/boot/web/server/Compression
instanceKlass org/springframework/boot/web/server/Ssl
instanceKlass org/springframework/boot/autoconfigure/web/ErrorProperties
instanceKlass org/springframework/boot/autoconfigure/web/servlet/ServletWebServerFactoryConfiguration$EmbeddedUndertow
instanceKlass org/springframework/boot/autoconfigure/web/servlet/ServletWebServerFactoryConfiguration$EmbeddedJetty
instanceKlass org/springframework/boot/autoconfigure/web/servlet/ServletWebServerFactoryConfiguration$EmbeddedTomcat
instanceKlass org/springframework/boot/autoconfigure/web/servlet/TomcatServletWebServerFactoryCustomizer
instanceKlass org/springframework/boot/autoconfigure/web/ServerProperties
instanceKlass org/springframework/boot/autoconfigure/web/servlet/ServletWebServerFactoryAutoConfiguration$TomcatConfiguration
instanceKlass org/springframework/boot/autoconfigure/websocket/servlet/WebSocketServletAutoConfiguration
instanceKlass org/springframework/boot/autoconfigure/websocket/servlet/TomcatWebSocketServletWebServerCustomizer
instanceKlass org/springframework/boot/web/server/WebServerFactoryCustomizer
instanceKlass org/springframework/boot/autoconfigure/websocket/servlet/WebSocketServletAutoConfiguration$TomcatWebSocketConfiguration
instanceKlass org/springframework/boot/web/servlet/server/ServletWebServerFactory
instanceKlass org/springframework/boot/web/server/WebServerFactory
instanceKlass org/springframework/boot/autoconfigure/web/servlet/ServletWebServerFactoryAutoConfiguration
instanceKlass org/springframework/boot/autoconfigure/ssl/SslProperties$Bundles
instanceKlass org/springframework/boot/ssl/DefaultSslBundleRegistry
instanceKlass org/springframework/boot/ssl/SslBundles
instanceKlass org/springframework/boot/autoconfigure/ssl/SslPropertiesBundleRegistrar
instanceKlass org/springframework/boot/autoconfigure/ssl/SslBundleRegistrar
instanceKlass org/springframework/boot/autoconfigure/ssl/FileWatcher
instanceKlass org/springframework/boot/autoconfigure/ssl/SslAutoConfiguration
instanceKlass org/springframework/boot/ssl/SslBundleRegistry
instanceKlass org/springframework/boot/autoconfigure/ssl/SslProperties
instanceKlass  @bci org/springframework/boot/autoconfigure/condition/OnBeanCondition getMatchingBeans (Lorg/springframework/boot/autoconfigure/condition/OnBeanCondition$Spec;)Lorg/springframework/boot/autoconfigure/condition/OnBeanCondition$MatchResult; 118 <appendix> member <vmtarget> ; # org/springframework/boot/autoconfigure/condition/OnBeanCondition$$Lambda+0x000001f74b2277d8
instanceKlass  @cpi org/springframework/boot/autoconfigure/condition/OnBeanCondition 853 form vmentry <vmtarget> ; # java/lang/invoke/LambdaForm$DMH+0x000001f74b228000
instanceKlass org/springframework/boot/autoconfigure/context/PropertyPlaceholderAutoConfiguration
instanceKlass org/springframework/cloud/client/serviceregistry/AutoServiceRegistrationConfiguration
instanceKlass  @bci org/springframework/beans/factory/config/ConstructorArgumentValues addArgumentValues (Lorg/springframework/beans/factory/config/ConstructorArgumentValues;)V 40 <appendix> member <vmtarget> ; # org/springframework/beans/factory/config/ConstructorArgumentValues$$Lambda+0x000001f74b227160
instanceKlass  @bci org/springframework/beans/factory/config/ConstructorArgumentValues addArgumentValues (Lorg/springframework/beans/factory/config/ConstructorArgumentValues;)V 29 <appendix> member <vmtarget> ; # org/springframework/beans/factory/config/ConstructorArgumentValues$$Lambda+0x000001f74b226ef8
instanceKlass  @bci org/springframework/beans/factory/config/ConstructorArgumentValues addArgumentValues (Lorg/springframework/beans/factory/config/ConstructorArgumentValues;)V 9 <appendix> member <vmtarget> ; # org/springframework/beans/factory/config/ConstructorArgumentValues$$Lambda+0x000001f74b226cb0
instanceKlass org/springframework/core/annotation/AnnotatedElementUtils
instanceKlass org/springframework/context/annotation/BeanAnnotationHelper
instanceKlass software/amazon/awssdk/services/s3/S3Client
instanceKlass software/amazon/awssdk/awscore/AwsClient
instanceKlass software/amazon/awssdk/core/SdkClient
instanceKlass software/amazon/awssdk/utils/SdkAutoCloseable
instanceKlass software/amazon/awssdk/auth/credentials/AwsCredentialsProvider
instanceKlass software/amazon/awssdk/identity/spi/IdentityProvider
instanceKlass software/amazon/awssdk/auth/credentials/AwsCredentials
instanceKlass software/amazon/awssdk/identity/spi/AwsCredentialsIdentity
instanceKlass software/amazon/awssdk/identity/spi/Identity
instanceKlass  @bci org/springframework/util/ReflectionUtils getUniqueDeclaredMethods (Ljava/lang/Class;Lorg/springframework/util/ReflectionUtils$MethodFilter;)[Ljava/lang/reflect/Method; 12 <appendix> member <vmtarget> ; # org/springframework/util/ReflectionUtils$$Lambda+0x000001f74b2267e0
instanceKlass  @bci org/springframework/beans/factory/support/AbstractAutowireCapableBeanFactory getTypeForFactoryMethod (Ljava/lang/String;Lorg/springframework/beans/factory/support/RootBeanDefinition;[Ljava/lang/Class;)Ljava/lang/Class; 133 <appendix> argL0 ; # org/springframework/beans/factory/support/AbstractAutowireCapableBeanFactory$$Lambda+0x000001f74b226590
instanceKlass org/springframework/boot/autoconfigure/condition/OnBeanCondition$MatchResult
instanceKlass org/springframework/core/io/support/PropertiesLoaderSupport
instanceKlass  @bci org/springframework/boot/autoconfigure/condition/OnBeanCondition$Spec <init> (Lorg/springframework/context/annotation/ConditionContext;Lorg/springframework/core/type/AnnotatedTypeMetadata;Lorg/springframework/core/annotation/MergedAnnotations;Ljava/lang/Class;)V 12 <appendix> argL0 ; # org/springframework/boot/autoconfigure/condition/OnBeanCondition$Spec$$Lambda+0x000001f74b225d70
instanceKlass org/springframework/boot/context/properties/BindMethodAttribute
instanceKlass org/springframework/boot/context/properties/ConfigurationPropertiesBean
instanceKlass  @bci org/springframework/boot/context/properties/ConfigurationPropertiesBeanRegistrar registerBeanDefinition (Ljava/lang/String;Ljava/lang/Class;Lorg/springframework/core/annotation/MergedAnnotation;)V 7 <appendix> member <vmtarget> ; # org/springframework/boot/context/properties/ConfigurationPropertiesBeanRegistrar$$Lambda+0x000001f74b225490
instanceKlass  @bci org/springframework/boot/context/properties/EnableConfigurationPropertiesRegistrar registerBeanDefinitions (Lorg/springframework/core/type/AnnotationMetadata;Lorg/springframework/beans/factory/support/BeanDefinitionRegistry;)V 28 <appendix> member <vmtarget> ; # org/springframework/boot/context/properties/EnableConfigurationPropertiesRegistrar$$Lambda+0x000001f74b224fc8
instanceKlass  @bci org/springframework/boot/context/properties/EnableConfigurationPropertiesRegistrar getTypes (Lorg/springframework/core/type/AnnotationMetadata;)Ljava/util/Set; 23 <appendix> argL0 ; # org/springframework/boot/context/properties/EnableConfigurationPropertiesRegistrar$$Lambda+0x000001f74b224d68
instanceKlass  @bci org/springframework/boot/context/properties/EnableConfigurationPropertiesRegistrar getTypes (Lorg/springframework/core/type/AnnotationMetadata;)Ljava/util/Set; 13 <appendix> argL0 ; # org/springframework/boot/context/properties/EnableConfigurationPropertiesRegistrar$$Lambda+0x000001f74b224b18
instanceKlass org/springframework/boot/context/properties/ConfigurationPropertiesBeanRegistrar
instanceKlass org/springframework/boot/validation/beanvalidation/MethodValidationExcludeFilter
instanceKlass org/springframework/boot/context/properties/BoundConfigurationProperties
instanceKlass org/springframework/boot/context/properties/ConfigurationPropertiesBinder$ConfigurationPropertiesBinderFactory
instanceKlass org/springframework/validation/Validator
instanceKlass org/springframework/boot/context/properties/ConfigurationPropertiesBinder
instanceKlass org/springframework/cloud/client/serviceregistry/AutoServiceRegistrationProperties
instanceKlass org/springframework/beans/factory/config/ConstructorArgumentValues$ValueHolder
instanceKlass org/springframework/beans/factory/config/ConstructorArgumentValues
instanceKlass org/springframework/boot/autoconfigure/AutoConfigurationPackages$BasePackages
instanceKlass org/springframework/boot/autoconfigure/AutoConfigurationPackages
instanceKlass org/springframework/boot/autoconfigure/AutoConfigurationPackages$PackageImports
instanceKlass  @bci org/springframework/context/annotation/ConfigurationClassBeanDefinitionReader loadBeanDefinitionsFromRegistrars (Ljava/util/Map;)V 2 <appendix> member <vmtarget> ; # org/springframework/context/annotation/ConfigurationClassBeanDefinitionReader$$Lambda+0x000001f74b223110
instanceKlass  @bci org/springframework/context/annotation/ConfigurationClassBeanDefinitionReader loadBeanDefinitionsFromImportedResources (Ljava/util/Map;)V 11 <appendix> member <vmtarget> ; # org/springframework/context/annotation/ConfigurationClassBeanDefinitionReader$$Lambda+0x000001f74b222ec8
instanceKlass org/springframework/core/type/StandardMethodMetadata
instanceKlass org/springframework/context/annotation/ConfigurationClassBeanDefinitionReader$TrackedConditionEvaluator
instanceKlass org/springframework/context/annotation/ConfigurationClassBeanDefinitionReader
instanceKlass org/springframework/cache/caffeine/CaffeineCacheManager
instanceKlass com/stoyanr/evictor/ConcurrentMapWithTimedEviction
instanceKlass org/springframework/cloud/loadbalancer/annotation/LoadBalancerClient
instanceKlass org/springframework/cloud/loadbalancer/annotation/LoadBalancerClients
instanceKlass org/springframework/boot/autoconfigure/ImportAutoConfiguration
instanceKlass org/springframework/cloud/client/ConditionalOnDiscoveryHealthIndicatorEnabled
instanceKlass org/springframework/cloud/netflix/eureka/EurekaClientAutoConfiguration$ConditionalOnMissingRefreshScope
instanceKlass org/springframework/cloud/context/config/annotation/RefreshScope
instanceKlass org/springframework/cloud/autoconfigure/RefreshAutoConfiguration
instanceKlass org/springframework/cloud/netflix/eureka/EurekaClientAutoConfiguration$ConditionalOnRefreshScope
instanceKlass com/netflix/discovery/AbstractDiscoveryClientOptionalArgs
instanceKlass org/springframework/cloud/client/ConditionalOnBlockingDiscoveryEnabled
instanceKlass org/springframework/boot/devtools/restart/RestartScope
instanceKlass org/springframework/boot/devtools/restart/ConditionalOnInitializedRestarter
instanceKlass org/springframework/boot/autoconfigure/condition/ConditionalOnWarDeployment
instanceKlass org/springframework/boot/sql/init/dependency/DatabaseInitializationDependencyConfigurer
instanceKlass org/springframework/boot/autoconfigure/condition/ConditionalOnResource
instanceKlass  @bci org/springframework/boot/web/servlet/server/DocumentRoot getExplodedWarFileDocumentRoot (Ljava/io/File;)Ljava/io/File; 53 <appendix> form vmentry <vmtarget> ; # java/lang/invoke/LambdaForm$MH+0x000001f74b218c00
instanceKlass org/springframework/boot/autoconfigure/condition/AbstractNestedCondition$MemberOutcomes
instanceKlass  @bci org/springframework/boot/autoconfigure/condition/AbstractNestedCondition$MemberConditions getMatchOutcomes ()Ljava/util/List; 14 <appendix> member <vmtarget> ; # org/springframework/boot/autoconfigure/condition/AbstractNestedCondition$MemberConditions$$Lambda+0x000001f74b21a460
instanceKlass org/springframework/boot/autoconfigure/condition/AbstractNestedCondition$MemberMatchOutcomes
instanceKlass org/springframework/boot/autoconfigure/condition/AbstractNestedCondition$MemberConditions
instanceKlass org/springframework/cache/Cache
instanceKlass  @bci org/springframework/boot/autoconfigure/cache/CacheConfigurations getConfigurationClass (Lorg/springframework/boot/autoconfigure/cache/CacheType;)Ljava/lang/String; 23 <appendix> member <vmtarget> ; # org/springframework/boot/autoconfigure/cache/CacheConfigurations$$Lambda+0x000001f74b21f758
instanceKlass org/springframework/boot/autoconfigure/cache/NoOpCacheConfiguration
instanceKlass org/springframework/boot/autoconfigure/cache/SimpleCacheConfiguration
instanceKlass org/springframework/boot/autoconfigure/cache/Cache2kCacheConfiguration
instanceKlass org/springframework/boot/autoconfigure/cache/CaffeineCacheConfiguration
instanceKlass org/springframework/boot/autoconfigure/cache/RedisCacheConfiguration
instanceKlass org/springframework/boot/autoconfigure/cache/CouchbaseCacheConfiguration
instanceKlass org/springframework/boot/autoconfigure/cache/JCacheCacheConfiguration
instanceKlass org/springframework/boot/autoconfigure/cache/InfinispanCacheConfiguration
instanceKlass org/springframework/boot/autoconfigure/cache/HazelcastCacheConfiguration
instanceKlass org/springframework/boot/autoconfigure/cache/GenericCacheConfiguration
instanceKlass org/springframework/boot/autoconfigure/cache/CacheConfigurations
instanceKlass org/springframework/boot/autoconfigure/cache/CacheAutoConfiguration$CacheConfigurationImportSelector
instanceKlass org/springframework/cloud/util/ConditionalOnBootstrapDisabled
instanceKlass org/springframework/cloud/util/ConditionalOnBootstrapEnabled
instanceKlass org/springframework/boot/autoconfigure/web/WebProperties$Resources$Chain
instanceKlass org/springframework/boot/autoconfigure/web/ConditionalOnEnabledResourceChain
instanceKlass org/springframework/boot/autoconfigure/web/servlet/JspTemplateAvailabilityProvider
instanceKlass org/springframework/boot/autoconfigure/thymeleaf/ThymeleafTemplateAvailabilityProvider
instanceKlass org/springframework/boot/autoconfigure/mustache/MustacheTemplateAvailabilityProvider
instanceKlass org/springframework/boot/autoconfigure/template/PathBasedTemplateAvailabilityProvider$TemplateAvailabilityProperties
instanceKlass org/springframework/boot/autoconfigure/template/PathBasedTemplateAvailabilityProvider
instanceKlass org/springframework/boot/autoconfigure/template/TemplateAvailabilityProviders$NoTemplateAvailabilityProvider
instanceKlass org/springframework/boot/autoconfigure/template/TemplateAvailabilityProvider
instanceKlass org/springframework/boot/autoconfigure/template/TemplateAvailabilityProviders
instanceKlass org/springframework/boot/autoconfigure/condition/ConditionalOnThreading
instanceKlass com/plant_fetlilizer_ai/image_storage_service/service/ImageStorageService
instanceKlass com/plant_fetlilizer_ai/image_storage_service/controller/ImageController
instanceKlass com/plant_fetlilizer_ai/image_storage_service/config/R2Config
instanceKlass org/apache/coyote/UpgradeProtocol
instanceKlass org/springframework/boot/autoconfigure/web/servlet/ServletWebServerFactoryAutoConfiguration$BeanPostProcessorsRegistrar
instanceKlass org/springframework/boot/web/servlet/RegistrationBean
instanceKlass org/springframework/boot/web/servlet/ServletContextInitializer
instanceKlass org/springframework/boot/autoconfigure/web/servlet/ConditionalOnMissingFilterBean
instanceKlass org/apache/tomcat/websocket/server/WsSci
instanceKlass jakarta/servlet/ServletContainerInitializer
instanceKlass org/apache/catalina/startup/Tomcat
instanceKlass org/springframework/boot/autoconfigure/condition/ConditionalOnNotWarDeployment
instanceKlass org/springframework/boot/autoconfigure/condition/OnWebApplicationCondition$1
instanceKlass org/springframework/boot/autoconfigure/condition/ConditionalOnMissingClass
instanceKlass org/springframework/context/annotation/ImportRuntimeHints
instanceKlass  @bci org/springframework/boot/autoconfigure/AutoConfigurationImportSelector$AutoConfigurationGroup selectImports ()Ljava/lang/Iterable; 126 <appendix> member <vmtarget> ; # org/springframework/boot/autoconfigure/AutoConfigurationImportSelector$AutoConfigurationGroup$$Lambda+0x000001f74b214990
instanceKlass  @bci org/springframework/boot/autoconfigure/AutoConfigurationSorter checkForCycles (Ljava/util/Set;Ljava/lang/String;Ljava/lang/String;)V 17 <appendix> member <vmtarget> ; # org/springframework/boot/autoconfigure/AutoConfigurationSorter$$Lambda+0x000001f74b214758
instanceKlass  @bci org/springframework/boot/autoconfigure/AutoConfigurationSorter$AutoConfigurationClasses getClassesRequestedAfter (Ljava/lang/String;)Ljava/util/Set; 22 <appendix> member <vmtarget> ; # org/springframework/boot/autoconfigure/AutoConfigurationSorter$AutoConfigurationClasses$$Lambda+0x000001f74b214510
instanceKlass  @bci org/springframework/boot/autoconfigure/AutoConfigurationSorter doSortByAfterAnnotation (Lorg/springframework/boot/autoconfigure/AutoConfigurationSorter$AutoConfigurationClasses;Ljava/util/List;Ljava/util/Set;Ljava/util/Set;Ljava/lang/String;)V 37 <appendix> member <vmtarget> ; # org/springframework/boot/autoconfigure/AutoConfigurationSorter$$Lambda+0x000001f74b2142b8
instanceKlass java/lang/invoke/TypeConvertingMethodAdapter$BoxHolder
instanceKlass  @bci org/springframework/boot/autoconfigure/AutoConfigurationSorter getInPriorityOrder (Ljava/util/Collection;)Ljava/util/List; 49 <appendix> member <vmtarget> ; # org/springframework/boot/autoconfigure/AutoConfigurationSorter$$Lambda+0x000001f74b214008
instanceKlass org/springframework/boot/context/properties/ConfigurationProperties
instanceKlass org/springframework/boot/autoconfigure/AutoConfigureOrder
instanceKlass  @bci org/springframework/core/type/classreading/MergedAnnotationReadingVisitor visitEnum (Ljava/lang/String;Ljava/lang/String;Ljava/lang/String;)V 5 <appendix> member <vmtarget> ; # org/springframework/core/type/classreading/MergedAnnotationReadingVisitor$$Lambda+0x000001f74b213dc0
instanceKlass org/springframework/cloud/client/ConditionalOnReactiveDiscoveryEnabled
instanceKlass org/springframework/cloud/client/ConditionalOnDiscoveryEnabled
instanceKlass org/springframework/boot/autoconfigure/condition/ConditionalOnMissingBean
instanceKlass org/springframework/boot/autoconfigure/AutoConfigureAfter
instanceKlass org/springframework/boot/autoconfigure/AutoConfigureBefore
instanceKlass org/springframework/boot/autoconfigure/AutoConfigurationSorter$AutoConfigurationClass
instanceKlass org/springframework/boot/autoconfigure/AutoConfigurationSorter$AutoConfigurationClasses
instanceKlass  @bci org/springframework/boot/autoconfigure/AutoConfigurationImportSelector$AutoConfigurationGroup sortAutoConfigurations (Ljava/util/Set;Lorg/springframework/boot/autoconfigure/AutoConfigurationMetadata;)Ljava/util/List; 18 <appendix> member <vmtarget> ; # org/springframework/boot/autoconfigure/AutoConfigurationImportSelector$AutoConfigurationGroup$$Lambda+0x000001f74b212ab0
instanceKlass org/springframework/boot/autoconfigure/AutoConfigurationSorter
instanceKlass  @bci org/springframework/boot/autoconfigure/AutoConfigurationImportSelector$AutoConfigurationGroup selectImports ()Ljava/lang/Iterable; 86 <appendix> argL0 ; # org/springframework/boot/autoconfigure/AutoConfigurationImportSelector$AutoConfigurationGroup$$Lambda+0x000001f74b212658
instanceKlass  @bci org/springframework/boot/autoconfigure/AutoConfigurationImportSelector$AutoConfigurationGroup selectImports ()Ljava/lang/Iterable; 76 <appendix> argL0 ; # org/springframework/boot/autoconfigure/AutoConfigurationImportSelector$AutoConfigurationGroup$$Lambda+0x000001f74b212408
instanceKlass  @bci org/springframework/boot/autoconfigure/AutoConfigurationImportSelector$AutoConfigurationGroup selectImports ()Ljava/lang/Iterable; 66 <appendix> argL0 ; # org/springframework/boot/autoconfigure/AutoConfigurationImportSelector$AutoConfigurationGroup$$Lambda+0x000001f74b2121b8
instanceKlass  @bci org/springframework/boot/autoconfigure/AutoConfigurationImportSelector$AutoConfigurationGroup selectImports ()Ljava/lang/Iterable; 35 <appendix> argL0 ; # org/springframework/boot/autoconfigure/AutoConfigurationImportSelector$AutoConfigurationGroup$$Lambda+0x000001f74b211f68
instanceKlass  @bci org/springframework/boot/autoconfigure/AutoConfigurationImportSelector$AutoConfigurationGroup selectImports ()Ljava/lang/Iterable; 25 <appendix> argL0 ; # org/springframework/boot/autoconfigure/AutoConfigurationImportSelector$AutoConfigurationGroup$$Lambda+0x000001f74b211d18
instanceKlass org/springframework/boot/autoconfigure/condition/ConditionEvaluationReportAutoConfigurationImportListener
instanceKlass org/springframework/boot/autoconfigure/AutoConfigurationImportListener
instanceKlass org/springframework/mail/javamail/JavaMailSenderImpl
instanceKlass org/springframework/mail/javamail/JavaMailSender
instanceKlass org/springframework/mail/MailSender
instanceKlass org/springframework/cache/interceptor/AbstractCacheInvoker
instanceKlass org/springframework/boot/autoconfigure/condition/ConditionalOnSingleCandidate
instanceKlass org/springframework/boot/context/properties/ConfigurationPropertiesBindingPostProcessor
instanceKlass org/springframework/boot/autoconfigure/condition/ConditionalOnBean
instanceKlass org/springframework/boot/autoconfigure/condition/ConditionalOnWebApplication
instanceKlass jakarta/websocket/server/ServerContainer
instanceKlass jakarta/websocket/WebSocketContainer
instanceKlass org/springframework/web/servlet/config/annotation/WebMvcConfigurer
instanceKlass org/springframework/web/multipart/support/StandardServletMultipartResolver
instanceKlass org/springframework/web/multipart/MultipartResolver
instanceKlass jakarta/servlet/MultipartConfigElement
instanceKlass org/springframework/web/filter/GenericFilterBean
instanceKlass jakarta/servlet/GenericServlet
instanceKlass org/springframework/web/server/session/WebSessionManager
instanceKlass org/springframework/http/ReactiveHttpInputMessage
instanceKlass org/springframework/http/codec/LoggingCodecSupport
instanceKlass org/springframework/http/codec/HttpMessageReader
instanceKlass org/springframework/http/server/reactive/HttpHandler
instanceKlass org/springframework/http/client/support/HttpAccessor
instanceKlass org/springframework/web/client/RestOperations
instanceKlass org/springframework/web/client/RestClient
instanceKlass org/springframework/scheduling/TaskScheduler
instanceKlass org/springframework/util/CustomizableThreadCreator
instanceKlass org/springframework/scheduling/SchedulingTaskExecutor
instanceKlass org/springframework/core/task/AsyncListenableTaskExecutor
instanceKlass org/springframework/core/task/AsyncTaskExecutor
instanceKlass org/springframework/core/task/TaskExecutor
instanceKlass io/netty/buffer/AbstractByteBufAllocator
instanceKlass io/netty/buffer/ByteBufAllocator
instanceKlass io/netty/buffer/ByteBufAllocatorMetricProvider
instanceKlass reactor/core/publisher/Hooks
instanceKlass reactor/core/publisher/Flux
instanceKlass io/netty/util/NettyRuntime
instanceKlass javax/naming/ldap/LdapContext
instanceKlass javax/naming/directory/DirContext
instanceKlass reactor/core/publisher/Mono
instanceKlass reactor/core/CorePublisher
instanceKlass org/springframework/jmx/support/MBeanRegistrationSupport
instanceKlass org/springframework/jmx/export/MBeanExportOperations
instanceKlass jakarta/servlet/ServletRegistration
instanceKlass jakarta/servlet/Registration
instanceKlass org/springframework/http/server/ServerHttpRequest
instanceKlass org/springframework/http/HttpInputMessage
instanceKlass org/springframework/http/HttpRequest
instanceKlass jakarta/servlet/Filter
instanceKlass javax/sql/DataSource
instanceKlass java/sql/Wrapper
instanceKlass javax/sql/CommonDataSource
instanceKlass org/springframework/cache/CacheManager
instanceKlass org/springframework/boot/autoconfigure/cache/CacheAutoConfiguration
instanceKlass org/springframework/cloud/loadbalancer/annotation/LoadBalancerClientConfigurationRegistrar
instanceKlass org/springframework/http/codec/CodecConfigurer
instanceKlass org/springframework/http/client/ClientHttpRequestFactory
instanceKlass com/netflix/discovery/EurekaClient
instanceKlass com/netflix/discovery/shared/LookupService
instanceKlass org/springframework/cloud/context/scope/GenericScope
instanceKlass org/springframework/boot/autoconfigure/condition/ConditionMessage$ItemsBuilder
instanceKlass org/springframework/boot/autoconfigure/condition/ConditionalOnClass
instanceKlass  @bci org/springframework/boot/autoconfigure/condition/OnClassCondition$ThreadedOutcomesResolver <init> (Lorg/springframework/boot/autoconfigure/condition/OnClassCondition$OutcomesResolver;)V 11 <appendix> member <vmtarget> ; # org/springframework/boot/autoconfigure/condition/OnClassCondition$ThreadedOutcomesResolver$$Lambda+0x000001f74b20b290
instanceKlass org/springframework/boot/autoconfigure/condition/OnClassCondition$ThreadedOutcomesResolver
instanceKlass org/springframework/boot/autoconfigure/condition/OnClassCondition$StandardOutcomesResolver
instanceKlass org/springframework/boot/autoconfigure/AutoConfigurationMetadataLoader$PropertiesAutoConfigurationMetadata
instanceKlass org/springframework/boot/autoconfigure/AutoConfigurationMetadata
instanceKlass org/springframework/boot/autoconfigure/AutoConfigurationMetadataLoader
instanceKlass org/springframework/boot/autoconfigure/AutoConfigurationImportSelector$ConfigurationClassFilter
instanceKlass org/springframework/boot/autoconfigure/condition/OnClassCondition$OutcomesResolver
instanceKlass org/springframework/boot/autoconfigure/condition/OnBeanCondition$Spec
instanceKlass org/springframework/boot/autoconfigure/AutoConfigurationImportFilter
instanceKlass  @bci org/springframework/boot/autoconfigure/AutoConfigurationImportSelector getExcludeAutoConfigurationsProperty ()Ljava/util/List; 35 <appendix> argL0 ; # org/springframework/boot/autoconfigure/AutoConfigurationImportSelector$$Lambda+0x000001f74b209868
instanceKlass  @bci org/springframework/boot/autoconfigure/AutoConfigurationImportSelector getAttributes (Lorg/springframework/core/type/AnnotationMetadata;)Lorg/springframework/core/annotation/AnnotationAttributes; 23 <appendix> member <vmtarget> ; # org/springframework/boot/autoconfigure/AutoConfigurationImportSelector$$Lambda+0x000001f74b209630
instanceKlass org/springframework/boot/autoconfigure/AutoConfigurationReplacements
instanceKlass  @bci org/springframework/boot/autoconfigure/AutoConfigurationImportSelector$AutoConfigurationGroup process (Lorg/springframework/core/type/AnnotationMetadata;Lorg/springframework/context/annotation/DeferredImportSelector;)V 5 <appendix> member <vmtarget> ; # org/springframework/boot/autoconfigure/AutoConfigurationImportSelector$AutoConfigurationGroup$$Lambda+0x000001f74b2091d8
instanceKlass org/springframework/boot/autoconfigure/condition/ConditionEvaluationReport$ConditionAndOutcome
instanceKlass  @bci org/springframework/boot/autoconfigure/condition/ConditionEvaluationReport recordConditionEvaluation (Ljava/lang/String;Lorg/springframework/context/annotation/Condition;Lorg/springframework/boot/autoconfigure/condition/ConditionOutcome;)V 34 <appendix> argL0 ; # org/springframework/boot/autoconfigure/condition/ConditionEvaluationReport$$Lambda+0x000001f74b208d58
instanceKlass org/springframework/boot/autoconfigure/condition/ConditionEvaluationReport$ConditionAndOutcomes
instanceKlass org/springframework/boot/autoconfigure/condition/ConditionOutcome
instanceKlass org/springframework/boot/autoconfigure/condition/ConditionMessage$Builder
instanceKlass org/springframework/boot/autoconfigure/condition/ConditionMessage
instanceKlass org/springframework/boot/autoconfigure/condition/OnPropertyCondition$Spec
instanceKlass  @bci org/springframework/boot/autoconfigure/condition/OnPropertyCondition getMatchOutcome (Lorg/springframework/context/annotation/ConditionContext;Lorg/springframework/core/type/AnnotatedTypeMetadata;)Lorg/springframework/boot/autoconfigure/condition/ConditionOutcome; 29 <appendix> argL0 ; # org/springframework/boot/autoconfigure/condition/OnPropertyCondition$$Lambda+0x000001f74b208000
instanceKlass  @bci org/springframework/boot/autoconfigure/condition/OnPropertyCondition getMatchOutcome (Lorg/springframework/context/annotation/ConditionContext;Lorg/springframework/core/type/AnnotatedTypeMetadata;)Lorg/springframework/boot/autoconfigure/condition/ConditionOutcome; 16 <appendix> argL0 ; # org/springframework/boot/autoconfigure/condition/OnPropertyCondition$$Lambda+0x000001f74b200400
instanceKlass org/springframework/context/annotation/ConfigurationCondition
instanceKlass  @bci org/springframework/core/annotation/MergedAnnotationCollectors lambda$toMultiValueMap$4 ([Lorg/springframework/core/annotation/MergedAnnotation$Adapt;Lorg/springframework/util/MultiValueMap;Lorg/springframework/core/annotation/MergedAnnotation;)V 13 <appendix> member <vmtarget> ; # org/springframework/core/annotation/MergedAnnotationCollectors$$Lambda+0x000001f74b200ca8
instanceKlass  @bci org/springframework/core/annotation/TypeMappedAnnotation asMap ([Lorg/springframework/core/annotation/MergedAnnotation$Adapt;)Ljava/util/Map; 1 <appendix> argL0 ; # org/springframework/core/annotation/TypeMappedAnnotation$$Lambda+0x000001f74b200a58
instanceKlass  @bci org/springframework/core/annotation/MergedAnnotationCollectors toMultiValueMap (Ljava/util/function/Function;[Lorg/springframework/core/annotation/MergedAnnotation$Adapt;)Ljava/util/stream/Collector; 31 <appendix> argL0 ; # org/springframework/core/annotation/MergedAnnotationCollectors$$Lambda+0x000001f74b200800
instanceKlass  @bci org/springframework/core/annotation/MergedAnnotationCollectors toMultiValueMap (Ljava/util/function/Function;[Lorg/springframework/core/annotation/MergedAnnotation$Adapt;)Ljava/util/stream/Collector; 26 <appendix> member <vmtarget> ; # org/springframework/core/annotation/MergedAnnotationCollectors$$Lambda+0x000001f74b201b98
instanceKlass  @bci org/springframework/core/annotation/MergedAnnotationCollectors toMultiValueMap (Ljava/util/function/Function;[Lorg/springframework/core/annotation/MergedAnnotation$Adapt;)Ljava/util/stream/Collector; 20 <appendix> argL0 ; # org/springframework/core/annotation/MergedAnnotationCollectors$$Lambda+0x000001f74b201968
instanceKlass org/springframework/core/annotation/MergedAnnotationCollectors
instanceKlass  @bci org/springframework/core/type/AnnotatedTypeMetadata getAllAnnotationAttributes (Ljava/lang/String;Z)Lorg/springframework/util/MultiValueMap; 41 <appendix> argL0 ; # org/springframework/core/type/AnnotatedTypeMetadata$$Lambda+0x000001f74b201718
instanceKlass  @bci org/springframework/core/type/AnnotatedTypeMetadata getAllAnnotationAttributes (Ljava/lang/String;Z)Lorg/springframework/util/MultiValueMap; 31 <appendix> argL0 ; # org/springframework/core/type/AnnotatedTypeMetadata$$Lambda+0x000001f74b2014c8
instanceKlass org/springframework/core/annotation/MergedAnnotationPredicates$UniquePredicate
instanceKlass  @bci org/springframework/core/type/AnnotatedTypeMetadata getAllAnnotationAttributes (Ljava/lang/String;Z)Lorg/springframework/util/MultiValueMap; 18 <appendix> argL0 ; # org/springframework/core/type/AnnotatedTypeMetadata$$Lambda+0x000001f74b201000
instanceKlass org/springframework/boot/autoconfigure/condition/SpringBootCondition
instanceKlass org/springframework/boot/autoconfigure/condition/ConditionalOnProperty
instanceKlass org/springframework/boot/context/properties/EnableConfigurationPropertiesRegistrar
instanceKlass org/springframework/boot/context/properties/EnableConfigurationProperties
instanceKlass  @bci org/springframework/context/annotation/ConfigurationClassParser$DeferredImportSelectorGroupingHandler processGroupImports ()V 45 <appendix> member <vmtarget> ; # org/springframework/context/annotation/ConfigurationClassParser$DeferredImportSelectorGroupingHandler$$Lambda+0x000001f74b203248
instanceKlass org/springframework/context/annotation/DeferredImportSelector$Group$Entry
instanceKlass org/springframework/boot/autoconfigure/AutoConfigurationImportSelector$AutoConfigurationGroup
instanceKlass org/springframework/context/annotation/ConfigurationClassParser$DefaultDeferredImportSelectorGroup
instanceKlass org/springframework/context/annotation/DeferredImportSelector$Group
instanceKlass  @bci org/springframework/context/annotation/ConfigurationClassParser$DeferredImportSelectorGroupingHandler register (Lorg/springframework/context/annotation/ConfigurationClassParser$DeferredImportSelectorHolder;)V 25 <appendix> member <vmtarget> ; # org/springframework/context/annotation/ConfigurationClassParser$DeferredImportSelectorGroupingHandler$$Lambda+0x000001f74b2028e8
instanceKlass org/springframework/context/annotation/ConfigurationClassParser$DeferredImportSelectorGrouping
instanceKlass  @bci org/springframework/context/annotation/ConfigurationClassParser$DeferredImportSelectorHandler process ()V 42 <appendix> member <vmtarget> ; # org/springframework/context/annotation/ConfigurationClassParser$DeferredImportSelectorHandler$$Lambda+0x000001f74b202468
instanceKlass org/springframework/context/annotation/ConfigurationClassParser$DeferredImportSelectorGroupingHandler
instanceKlass  @bci org/springframework/core/type/StandardAnnotationMetadata getAnnotatedMethods (Ljava/lang/String;)Ljava/util/Set; 27 <appendix> member <vmtarget> ; # org/springframework/core/type/StandardAnnotationMetadata$$Lambda+0x000001f74b202000
instanceKlass  @bci java/util/function/Predicate or (Ljava/util/function/Predicate;)Ljava/util/function/Predicate; 7 <appendix> member <vmtarget> ; # java/util/function/Predicate$$Lambda+0x000001f74b0b8098
instanceKlass  @bci org/springframework/boot/autoconfigure/AutoConfigurationImportSelector getExclusionFilter ()Ljava/util/function/Predicate; 1 <appendix> member <vmtarget> ; # org/springframework/boot/autoconfigure/AutoConfigurationImportSelector$$Lambda+0x000001f74b207cc0
instanceKlass org/springframework/boot/autoconfigure/AutoConfigurationImportSelector$AutoConfigurationEntry
instanceKlass org/springframework/context/annotation/ConfigurationMethod
instanceKlass  @bci org/springframework/core/type/AnnotationMetadata getAnnotationTypes ()Ljava/util/Set; 31 <appendix> argL0 ; # org/springframework/core/type/AnnotationMetadata$$Lambda+0x000001f74b206d40
instanceKlass  @bci org/springframework/core/type/AnnotationMetadata getAnnotationTypes ()Ljava/util/Set; 21 <appendix> argL0 ; # org/springframework/core/type/AnnotationMetadata$$Lambda+0x000001f74b206af0
instanceKlass  @bci org/springframework/core/type/AnnotationMetadata getAnnotationTypes ()Ljava/util/Set; 11 <appendix> argL0 ; # org/springframework/core/type/AnnotationMetadata$$Lambda+0x000001f74b206890
instanceKlass org/springframework/core/annotation/MergedAnnotationsCollection$AnnotationsSpliterator
instanceKlass org/springframework/stereotype/Service
instanceKlass org/springframework/http/HttpMethod
instanceKlass org/springframework/web/bind/annotation/PostMapping
instanceKlass org/springframework/web/bind/annotation/ControllerMappingReflectiveProcessor
instanceKlass org/springframework/aot/hint/annotation/SimpleReflectiveProcessor
instanceKlass org/springframework/aot/hint/annotation/ReflectiveProcessor
instanceKlass org/springframework/aot/hint/annotation/Reflective
instanceKlass org/springframework/web/bind/annotation/Mapping
instanceKlass  @bci org/springframework/core/type/classreading/MergedAnnotationReadingVisitor visitArray (Ljava/lang/String;)Lorg/springframework/asm/AnnotationVisitor; 7 <appendix> member <vmtarget> ; # org/springframework/core/type/classreading/MergedAnnotationReadingVisitor$$Lambda+0x000001f74b204d88
instanceKlass org/springframework/web/bind/annotation/RequestMapping
instanceKlass org/springframework/web/bind/annotation/ResponseBody
instanceKlass org/springframework/stereotype/Controller
instanceKlass org/springframework/web/bind/annotation/RestController
instanceKlass  @bci org/springframework/core/type/AnnotationMetadata hasMetaAnnotation (Ljava/lang/String;)Z 7 <appendix> argL0 ; # org/springframework/core/type/AnnotationMetadata$$Lambda+0x000001f74b204660
instanceKlass org/springframework/boot/context/annotation/ImportCandidates
instanceKlass org/springframework/boot/autoconfigure/AutoConfiguration
instanceKlass org/springframework/core/type/classreading/SimpleAnnotationMetadata
instanceKlass org/springframework/core/annotation/MergedAnnotationsCollection
instanceKlass org/springframework/context/annotation/Bean
instanceKlass  @bci org/springframework/core/type/classreading/SimpleMethodMetadataReadingVisitor visitAnnotation (Ljava/lang/String;Z)Lorg/springframework/asm/AnnotationVisitor; 19 <appendix> member <vmtarget> ; # org/springframework/core/type/classreading/SimpleMethodMetadataReadingVisitor$$Lambda+0x000001f74b1ff678
instanceKlass org/springframework/core/type/classreading/SimpleMethodMetadataReadingVisitor$Source
instanceKlass  @bci org/springframework/core/type/classreading/SimpleAnnotationMetadataReadingVisitor visitMethod (ILjava/lang/String;Ljava/lang/String;Ljava/lang/String;[Ljava/lang/String;)Lorg/springframework/asm/MethodVisitor; 43 <appendix> member <vmtarget> ; # org/springframework/core/type/classreading/SimpleAnnotationMetadataReadingVisitor$$Lambda+0x000001f74b1feee0
instanceKlass org/springframework/core/type/classreading/SimpleMethodMetadata
instanceKlass org/springframework/core/type/MethodMetadata
instanceKlass  @bci org/springframework/core/annotation/TypeMappedAnnotation of (Ljava/lang/ClassLoader;Ljava/lang/Object;Ljava/lang/Class;Ljava/util/Map;)Lorg/springframework/core/annotation/MergedAnnotation; 26 <appendix> argL0 ; # org/springframework/core/annotation/TypeMappedAnnotation$$Lambda+0x000001f74b1fe9a8
instanceKlass org/springframework/asm/Type
instanceKlass org/springframework/asm/AnnotationVisitor
instanceKlass  @bci org/springframework/core/type/classreading/SimpleAnnotationMetadataReadingVisitor visitAnnotation (Ljava/lang/String;Z)Lorg/springframework/asm/AnnotationVisitor; 19 <appendix> member <vmtarget> ; # org/springframework/core/type/classreading/SimpleAnnotationMetadataReadingVisitor$$Lambda+0x000001f74b1fe098
instanceKlass org/springframework/core/type/classreading/SimpleAnnotationMetadataReadingVisitor$Source
instanceKlass org/springframework/asm/Context
instanceKlass org/springframework/asm/Attribute
instanceKlass org/springframework/asm/ClassReader
instanceKlass org/springframework/asm/MethodVisitor
instanceKlass org/springframework/core/type/classreading/SimpleMetadataReader
instanceKlass  @bci java/util/regex/Pattern ALL ()Ljava/util/regex/Pattern$CharPredicate; 0 <appendix> argL0 ; # java/util/regex/Pattern$$Lambda+0x000001f74b0b7e28
instanceKlass org/springframework/util/AntPathMatcher$AntPathStringMatcher
instanceKlass sun/nio/fs/BasicFileAttributesHolder
instanceKlass  @bci org/springframework/core/io/support/PathMatchingResourcePatternResolver doFindPathMatchingFileResources (Lorg/springframework/core/io/Resource;Ljava/lang/String;)Ljava/util/Set; 465 <appendix> member <vmtarget> ; # org/springframework/core/io/support/PathMatchingResourcePatternResolver$$Lambda+0x000001f74b1fc8a8
instanceKlass  @bci org/springframework/core/io/support/PathMatchingResourcePatternResolver doFindPathMatchingFileResources (Lorg/springframework/core/io/Resource;Ljava/lang/String;)Ljava/util/Set; 449 <appendix> argL0 ; # org/springframework/core/io/support/PathMatchingResourcePatternResolver$$Lambda+0x000001f74b1fc658
instanceKlass  @bci java/nio/file/Files walk (Ljava/nio/file/Path;I[Ljava/nio/file/FileVisitOption;)Ljava/util/stream/Stream; 43 <appendix> argL0 ; # java/nio/file/Files$$Lambda+0x000001f74b0b7448
instanceKlass  @bci java/nio/file/Files walk (Ljava/nio/file/Path;I[Ljava/nio/file/FileVisitOption;)Ljava/util/stream/Stream; 30 <appendix> member <vmtarget> ; # java/nio/file/Files$$Lambda+0x000001f74b0b7210
instanceKlass java/nio/file/FileTreeWalker$Event
instanceKlass sun/nio/fs/WindowsDirectoryStream$WindowsDirectoryIterator
instanceKlass java/nio/file/FileTreeWalker$DirectoryNode
instanceKlass sun/nio/fs/WindowsDirectoryStream
instanceKlass java/nio/file/DirectoryStream
instanceKlass java/nio/file/Files$AcceptAllFilter
instanceKlass java/nio/file/DirectoryStream$Filter
instanceKlass java/nio/file/FileTreeWalker$1
instanceKlass java/nio/file/FileTreeWalker
instanceKlass java/nio/file/FileTreeIterator
instanceKlass  @bci org/springframework/core/io/support/PathMatchingResourcePatternResolver doFindPathMatchingFileResources (Lorg/springframework/core/io/Resource;Ljava/lang/String;)Ljava/util/Set; 368 <appendix> member <vmtarget> ; # org/springframework/core/io/support/PathMatchingResourcePatternResolver$$Lambda+0x000001f74b1fc3f0
instanceKlass  @cpi org/springframework/core/io/support/PathMatchingResourcePatternResolver 1123 form vmentry <vmtarget> ; # java/lang/invoke/LambdaForm$DMH+0x000001f74b200000
instanceKlass sun/nio/fs/WindowsUriSupport
instanceKlass  @bci org/springframework/core/io/support/PathMatchingResourcePatternResolver findAllModulePathResources (Ljava/lang/String;)Ljava/util/Set; 52 <appendix> member <vmtarget> ; # org/springframework/core/io/support/PathMatchingResourcePatternResolver$$Lambda+0x000001f74b1f7bd0
instanceKlass  @bci org/springframework/core/io/support/PathMatchingResourcePatternResolver findAllModulePathResources (Ljava/lang/String;)Ljava/util/Set; 85 <appendix> member <vmtarget> ; # org/springframework/core/io/support/PathMatchingResourcePatternResolver$$Lambda+0x000001f74b1f7988
instanceKlass  @bci org/springframework/core/io/support/PathMatchingResourcePatternResolver findAllModulePathResources (Ljava/lang/String;)Ljava/util/Set; 38 <appendix> member <vmtarget> ; # org/springframework/core/io/support/PathMatchingResourcePatternResolver$$Lambda+0x000001f74b1f7720
instanceKlass org/springframework/context/annotation/ParserStrategyUtils
instanceKlass org/springframework/context/annotation/TypeFilterUtils$1
instanceKlass org/springframework/context/annotation/TypeFilterUtils
instanceKlass  @bci org/springframework/context/annotation/ConfigurationClassParser doProcessConfigurationClass (Lorg/springframework/context/annotation/ConfigurationClass;Lorg/springframework/context/annotation/ConfigurationClassParser$SourceClass;Ljava/util/function/Predicate;)Lorg/springframework/context/annotation/ConfigurationClassParser$SourceClass; 153 <appendix> argL0 ; # org/springframework/context/annotation/ConfigurationClassParser$$Lambda+0x000001f74b1f7048
instanceKlass  @bci org/springframework/context/annotation/ConfigurationClassParser doProcessConfigurationClass (Lorg/springframework/context/annotation/ConfigurationClass;Lorg/springframework/context/annotation/ConfigurationClassParser$SourceClass;Ljava/util/function/Predicate;)Lorg/springframework/context/annotation/ConfigurationClassParser$SourceClass; 123 <appendix> argL0 ; # org/springframework/context/annotation/ConfigurationClassParser$$Lambda+0x000001f74b1f6de8
instanceKlass  @bci java/util/stream/SortedOps$RefSortingSink end ()V 48 <appendix> member <vmtarget> ; # java/util/stream/SortedOps$RefSortingSink$$Lambda+0x000001f74b0b4f60
instanceKlass  @bci org/springframework/core/type/AnnotatedTypeMetadata getMergedRepeatableAnnotationAttributes (Ljava/lang/Class;Ljava/lang/Class;Ljava/util/function/Predicate;ZZ)Ljava/util/Set; 89 <appendix> argL0 ; # org/springframework/core/type/AnnotatedTypeMetadata$$Lambda+0x000001f74b1f6bb8
instanceKlass org/springframework/boot/autoconfigure/BackgroundPreinitializer$JdkInitializer
instanceKlass  @bci org/springframework/core/type/AnnotatedTypeMetadata getMergedRepeatableAnnotationAttributes (Ljava/lang/Class;Ljava/lang/Class;Ljava/util/function/Predicate;ZZ)Ljava/util/Set; 79 <appendix> member <vmtarget> ; # org/springframework/core/type/AnnotatedTypeMetadata$$Lambda+0x000001f74b1f6730
instanceKlass  @bci org/springframework/core/type/AnnotatedTypeMetadata getMergedRepeatableAnnotationAttributes (Ljava/lang/Class;Ljava/lang/Class;Ljava/util/function/Predicate;ZZ)Ljava/util/Set; 68 <appendix> member <vmtarget> ; # org/springframework/core/type/AnnotatedTypeMetadata$$Lambda+0x000001f74b1f6078
instanceKlass java/util/stream/SortedOps
instanceKlass java/util/Collections$ReverseComparator2
instanceKlass  @bci java/util/Comparator comparingInt (Ljava/util/function/ToIntFunction;)Ljava/util/Comparator; 6 <appendix> member <vmtarget> ; # java/util/Comparator$$Lambda+0x000001f74b0b2fa0
instanceKlass  @bci org/springframework/core/type/AnnotatedTypeMetadata reversedMetaDistance ()Ljava/util/Comparator; 0 <appendix> argL0 ; # org/springframework/core/type/AnnotatedTypeMetadata$$Lambda+0x000001f74b1f5e48
instanceKlass  @bci org/springframework/core/annotation/MergedAnnotationPredicates typeIn ([Ljava/lang/Class;)Ljava/util/function/Predicate; 1 <appendix> member <vmtarget> ; # org/springframework/core/annotation/MergedAnnotationPredicates$$Lambda+0x000001f74b1f5be0
instanceKlass sun/security/smartcardio/SunPCSC$1
instanceKlass org/springframework/core/annotation/MergedAnnotationPredicates
instanceKlass org/jcp/xml/dsig/internal/dom/XMLDSigRI$2
instanceKlass  @bci org/springframework/core/type/AnnotatedTypeMetadata getMergedRepeatableAnnotationAttributes (Ljava/lang/Class;Ljava/lang/Class;ZZ)Ljava/util/Set; 3 <appendix> argL0 ; # org/springframework/core/type/AnnotatedTypeMetadata$$Lambda+0x000001f74b1f5980
instanceKlass org/jcp/xml/dsig/internal/dom/XMLDSigRI$1
instanceKlass org/springframework/context/annotation/PropertySources
instanceKlass org/springframework/context/annotation/PropertySource
instanceKlass  @bci sun/security/pkcs11/SunPKCS11 register (Lsun/security/pkcs11/SunPKCS11$Descriptor;)V 27 <appendix> argL0 ; # sun/security/pkcs11/SunPKCS11$$Lambda+0x000001f74b1f8bd8
instanceKlass sun/security/pkcs11/SunPKCS11$Descriptor
instanceKlass javax/security/auth/callback/CallbackHandler
instanceKlass javax/security/auth/Subject
instanceKlass org/springframework/context/annotation/ConfigurationClass
instanceKlass org/springframework/context/annotation/ComponentScanAnnotationParser
instanceKlass org/springframework/core/io/support/DefaultPropertySourceFactory
instanceKlass sun/security/jca/ProviderConfig$ProviderLoader
instanceKlass org/springframework/core/io/support/PropertySourceFactory
instanceKlass org/springframework/core/io/support/PropertySourceProcessor
instanceKlass org/springframework/context/annotation/PropertySourceRegistry
instanceKlass org/springframework/context/annotation/ConfigurationClassParser$SourceClass
instanceKlass org/springframework/context/annotation/ConfigurationClassParser$DeferredImportSelectorHandler
instanceKlass org/apache/tomcat/util/http/ConcurrentDateFormat
instanceKlass org/apache/tomcat/util/http/FastHttpDateFormat
instanceKlass  @bci org/springframework/context/annotation/ConfigurationClassParser <clinit> ()V 16 <appendix> argL0 ; # org/springframework/context/annotation/ConfigurationClassParser$$Lambda+0x000001f74b1f1e60
instanceKlass org/springframework/context/annotation/ConfigurationClassParser$DeferredImportSelectorHolder
instanceKlass  @bci org/springframework/context/annotation/ConfigurationClassParser <clinit> ()V 8 <appendix> argL0 ; # org/springframework/context/annotation/ConfigurationClassParser$$Lambda+0x000001f74b1f19d0
instanceKlass  @bci org/springframework/context/annotation/ConfigurationClassParser <clinit> ()V 0 <appendix> argL0 ; # org/springframework/context/annotation/ConfigurationClassParser$$Lambda+0x000001f74b1f1770
instanceKlass org/springframework/beans/factory/parsing/Problem
instanceKlass org/springframework/context/annotation/ImportRegistry
instanceKlass org/apache/catalina/Container
instanceKlass org/apache/catalina/SessionIdGenerator
instanceKlass org/springframework/context/annotation/ConfigurationClassParser
instanceKlass jakarta/security/auth/message/MessageInfo
instanceKlass jakarta/servlet/http/HttpServletRequest
instanceKlass  @bci org/springframework/context/annotation/ConfigurationClassPostProcessor processConfigBeanDefinitions (Lorg/springframework/beans/factory/support/BeanDefinitionRegistry;)V 144 <appendix> argL0 ; # org/springframework/context/annotation/ConfigurationClassPostProcessor$$Lambda+0x000001f74b1f07d0
instanceKlass jakarta/servlet/http/HttpServletResponse
instanceKlass org/springframework/aop/framework/AopInfrastructureBean
instanceKlass org/apache/catalina/util/LifecycleBase
instanceKlass org/apache/catalina/Lifecycle
instanceKlass  @bci org/springframework/context/support/PostProcessorRegistrationDelegate invokeBeanDefinitionRegistryPostProcessors (Ljava/util/Collection;Lorg/springframework/beans/factory/support/BeanDefinitionRegistry;Lorg/springframework/core/metrics/ApplicationStartup;)V 44 <appendix> member <vmtarget> ; # org/springframework/context/support/PostProcessorRegistrationDelegate$$Lambda+0x000001f74b1e9db0
# instanceKlass java/lang/invoke/LambdaForm$MH+0x000001f74b1e8c00
instanceKlass org/apache/catalina/JmxEnabled
instanceKlass javax/management/MBeanRegistration
instanceKlass org/springframework/beans/AbstractNestablePropertyAccessor$PropertyTokenHolder
instanceKlass org/apache/catalina/Valve
instanceKlass org/apache/catalina/Contained
instanceKlass jakarta/security/auth/message/config/RegistrationListener
instanceKlass org/apache/catalina/Authenticator
instanceKlass org/springframework/beans/factory/config/TypedStringValue
instanceKlass java/util/ResourceBundle$CacheKeyReference
instanceKlass java/util/ResourceBundle$CacheKey
instanceKlass  @bci java/util/stream/Collectors joining (Ljava/lang/CharSequence;Ljava/lang/CharSequence;Ljava/lang/CharSequence;)Ljava/util/stream/Collector; 22 <appendix> argL0 ; # java/util/stream/Collectors$$Lambda+0x800000047
instanceKlass  @bci java/util/ResourceBundle$ResourceBundleControlProviderHolder <clinit> ()V 11 <appendix> argL0 ; # java/util/ResourceBundle$ResourceBundleControlProviderHolder$$Lambda+0x000001f74b0af6a8
instanceKlass  @bci java/util/stream/Collectors joining (Ljava/lang/CharSequence;Ljava/lang/CharSequence;Ljava/lang/CharSequence;)Ljava/util/stream/Collector; 17 <appendix> argL0 ; # java/util/stream/Collectors$$Lambda+0x800000045
instanceKlass  @bci java/util/stream/Collectors joining (Ljava/lang/CharSequence;Ljava/lang/CharSequence;Ljava/lang/CharSequence;)Ljava/util/stream/Collector; 12 <appendix> argL0 ; # java/util/stream/Collectors$$Lambda+0x800000042
instanceKlass java/util/ServiceLoader$ProviderSpliterator
instanceKlass  @bci java/util/stream/Collectors joining (Ljava/lang/CharSequence;Ljava/lang/CharSequence;Ljava/lang/CharSequence;)Ljava/util/stream/Collector; 7 <appendix> member <vmtarget> ; # java/util/stream/Collectors$$Lambda+0x80000004a
instanceKlass java/util/spi/ResourceBundleControlProvider
instanceKlass java/util/ResourceBundle$ResourceBundleControlProviderHolder
instanceKlass  @bci java/lang/Class methodToString (Ljava/lang/String;[Ljava/lang/Class;)Ljava/lang/String; 42 <appendix> argL0 ; # java/lang/Class$$Lambda+0x000001f74b0aef90
instanceKlass org/apache/tomcat/util/res/StringManager
instanceKlass  @bci org/springframework/core/convert/TypeDescriptor <init> (Lorg/springframework/core/convert/Property;)V 38 <appendix> member <vmtarget> ; # org/springframework/core/convert/TypeDescriptor$$Lambda+0x000001f74b1eb410
instanceKlass org/apache/juli/logging/DirectJDKLog
instanceKlass org/springframework/core/convert/Property
instanceKlass org/apache/juli/logging/Log
instanceKlass org/apache/juli/logging/LogFactory
instanceKlass com/sun/beans/WildcardTypeImpl
instanceKlass com/sun/beans/WeakCache
instanceKlass com/sun/beans/TypeResolver
instanceKlass java/beans/SimpleBeanInfo
instanceKlass  @bci org/springframework/boot/autoconfigure/web/embedded/TomcatWebServerFactoryCustomizer customizeHandler (Lorg/springframework/boot/web/embedded/tomcat/ConfigurableTomcatWebServerFactory;ILjava/lang/Class;Ljava/util/function/ObjIntConsumer;)V 11 <adapter> ; # java/lang/invoke/LambdaForm$MH+0x000001f74b1e8800
instanceKlass java/beans/MethodRef
instanceKlass  @bci org/springframework/boot/autoconfigure/web/embedded/TomcatWebServerFactoryCustomizer customizeHandler (Lorg/springframework/boot/web/embedded/tomcat/ConfigurableTomcatWebServerFactory;ILjava/lang/Class;Ljava/util/function/ObjIntConsumer;)V 11 <appendix> form vmentry <vmtarget> ; # java/lang/invoke/LambdaForm$DMH+0x000001f74b1e8400
instanceKlass  @bci sun/util/cldr/CLDRTimeZoneNameProviderImpl deriveFallbackName ([Ljava/lang/String;ILjava/util/Locale;Z)V 176 <appendix> member <vmtarget> ; # sun/util/cldr/CLDRTimeZoneNameProviderImpl$$Lambda+0x000001f74b0ae1d0
instanceKlass org/springframework/beans/factory/aot/BeanFactoryInitializationAotContribution
instanceKlass org/springframework/beans/factory/aot/BeanRegistrationAotContribution
instanceKlass org/springframework/beans/factory/support/RegisteredBean
instanceKlass org/springframework/beans/PropertyDescriptorUtils
instanceKlass java/beans/BeanInfo
instanceKlass org/springframework/beans/SimpleBeanInfoFactory
instanceKlass org/springframework/beans/BeanInfoFactory
instanceKlass sun/util/cldr/CLDRBaseLocaleDataMetaInfo$CLDRMapHolder
instanceKlass org/springframework/beans/CachedIntrospectionResults
instanceKlass org/springframework/beans/PropertyAccessorUtils
instanceKlass  @bci org/springframework/beans/factory/support/DefaultSingletonBeanRegistry registerDependentBean (Ljava/lang/String;Ljava/lang/String;)V 76 <appendix> argL0 ; # org/springframework/beans/factory/support/DefaultSingletonBeanRegistry$$Lambda+0x000001f74b1ef6e0
instanceKlass  @bci org/springframework/beans/factory/support/DefaultSingletonBeanRegistry registerDependentBean (Ljava/lang/String;Ljava/lang/String;)V 19 <appendix> argL0 ; # org/springframework/beans/factory/support/DefaultSingletonBeanRegistry$$Lambda+0x000001f74b1ef490
instanceKlass  @bci org/springframework/beans/factory/support/DefaultSingletonBeanRegistry getSingleton (Ljava/lang/String;Lorg/springframework/beans/factory/ObjectFactory;)Ljava/lang/Object; 1155 <appendix> member <vmtarget> ; # org/springframework/beans/factory/support/DefaultSingletonBeanRegistry$$Lambda+0x000001f74b1ef228
instanceKlass org/reactivestreams/Publisher
instanceKlass org/springframework/beans/factory/support/DisposableBeanAdapter
instanceKlass sun/util/resources/provider/NonBaseLocaleDataMetaInfo
instanceKlass org/springframework/beans/factory/InitializingBean
instanceKlass sun/util/locale/provider/BaseLocaleDataMetaInfo
instanceKlass org/springframework/beans/factory/support/InstanceSupplier
instanceKlass org/springframework/util/function/ThrowingSupplier
instanceKlass  @bci org/springframework/context/expression/StandardBeanExpressionResolver lambda$evaluate$2 (Lorg/springframework/beans/factory/config/BeanExpressionContext;)Lorg/springframework/expression/spel/support/StandardEvaluationContext; 93 <appendix> member <vmtarget> ; # org/springframework/context/expression/StandardBeanExpressionResolver$$Lambda+0x000001f74b1eed78
instanceKlass org/springframework/expression/spel/support/StandardTypeConverter
instanceKlass org/springframework/expression/spel/support/StandardTypeLocator
instanceKlass org/springframework/context/expression/BeanFactoryResolver
instanceKlass sun/util/locale/provider/TimeZoneNameUtility$TimeZoneNameGetter
instanceKlass org/springframework/context/expression/EnvironmentAccessor
instanceKlass sun/util/locale/provider/TimeZoneNameUtility
instanceKlass java/text/DontCareFieldPosition$1
instanceKlass java/text/Format$FieldDelegate
instanceKlass java/text/StringBufFactory$StringBuilderImpl
instanceKlass java/text/Format$StringBuf
instanceKlass java/text/StringBufFactory
instanceKlass org/springframework/context/expression/MapAccessor
instanceKlass org/springframework/expression/spel/CompilablePropertyAccessor
instanceKlass org/springframework/asm/Opcodes
instanceKlass  @bci org/apache/tomcat/util/http/CookieProcessorBase <clinit> ()V 0 <appendix> argL0 ; # org/apache/tomcat/util/http/CookieProcessorBase$$Lambda+0x000001f74b1edca0
instanceKlass org/apache/tomcat/util/http/CookieProcessorBase
instanceKlass org/apache/tomcat/util/http/CookieProcessor
instanceKlass org/springframework/context/expression/BeanFactoryAccessor
instanceKlass org/springframework/boot/autoconfigure/BackgroundPreinitializer$TomcatInitializer
instanceKlass org/springframework/expression/spel/support/ReflectivePropertyAccessor
instanceKlass org/springframework/boot/autoconfigure/BackgroundPreinitializer$CharsetInitializer
instanceKlass  @bci org/springframework/http/converter/json/Jackson2ObjectMapperBuilder configure (Lcom/fasterxml/jackson/databind/ObjectMapper;)V 453 <appendix> member <vmtarget> ; # org/springframework/http/converter/json/Jackson2ObjectMapperBuilder$$Lambda+0x000001f74b1ece10
instanceKlass org/springframework/context/expression/BeanExpressionContextAccessor
instanceKlass  @bci org/springframework/http/converter/json/Jackson2ObjectMapperBuilder configure (Lcom/fasterxml/jackson/databind/ObjectMapper;)V 432 <appendix> member <vmtarget> ; # org/springframework/http/converter/json/Jackson2ObjectMapperBuilder$$Lambda+0x000001f74b1ec6d0
instanceKlass org/springframework/expression/TypedValue
instanceKlass org/springframework/expression/spel/support/StandardOperatorOverloader
instanceKlass  @bci org/springframework/http/converter/json/Jackson2ObjectMapperBuilder configure (Lcom/fasterxml/jackson/databind/ObjectMapper;)V 360 <appendix> member <vmtarget> ; # org/springframework/http/converter/json/Jackson2ObjectMapperBuilder$$Lambda+0x000001f74b1e5bf8
instanceKlass  @cpi org/apache/hc/client5/http/impl/classic/ExecChainElement 59 form vmentry <vmtarget> ; # java/lang/invoke/LambdaForm$DMH+0x000001f74b1e8000
instanceKlass org/springframework/expression/spel/support/StandardTypeComparator
instanceKlass org/springframework/http/converter/json/ProblemDetailJacksonMixin
instanceKlass org/springframework/http/ProblemDetail
instanceKlass org/springframework/expression/OperatorOverloader
instanceKlass org/springframework/expression/TypeComparator
instanceKlass com/fasterxml/jackson/databind/deser/ValueInstantiators$Base
instanceKlass  @bci org/springframework/context/expression/StandardBeanExpressionResolver evaluate (Ljava/lang/String;Lorg/springframework/beans/factory/config/BeanExpressionContext;)Ljava/lang/Object; 35 <appendix> member <vmtarget> ; # org/springframework/context/expression/StandardBeanExpressionResolver$$Lambda+0x000001f74b1e7ba8
instanceKlass org/springframework/expression/spel/support/StandardEvaluationContext
instanceKlass com/fasterxml/jackson/databind/module/SimpleKeyDeserializers
instanceKlass org/springframework/expression/EvaluationContext
instanceKlass  @bci com/fasterxml/jackson/datatype/jsr310/ser/ZonedDateTimeSerializer <init> (Ljava/time/format/DateTimeFormatter;)V 13 <appendix> argL0 ; # com/fasterxml/jackson/datatype/jsr310/ser/ZonedDateTimeSerializer$$Lambda+0x000001f74b1e7360
instanceKlass  @bci com/fasterxml/jackson/datatype/jsr310/ser/ZonedDateTimeSerializer <init> (Ljava/time/format/DateTimeFormatter;)V 8 <appendix> argL0 ; # com/fasterxml/jackson/datatype/jsr310/ser/ZonedDateTimeSerializer$$Lambda+0x000001f74b1e7130
instanceKlass  @cpi com/fasterxml/jackson/datatype/jsr310/ser/ZonedDateTimeSerializer 132 form vmentry <vmtarget> ; # java/lang/invoke/LambdaForm$DMH+0x000001f74b1e4c00
instanceKlass org/springframework/expression/common/LiteralExpression
instanceKlass  @bci com/fasterxml/jackson/datatype/jsr310/ser/ZonedDateTimeSerializer <init> (Ljava/time/format/DateTimeFormatter;)V 3 <appendix> argL0 ; # com/fasterxml/jackson/datatype/jsr310/ser/ZonedDateTimeSerializer$$Lambda+0x000001f74b1e66b8
instanceKlass  @bci org/springframework/context/expression/StandardBeanExpressionResolver evaluate (Ljava/lang/String;Lorg/springframework/beans/factory/config/BeanExpressionContext;)Ljava/lang/Object; 15 <appendix> member <vmtarget> ; # org/springframework/context/expression/StandardBeanExpressionResolver$$Lambda+0x000001f74b1e6460
instanceKlass  @bci com/fasterxml/jackson/datatype/jsr310/ser/OffsetDateTimeSerializer <init> ()V 13 <appendix> argL0 ; # com/fasterxml/jackson/datatype/jsr310/ser/OffsetDateTimeSerializer$$Lambda+0x000001f74b1e6230
instanceKlass  @bci com/fasterxml/jackson/datatype/jsr310/ser/OffsetDateTimeSerializer <init> ()V 8 <appendix> argL0 ; # com/fasterxml/jackson/datatype/jsr310/ser/OffsetDateTimeSerializer$$Lambda+0x000001f74b1e6000
instanceKlass  @bci com/fasterxml/jackson/datatype/jsr310/ser/OffsetDateTimeSerializer <init> ()V 3 <appendix> argL0 ; # com/fasterxml/jackson/datatype/jsr310/ser/OffsetDateTimeSerializer$$Lambda+0x000001f74b1e3bf0
instanceKlass org/springframework/beans/factory/config/AutowiredPropertyMarker
instanceKlass  @cpi com/fasterxml/jackson/datatype/jsr310/ser/ZonedDateTimeSerializer 129 form vmentry <vmtarget> ; # java/lang/invoke/LambdaForm$DMH+0x000001f74b1e4800
instanceKlass  @cpi software/amazon/awssdk/protocols/core/StringToValueConverter 83 form vmentry <vmtarget> ; # java/lang/invoke/LambdaForm$DMH+0x000001f74b1e4400
instanceKlass org/springframework/beans/factory/support/BeanDefinitionValueResolver
instanceKlass  @bci com/fasterxml/jackson/datatype/jsr310/ser/InstantSerializer <init> ()V 13 <appendix> argL0 ; # com/fasterxml/jackson/datatype/jsr310/ser/InstantSerializer$$Lambda+0x000001f74b1e3560
instanceKlass java/util/function/ToIntFunction
instanceKlass  @bci com/fasterxml/jackson/datatype/jsr310/ser/InstantSerializer <init> ()V 8 <appendix> argL0 ; # com/fasterxml/jackson/datatype/jsr310/ser/InstantSerializer$$Lambda+0x000001f74b1e3330
instanceKlass  @bci com/fasterxml/jackson/datatype/jsr310/ser/InstantSerializer <init> ()V 3 <appendix> argL0 ; # com/fasterxml/jackson/datatype/jsr310/ser/InstantSerializer$$Lambda+0x000001f74b1e3100
instanceKlass org/springframework/beans/factory/support/AbstractBeanFactory$BeanFactoryDefaultEditorRegistrar
instanceKlass  @cpi com/netflix/spectator/api/CompositeRegistry 247 form vmentry <vmtarget> ; # java/lang/invoke/LambdaForm$DMH+0x000001f74b1e4000
instanceKlass java/util/function/ToLongFunction
instanceKlass org/springframework/beans/AbstractNestablePropertyAccessor$PropertyHandler
instanceKlass org/springframework/beans/factory/parsing/PassThroughSourceExtractor
instanceKlass com/fasterxml/jackson/databind/type/ClassKey
instanceKlass org/springframework/beans/factory/aot/BeanRegistrationCodeFragments
instanceKlass  @bci com/fasterxml/jackson/datatype/jsr310/deser/InstantDeserializer <clinit> ()V 130 <appendix> argL0 ; # com/fasterxml/jackson/datatype/jsr310/deser/InstantDeserializer$$Lambda+0x000001f74b1e0000
instanceKlass  @bci com/fasterxml/jackson/datatype/jsr310/deser/InstantDeserializer <clinit> ()V 125 <appendix> argL0 ; # com/fasterxml/jackson/datatype/jsr310/deser/InstantDeserializer$$Lambda+0x000001f74b1dfd20
instanceKlass  @bci org/springframework/beans/factory/support/AbstractBeanFactory doGetBean (Ljava/lang/String;Ljava/lang/Class;[Ljava/lang/Object;Z)Ljava/lang/Object; 471 <appendix> member <vmtarget> ; # org/springframework/beans/factory/support/AbstractBeanFactory$$Lambda+0x000001f74b1dfae8
instanceKlass  @bci com/fasterxml/jackson/datatype/jsr310/deser/InstantDeserializer <clinit> ()V 120 <appendix> argL0 ; # com/fasterxml/jackson/datatype/jsr310/deser/InstantDeserializer$$Lambda+0x000001f74b1df898
instanceKlass  @bci com/fasterxml/jackson/datatype/jsr310/deser/InstantDeserializer <clinit> ()V 115 <appendix> argL0 ; # com/fasterxml/jackson/datatype/jsr310/deser/InstantDeserializer$$Lambda+0x000001f74b1df1e8
instanceKlass  @bci com/fasterxml/jackson/datatype/jsr310/deser/InstantDeserializer <clinit> ()V 88 <appendix> argL0 ; # com/fasterxml/jackson/datatype/jsr310/deser/InstantDeserializer$$Lambda+0x000001f74b1defa8
instanceKlass  @bci com/fasterxml/jackson/datatype/jsr310/deser/InstantDeserializer <clinit> ()V 83 <appendix> argL0 ; # com/fasterxml/jackson/datatype/jsr310/deser/InstantDeserializer$$Lambda+0x000001f74b1ded58
instanceKlass  @bci org/springframework/beans/factory/support/AbstractBeanFactory doGetBean (Ljava/lang/String;Ljava/lang/Class;[Ljava/lang/Object;Z)Ljava/lang/Object; 254 <appendix> member <vmtarget> ; # org/springframework/beans/factory/support/AbstractBeanFactory$$Lambda+0x000001f74b1deb20
instanceKlass  @bci com/fasterxml/jackson/datatype/jsr310/deser/InstantDeserializer <clinit> ()V 78 <appendix> argL0 ; # com/fasterxml/jackson/datatype/jsr310/deser/InstantDeserializer$$Lambda+0x000001f74b1de8d0
instanceKlass  @bci com/fasterxml/jackson/datatype/jsr310/deser/InstantDeserializer <clinit> ()V 73 <appendix> argL0 ; # com/fasterxml/jackson/datatype/jsr310/deser/InstantDeserializer$$Lambda+0x000001f74b1de680
instanceKlass org/springframework/beans/factory/support/NullBean
instanceKlass  @bci com/fasterxml/jackson/datatype/jsr310/deser/InstantDeserializer <init> (Ljava/lang/Class;Ljava/time/format/DateTimeFormatter;Ljava/util/function/Function;Ljava/util/function/Function;Ljava/util/function/Function;Ljava/util/function/BiFunction;ZZZ)V 29 <appendix> argL0 ; # com/fasterxml/jackson/datatype/jsr310/deser/InstantDeserializer$$Lambda+0x000001f74b1de228
instanceKlass  @bci org/springframework/beans/factory/BeanFactoryUtils transformedBeanName (Ljava/lang/String;)Ljava/lang/String; 29 <appendix> argL0 ; # org/springframework/beans/factory/BeanFactoryUtils$$Lambda+0x000001f74b1ddfd8
instanceKlass  @bci com/fasterxml/jackson/datatype/jsr310/deser/InstantDeserializer <clinit> ()V 45 <appendix> argL0 ; # com/fasterxml/jackson/datatype/jsr310/deser/InstantDeserializer$$Lambda+0x000001f74b1ddd88
instanceKlass com/fasterxml/jackson/datatype/jsr310/deser/InstantDeserializer$FromDecimalArguments
instanceKlass  @bci com/fasterxml/jackson/datatype/jsr310/deser/InstantDeserializer <clinit> ()V 40 <appendix> argL0 ; # com/fasterxml/jackson/datatype/jsr310/deser/InstantDeserializer$$Lambda+0x000001f74b1dd6b8
instanceKlass org/springframework/beans/factory/support/AbstractBeanFactory$BeanPostProcessorCache
instanceKlass com/fasterxml/jackson/datatype/jsr310/deser/InstantDeserializer$FromIntegerArguments
instanceKlass  @bci com/fasterxml/jackson/datatype/jsr310/deser/InstantDeserializer <clinit> ()V 35 <appendix> argL0 ; # com/fasterxml/jackson/datatype/jsr310/deser/InstantDeserializer$$Lambda+0x000001f74b1dc600
instanceKlass  @bci org/springframework/core/annotation/TypeMappedAnnotation getValueExtractor (Ljava/lang/Object;)Lorg/springframework/core/annotation/ValueExtractor; 7 <appendix> argL0 ; # org/springframework/core/annotation/TypeMappedAnnotation$$Lambda+0x000001f74b1dc1c8
instanceKlass org/springframework/beans/factory/config/RuntimeBeanReference
instanceKlass org/springframework/beans/factory/config/BeanReference
instanceKlass org/springframework/beans/MutablePropertyValues
instanceKlass com/fasterxml/jackson/module/paramnames/ParameterExtractor
instanceKlass org/springframework/beans/factory/support/BeanDefinitionBuilder
instanceKlass  @bci org/springframework/boot/autoconfigure/SharedMetadataReaderFactoryContextInitializer$CachingMetadataReaderFactoryPostProcessor register (Lorg/springframework/beans/factory/support/BeanDefinitionRegistry;)V 13 <appendix> argL0 ; # org/springframework/boot/autoconfigure/SharedMetadataReaderFactoryContextInitializer$CachingMetadataReaderFactoryPostProcessor$$Lambda+0x000001f74b1d9cd8
instanceKlass org/springframework/boot/autoconfigure/SharedMetadataReaderFactoryContextInitializer$SharedMetadataReaderFactoryBean
instanceKlass org/springframework/beans/factory/FactoryBean
instanceKlass org/springframework/context/support/PostProcessorRegistrationDelegate
instanceKlass com/fasterxml/jackson/databind/deser/Deserializers$Base
instanceKlass  @bci org/springframework/boot/web/servlet/context/ServletWebServerApplicationContext$ExistingWebApplicationScopes restore ()V 5 <appendix> member <vmtarget> ; # org/springframework/boot/web/servlet/context/ServletWebServerApplicationContext$ExistingWebApplicationScopes$$Lambda+0x000001f74b1d8460
instanceKlass com/fasterxml/jackson/databind/util/ArrayBuilders
instanceKlass org/springframework/web/context/support/WebApplicationContextUtils$WebRequestObjectFactory
instanceKlass org/springframework/web/context/request/WebRequest
instanceKlass org/springframework/web/context/request/RequestAttributes
instanceKlass org/springframework/web/context/support/WebApplicationContextUtils$SessionObjectFactory
instanceKlass jakarta/servlet/http/HttpSession
instanceKlass org/springframework/web/context/support/WebApplicationContextUtils$ResponseObjectFactory
instanceKlass jakarta/servlet/ServletResponse
instanceKlass org/springframework/web/context/support/WebApplicationContextUtils$RequestObjectFactory
instanceKlass jakarta/servlet/ServletRequest
instanceKlass com/fasterxml/jackson/databind/ser/Serializers$Base
instanceKlass org/springframework/web/context/request/AbstractRequestAttributesScope
instanceKlass com/fasterxml/jackson/databind/ObjectMapper$1
instanceKlass org/springframework/boot/web/servlet/context/ServletWebServerApplicationContext$ExistingWebApplicationScopes
instanceKlass com/fasterxml/jackson/datatype/jdk8/PackageVersion
instanceKlass org/springframework/web/context/ServletContextAware
instanceKlass com/fasterxml/jackson/core/util/JacksonFeatureSet
instanceKlass org/springframework/web/context/support/ServletContextAwareProcessor
instanceKlass org/springframework/context/support/ApplicationListenerDetector
instanceKlass com/fasterxml/jackson/datatype/jsr310/PackageVersion
instanceKlass org/springframework/context/MessageSourceAware
instanceKlass org/springframework/context/ApplicationEventPublisherAware
instanceKlass org/springframework/beans/factory/config/BeanExpressionContext
instanceKlass org/springframework/beans/factory/config/EmbeddedValueResolver
instanceKlass org/springframework/util/StringValueResolver
instanceKlass org/springframework/context/support/ApplicationContextAwareProcessor
instanceKlass org/springframework/beans/support/ResourceEditorRegistrar
instanceKlass org/springframework/expression/Expression
instanceKlass org/springframework/expression/common/TemplateAwareExpressionParser
instanceKlass org/springframework/expression/spel/SpelParserConfiguration
instanceKlass org/springframework/context/expression/StandardBeanExpressionResolver$1
instanceKlass org/springframework/expression/TypeConverter
instanceKlass org/springframework/expression/TypeLocator
instanceKlass org/springframework/expression/BeanResolver
instanceKlass org/springframework/expression/PropertyAccessor
instanceKlass org/springframework/expression/TargetedAccessor
instanceKlass org/springframework/expression/ExpressionParser
instanceKlass org/springframework/expression/ParserContext
instanceKlass org/springframework/context/expression/StandardBeanExpressionResolver
instanceKlass org/springframework/web/context/request/RequestContextHolder
instanceKlass org/springframework/web/context/support/WebApplicationContextUtils
instanceKlass  @bci org/springframework/boot/devtools/logger/DevToolsLogFactory$Listener onApplicationEvent (Lorg/springframework/boot/context/event/ApplicationPreparedEvent;)V 9 <appendix> argL0 ; # org/springframework/boot/devtools/logger/DevToolsLogFactory$Listener$$Lambda+0x000001f74b1c7b80
instanceKlass org/springframework/boot/context/logging/LoggingApplicationListener$Lifecycle
instanceKlass org/springframework/context/SmartLifecycle
instanceKlass org/springframework/context/Phased
instanceKlass org/springframework/beans/factory/BeanFactoryUtils
instanceKlass com/fasterxml/jackson/core/Version
instanceKlass com/fasterxml/jackson/core/util/VersionUtil
instanceKlass com/fasterxml/jackson/module/paramnames/PackageVersion
instanceKlass  @bci org/springframework/boot/devtools/restart/ClassLoaderFilesResourcePatternResolver$WebResourcePatternResolverFactory getServletContextResourcePatternResolver (Lorg/springframework/context/support/AbstractApplicationContext;Lorg/springframework/core/io/ResourceLoader;)Lorg/springframework/core/io/support/ResourcePatternResolver; 18 <appendix> member <vmtarget> ; # org/springframework/boot/devtools/restart/ClassLoaderFilesResourcePatternResolver$WebResourcePatternResolverFactory$$Lambda+0x000001f74b1c64a0
# instanceKlass java/lang/invoke/LambdaForm$MH+0x000001f74b1c8400
# instanceKlass java/lang/invoke/LambdaForm$MH+0x000001f74b1c8000
instanceKlass com/fasterxml/jackson/databind/type/TypeModifier
instanceKlass jakarta/servlet/ServletContext
instanceKlass org/springframework/beans/BeanUtils
instanceKlass jakarta/servlet/ServletConfig
instanceKlass org/springframework/boot/web/server/WebServer
instanceKlass com/fasterxml/jackson/databind/ser/BeanSerializerModifier
instanceKlass com/fasterxml/jackson/databind/ser/Serializers
instanceKlass org/springframework/boot/devtools/restart/ClassLoaderFilesResourcePatternResolver$ResourcePatternResolverFactory
instanceKlass org/springframework/boot/devtools/restart/ClassLoaderFilesResourcePatternResolver
instanceKlass com/fasterxml/jackson/databind/cfg/SerializerFactoryConfig
instanceKlass  @bci org/springframework/boot/SpringApplicationRunListeners contextLoaded (Lorg/springframework/context/ConfigurableApplicationContext;)V 4 <appendix> member <vmtarget> ; # org/springframework/boot/SpringApplicationRunListeners$$Lambda+0x000001f74b1c30e0
instanceKlass org/springframework/beans/factory/support/BeanDefinitionReaderUtils
instanceKlass org/springframework/context/annotation/Description
instanceKlass com/fasterxml/jackson/databind/ser/std/StdJdkSerializers
instanceKlass org/springframework/context/annotation/Role
instanceKlass org/springframework/context/annotation/DependsOn
instanceKlass org/springframework/context/annotation/Fallback
instanceKlass org/springframework/context/annotation/Primary
instanceKlass org/springframework/context/annotation/Lazy
instanceKlass  @bci org/springframework/context/annotation/AnnotationBeanNameGenerator getMetaAnnotationTypes (Lorg/springframework/core/annotation/MergedAnnotation;)Ljava/util/Set; 24 <appendix> argL0 ; # org/springframework/context/annotation/AnnotationBeanNameGenerator$$Lambda+0x000001f74b1c0208
instanceKlass  @bci org/springframework/context/annotation/AnnotationBeanNameGenerator getMetaAnnotationTypes (Lorg/springframework/core/annotation/MergedAnnotation;)Ljava/util/Set; 14 <appendix> argL0 ; # org/springframework/context/annotation/AnnotationBeanNameGenerator$$Lambda+0x000001f74b1bfb00
instanceKlass com/fasterxml/jackson/databind/ser/std/NumberSerializers
instanceKlass  @bci org/springframework/context/annotation/AnnotationBeanNameGenerator determineBeanNameFromAnnotation (Lorg/springframework/beans/factory/annotation/AnnotatedBeanDefinition;)Ljava/lang/String; 132 <appendix> member <vmtarget> ; # org/springframework/context/annotation/AnnotationBeanNameGenerator$$Lambda+0x000001f74b1be810
instanceKlass  @bci org/springframework/core/annotation/AbstractMergedAnnotation asAnnotationAttributes ([Lorg/springframework/core/annotation/MergedAnnotation$Adapt;)Lorg/springframework/core/annotation/AnnotationAttributes; 1 <appendix> argL0 ; # org/springframework/core/annotation/AbstractMergedAnnotation$$Lambda+0x000001f74b1be308
instanceKlass  @bci org/springframework/context/annotation/AnnotationBeanNameGenerator determineBeanNameFromAnnotation (Lorg/springframework/beans/factory/annotation/AnnotatedBeanDefinition;)Ljava/lang/String; 30 <appendix> argL0 ; # org/springframework/context/annotation/AnnotationBeanNameGenerator$$Lambda+0x000001f74b1bde48
instanceKlass  @bci org/springframework/core/annotation/TypeMappedAnnotation <init> (Lorg/springframework/core/annotation/AnnotationTypeMapping;Ljava/lang/ClassLoader;Ljava/lang/Object;Ljava/lang/Object;Lorg/springframework/core/annotation/ValueExtractor;I[I)V 100 <appendix> member <vmtarget> ; # org/springframework/core/annotation/TypeMappedAnnotation$$Lambda+0x000001f74b1bdc10
instanceKlass  @bci org/springframework/context/annotation/AnnotationBeanNameGenerator getExplicitBeanName (Lorg/springframework/core/type/AnnotationMetadata;)Ljava/lang/String; 33 <appendix> argL0 ; # org/springframework/context/annotation/AnnotationBeanNameGenerator$$Lambda+0x000001f74b1bd2a8
instanceKlass  @bci org/springframework/context/annotation/AnnotationBeanNameGenerator getExplicitBeanName (Lorg/springframework/core/type/AnnotationMetadata;)Ljava/lang/String; 23 <appendix> argL0 ; # org/springframework/context/annotation/AnnotationBeanNameGenerator$$Lambda+0x000001f74b1bc928
instanceKlass  @bci org/springframework/context/annotation/AnnotationBeanNameGenerator getExplicitBeanName (Lorg/springframework/core/type/AnnotationMetadata;)Ljava/lang/String; 13 <appendix> argL0 ; # org/springframework/context/annotation/AnnotationBeanNameGenerator$$Lambda+0x000001f74b1bbf90
instanceKlass org/springframework/core/annotation/TypeMappedAnnotations$Aggregate
instanceKlass org/springframework/core/annotation/TypeMappedAnnotations$AggregatesCollector
instanceKlass org/springframework/core/annotation/TypeMappedAnnotations$AggregatesSpliterator
instanceKlass  @bci org/springframework/core/annotation/AnnotationTypeMappings forAnnotationType (Ljava/lang/Class;Lorg/springframework/core/annotation/RepeatableContainers;Lorg/springframework/core/annotation/AnnotationFilter;Ljava/util/Set;)Lorg/springframework/core/annotation/AnnotationTypeMappings; 43 <appendix> member <vmtarget> ; # org/springframework/core/annotation/AnnotationTypeMappings$$Lambda+0x000001f74b1b8c90
instanceKlass org/springframework/context/annotation/ScopeMetadata
instanceKlass org/springframework/beans/BeanMetadataAttribute
instanceKlass org/springframework/context/annotation/ImportResource
instanceKlass org/springframework/core/Conventions
instanceKlass org/springframework/context/annotation/ConfigurationClassUtils
instanceKlass org/springframework/cloud/commons/util/SpringFactoryImportSelector
instanceKlass org/springframework/boot/autoconfigure/AutoConfigurationPackages$Registrar
instanceKlass org/springframework/boot/context/annotation/DeterminableImports
instanceKlass com/fasterxml/jackson/databind/deser/DeserializerCache
instanceKlass org/springframework/context/annotation/ImportBeanDefinitionRegistrar
instanceKlass com/fasterxml/jackson/databind/KeyDeserializer
instanceKlass com/fasterxml/jackson/databind/deser/std/StdKeyDeserializers
instanceKlass com/fasterxml/jackson/databind/deser/KeyDeserializers
instanceKlass com/fasterxml/jackson/databind/deser/ValueInstantiators
instanceKlass com/fasterxml/jackson/databind/AbstractTypeResolver
instanceKlass com/fasterxml/jackson/databind/deser/BeanDeserializerModifier
instanceKlass com/fasterxml/jackson/databind/cfg/DeserializerFactoryConfig
instanceKlass com/fasterxml/jackson/databind/PropertyName
instanceKlass org/springframework/context/annotation/ComponentScans
instanceKlass com/fasterxml/jackson/databind/deser/Deserializers
instanceKlass org/springframework/boot/autoconfigure/AutoConfigurationImportSelector
instanceKlass org/springframework/context/annotation/DeferredImportSelector
instanceKlass org/springframework/context/annotation/ImportSelector
instanceKlass com/fasterxml/jackson/annotation/ObjectIdGenerator
instanceKlass  @bci org/springframework/core/annotation/AnnotationTypeMapping processAliases (ILjava/util/List;)V 118 <appendix> argL0 ; # org/springframework/core/annotation/AnnotationTypeMapping$$Lambda+0x000001f74b1aecd8
instanceKlass com/fasterxml/jackson/databind/deser/ResolvableDeserializer
instanceKlass org/springframework/boot/autoconfigure/AutoConfigurationExcludeFilter
instanceKlass org/springframework/boot/context/TypeExcludeFilter
instanceKlass com/fasterxml/jackson/databind/deser/ValueInstantiator$Gettable
instanceKlass java/lang/annotation/Repeatable
instanceKlass  @bci sun/reflect/annotation/AnnotationParser parseAnnotationArray (ILjava/lang/Class;Ljava/nio/ByteBuffer;Ljdk/internal/reflect/ConstantPool;Ljava/lang/Class;)Ljava/lang/Object; 15 <appendix> member <vmtarget> ; # sun/reflect/annotation/AnnotationParser$$Lambda+0x000001f74b0ab0c8
instanceKlass com/fasterxml/jackson/databind/deser/ContextualDeserializer
instanceKlass org/springframework/boot/autoconfigure/AutoConfigurationPackage
instanceKlass com/fasterxml/jackson/databind/JsonDeserializer
instanceKlass com/fasterxml/jackson/databind/deser/NullValueProvider
instanceKlass com/fasterxml/jackson/databind/ser/SerializerCache
instanceKlass com/fasterxml/jackson/databind/ser/ResolvableSerializer
instanceKlass org/springframework/context/annotation/Configuration
instanceKlass org/springframework/context/annotation/ComponentScan$Filter
instanceKlass  @bci org/springframework/core/annotation/AnnotationTypeMapping resolveAliasedForTargets ()Ljava/util/Map; 58 <appendix> argL0 ; # org/springframework/core/annotation/AnnotationTypeMapping$$Lambda+0x000001f74b1a8278
instanceKlass com/fasterxml/jackson/databind/ser/ContextualSerializer
instanceKlass com/fasterxml/jackson/databind/jsonschema/SchemaAware
instanceKlass org/springframework/core/annotation/TypeMappedAnnotations$IsPresent
instanceKlass org/springframework/context/annotation/Conditional
instanceKlass com/fasterxml/jackson/databind/JsonSerializer
instanceKlass com/fasterxml/jackson/databind/jsonFormatVisitors/JsonFormatVisitable
instanceKlass org/springframework/context/annotation/Import
instanceKlass org/springframework/cloud/client/discovery/EnableDiscoveryClient
instanceKlass com/fasterxml/jackson/databind/node/JsonNodeFactory
instanceKlass org/springframework/context/annotation/ComponentScan
instanceKlass com/fasterxml/jackson/databind/node/JsonNodeCreator
instanceKlass org/springframework/boot/autoconfigure/EnableAutoConfiguration
instanceKlass org/springframework/boot/SpringBootConfiguration
instanceKlass  @bci sun/reflect/annotation/AnnotationParser parseClassArray (ILjava/nio/ByteBuffer;Ljdk/internal/reflect/ConstantPool;Ljava/lang/Class;)Ljava/lang/Object; 10 <appendix> member <vmtarget> ; # sun/reflect/annotation/AnnotationParser$$Lambda+0x000001f74b0aac30
instanceKlass org/springframework/boot/autoconfigure/SpringBootApplication
instanceKlass com/fasterxml/jackson/databind/cfg/ContextAttributes
instanceKlass org/springframework/core/type/StandardClassMetadata
instanceKlass com/fasterxml/jackson/databind/cfg/DatatypeFeature
instanceKlass com/fasterxml/jackson/databind/cfg/DatatypeFeatures$DefaultHolder
instanceKlass org/springframework/core/type/AnnotationMetadata
instanceKlass org/springframework/core/type/ClassMetadata
instanceKlass com/fasterxml/jackson/databind/cfg/DatatypeFeatures
instanceKlass com/fasterxml/jackson/core/util/DefaultPrettyPrinter$NopIndenter
instanceKlass com/fasterxml/jackson/core/util/Separators
instanceKlass  @bci org/springframework/beans/factory/xml/XmlBeanDefinitionReader <init> (Lorg/springframework/beans/factory/support/BeanDefinitionRegistry;)V 94 <appendix> argL0 ; # org/springframework/beans/factory/xml/XmlBeanDefinitionReader$$Lambda+0x000001f74b19cbe0
instanceKlass com/fasterxml/jackson/core/util/DefaultPrettyPrinter
instanceKlass com/fasterxml/jackson/core/util/Instantiatable
instanceKlass org/springframework/util/xml/XmlValidationModeDetector
instanceKlass org/springframework/util/xml/SimpleSaxErrorHandler
instanceKlass com/fasterxml/jackson/databind/cfg/ConfigFeature
instanceKlass org/springframework/beans/factory/xml/DefaultDocumentLoader
instanceKlass com/fasterxml/jackson/databind/cfg/ConfigOverride
instanceKlass org/springframework/beans/factory/parsing/NullSourceExtractor
instanceKlass com/fasterxml/jackson/annotation/JsonFormat$Features
instanceKlass org/springframework/beans/factory/parsing/EmptyReaderEventListener
instanceKlass com/fasterxml/jackson/annotation/JsonFormat$Value
instanceKlass org/springframework/beans/factory/parsing/FailFastProblemReporter
instanceKlass org/springframework/beans/factory/xml/DefaultBeanDefinitionDocumentReader
instanceKlass org/springframework/beans/factory/xml/BeanDefinitionDocumentReader
instanceKlass org/springframework/beans/factory/support/DefaultBeanNameGenerator
instanceKlass org/springframework/beans/factory/xml/NamespaceHandlerResolver
instanceKlass com/fasterxml/jackson/databind/cfg/CoercionConfig
instanceKlass org/xml/sax/EntityResolver
instanceKlass org/xml/sax/ErrorHandler
instanceKlass org/springframework/beans/factory/xml/DocumentLoader
instanceKlass org/springframework/beans/factory/parsing/SourceExtractor
instanceKlass com/fasterxml/jackson/databind/cfg/CoercionConfigs
instanceKlass org/springframework/beans/factory/parsing/ReaderEventListener
instanceKlass org/springframework/beans/factory/parsing/ProblemReporter
instanceKlass com/fasterxml/jackson/databind/introspect/VisibilityChecker$Std
instanceKlass org/springframework/beans/factory/support/AbstractBeanDefinitionReader
instanceKlass org/springframework/beans/factory/support/BeanDefinitionReader
instanceKlass org/springframework/boot/BeanDefinitionLoader
instanceKlass com/fasterxml/jackson/annotation/JsonSetter$Value
instanceKlass org/springframework/boot/SpringApplication$PropertySourceOrderingBeanFactoryPostProcessor
instanceKlass com/fasterxml/jackson/annotation/JsonInclude$Value
instanceKlass com/fasterxml/jackson/annotation/JacksonAnnotationValue
instanceKlass  @bci org/springframework/boot/SpringApplication quoteProfiles ([Ljava/lang/String;)Ljava/util/List; 4 <appendix> argL0 ; # org/springframework/boot/SpringApplication$$Lambda+0x000001f74b196770
instanceKlass com/fasterxml/jackson/databind/cfg/ConfigOverrides
instanceKlass  @bci org/springframework/boot/StartupInfoLogger logStarting (Lorg/apache/commons/logging/Log;)V 23 <appendix> member <vmtarget> ; # org/springframework/boot/StartupInfoLogger$$Lambda+0x000001f74b1962a0
instanceKlass ch/qos/logback/core/pattern/SpacePadder
instanceKlass java/time/LocalTime$1
instanceKlass java/time/format/DateTimeFormatterBuilder$2
instanceKlass java/time/LocalDate$1
instanceKlass java/time/ZonedDateTime$1
instanceKlass com/fasterxml/jackson/databind/introspect/AnnotatedClass$Creators
instanceKlass java/time/temporal/TemporalQueries$7
instanceKlass java/time/temporal/TemporalQueries$6
instanceKlass java/time/temporal/TemporalQueries$5
instanceKlass java/time/temporal/TemporalQueries$4
instanceKlass java/time/temporal/TemporalQueries$3
instanceKlass java/time/temporal/TemporalQueries$2
instanceKlass java/time/temporal/TemporalQueries$1
instanceKlass java/time/temporal/TemporalQueries
instanceKlass java/time/format/DateTimePrintContext
instanceKlass ch/qos/logback/core/util/StringUtil
instanceKlass com/fasterxml/jackson/databind/introspect/AnnotationCollector$NoAnnotations
instanceKlass ch/qos/logback/classic/spi/EventArgUtil
instanceKlass com/fasterxml/jackson/databind/util/Annotations
instanceKlass com/fasterxml/jackson/databind/introspect/AnnotationCollector
instanceKlass ch/qos/logback/classic/spi/IThrowableProxy
instanceKlass com/fasterxml/jackson/databind/introspect/AnnotatedClassResolver
instanceKlass ch/qos/logback/classic/spi/LoggingEvent
instanceKlass  @bci org/springframework/boot/StartupInfoLogger appendContext (Ljava/lang/StringBuilder;)V 55 <appendix> argL0 ; # org/springframework/boot/StartupInfoLogger$$Lambda+0x000001f74b194a10
instanceKlass  @bci org/springframework/boot/StartupInfoLogger appendContext (Ljava/lang/StringBuilder;)V 43 <appendix> argL0 ; # org/springframework/boot/StartupInfoLogger$$Lambda+0x000001f74b1943c8
instanceKlass org/springframework/boot/system/ApplicationHome
instanceKlass com/fasterxml/jackson/databind/BeanDescription
instanceKlass  @bci org/springframework/boot/StartupInfoLogger appendPid (Ljava/lang/StringBuilder;)V 5 <appendix> member <vmtarget> ; # org/springframework/boot/StartupInfoLogger$$Lambda+0x000001f74b1937d8
instanceKlass  @bci org/springframework/boot/StartupInfoLogger appendJavaVersion (Ljava/lang/StringBuilder;)V 4 <appendix> argL0 ; # org/springframework/boot/StartupInfoLogger$$Lambda+0x000001f74b1935a8
instanceKlass com/fasterxml/jackson/databind/cfg/MapperConfig
instanceKlass  @bci org/springframework/boot/StartupInfoLogger appendApplicationVersion (Ljava/lang/StringBuilder;)V 5 <appendix> member <vmtarget> ; # org/springframework/boot/StartupInfoLogger$$Lambda+0x000001f74b193370
instanceKlass  @bci org/springframework/boot/StartupInfoLogger appendApplicationName (Ljava/lang/StringBuilder;)V 5 <appendix> member <vmtarget> ; # org/springframework/boot/StartupInfoLogger$$Lambda+0x000001f74b193138
instanceKlass com/fasterxml/jackson/databind/introspect/SimpleMixInResolver
instanceKlass com/fasterxml/jackson/databind/introspect/ClassIntrospector$MixInResolver
instanceKlass  @bci org/springframework/boot/StartupInfoLogger appendAotMode (Ljava/lang/StringBuilder;)V 4 <appendix> argL0 ; # org/springframework/boot/StartupInfoLogger$$Lambda+0x000001f74b192c80
instanceKlass com/fasterxml/jackson/databind/util/RootNameLookup
instanceKlass  @bci org/springframework/boot/StartupInfoLogger logStarting (Lorg/apache/commons/logging/Log;)V 8 <appendix> member <vmtarget> ; # org/springframework/boot/StartupInfoLogger$$Lambda+0x000001f74b192810
instanceKlass com/fasterxml/jackson/core/sym/CharsToNameCanonicalizer$Bucket
instanceKlass org/springframework/boot/StartupInfoLogger
instanceKlass com/fasterxml/jackson/core/sym/CharsToNameCanonicalizer$TableInfo
instanceKlass com/fasterxml/jackson/core/sym/CharsToNameCanonicalizer
instanceKlass  @bci org/springframework/cloud/bootstrap/TextEncryptorConfigBootstrapper lambda$initialize$1 (Lorg/springframework/boot/BootstrapContext;)Lorg/springframework/cloud/bootstrap/encrypt/RsaProperties; 18 <appendix> argL0 ; # org/springframework/cloud/bootstrap/TextEncryptorConfigBootstrapper$$Lambda+0x000001f74b191940
instanceKlass com/fasterxml/jackson/core/ErrorReportConfiguration
instanceKlass com/fasterxml/jackson/core/StreamWriteConstraints
instanceKlass com/fasterxml/jackson/core/StreamReadConstraints
instanceKlass com/fasterxml/jackson/core/util/RecyclerPool$WithPool
instanceKlass com/fasterxml/jackson/core/util/RecyclerPool$ThreadLocalPoolBase
instanceKlass  @bci org/springframework/cloud/bootstrap/TextEncryptorConfigBootstrapper lambda$initialize$0 (Lorg/springframework/boot/BootstrapContext;)Lorg/springframework/cloud/bootstrap/encrypt/KeyProperties; 18 <appendix> argL0 ; # org/springframework/cloud/bootstrap/TextEncryptorConfigBootstrapper$$Lambda+0x000001f74b190b08
instanceKlass com/fasterxml/jackson/core/util/RecyclerPool
instanceKlass com/fasterxml/jackson/core/util/JsonRecyclerPools
instanceKlass com/fasterxml/jackson/core/sym/ByteQuadsCanonicalizer$TableInfo
instanceKlass com/fasterxml/jackson/core/sym/ByteQuadsCanonicalizer
instanceKlass com/fasterxml/jackson/core/io/CharTypes
instanceKlass com/fasterxml/jackson/core/io/JsonStringEncoder
instanceKlass com/fasterxml/jackson/core/io/SerializedString
instanceKlass com/fasterxml/jackson/core/util/JacksonFeature
instanceKlass  @bci org/springframework/boot/DefaultBootstrapContext get (Ljava/lang/Class;)Ljava/lang/Object; 3 <appendix> member <vmtarget> ; # org/springframework/boot/DefaultBootstrapContext$$Lambda+0x000001f74b18d838
instanceKlass org/springframework/core/ResolvableType$WildcardBounds
instanceKlass  @bci org/springframework/boot/SpringApplicationRunListeners contextPrepared (Lorg/springframework/context/ConfigurableApplicationContext;)V 4 <appendix> member <vmtarget> ; # org/springframework/boot/SpringApplicationRunListeners$$Lambda+0x000001f74b18be10
instanceKlass com/fasterxml/jackson/core/async/ByteBufferFeeder
instanceKlass org/springframework/boot/autoconfigure/logging/ConditionEvaluationReportLogger
instanceKlass  @bci org/springframework/boot/autoconfigure/logging/ConditionEvaluationReportLoggingListener$ConditionEvaluationReportListener <init> (Lorg/springframework/boot/autoconfigure/logging/ConditionEvaluationReportLoggingListener;Lorg/springframework/context/ConfigurableApplicationContext;)V 29 <appendix> member <vmtarget> ; # org/springframework/boot/autoconfigure/logging/ConditionEvaluationReportLoggingListener$ConditionEvaluationReportListener$$Lambda+0x000001f74b18a678
instanceKlass org/springframework/boot/autoconfigure/condition/ConditionEvaluationReport$AncestorsMatchedCondition
instanceKlass org/springframework/context/annotation/Condition
instanceKlass org/springframework/boot/autoconfigure/condition/ConditionEvaluationReport
instanceKlass org/springframework/boot/autoconfigure/logging/ConditionEvaluationReportLoggingListener$ConditionEvaluationReportListener
instanceKlass com/fasterxml/jackson/core/async/ByteArrayFeeder
instanceKlass com/fasterxml/jackson/core/async/NonBlockingInputFeeder
instanceKlass com/fasterxml/jackson/core/TSFBuilder
instanceKlass com/fasterxml/jackson/core/SerializableString
instanceKlass org/springframework/boot/rsocket/context/RSocketPortInfoApplicationContextInitializer$Listener
instanceKlass com/fasterxml/jackson/databind/cfg/DefaultCacheProvider
instanceKlass com/fasterxml/jackson/databind/cfg/CacheProvider
instanceKlass  @bci org/springframework/boot/io/ProtocolResolverApplicationContextInitializer initialize (Lorg/springframework/context/ConfigurableApplicationContext;)V 24 <appendix> member <vmtarget> ; # org/springframework/boot/io/ProtocolResolverApplicationContextInitializer$$Lambda+0x000001f74b1891c0
instanceKlass org/springframework/boot/io/Base64ProtocolResolver
instanceKlass com/fasterxml/jackson/databind/introspect/AccessorNamingStrategy
instanceKlass org/springframework/core/io/ProtocolResolver
instanceKlass org/springframework/boot/context/ConfigurationWarningsApplicationContextInitializer$ComponentScanPackageCheck
instanceKlass org/springframework/boot/context/ConfigurationWarningsApplicationContextInitializer$Check
instanceKlass com/fasterxml/jackson/core/Base64Variant
instanceKlass org/springframework/boot/context/ConfigurationWarningsApplicationContextInitializer$ConfigurationWarningsPostProcessor
instanceKlass com/fasterxml/jackson/core/Base64Variants
instanceKlass org/springframework/boot/devtools/restart/RestartScopeInitializer$RestartScope
instanceKlass java/text/DigitList
instanceKlass  @bci org/springframework/beans/factory/support/DefaultListableBeanFactory registerSingleton (Ljava/lang/String;Ljava/lang/Object;)V 15 <appendix> member <vmtarget> ; # org/springframework/beans/factory/support/DefaultListableBeanFactory$$Lambda+0x000001f74b185bc8
instanceKlass java/text/FieldPosition
instanceKlass  @bci org/springframework/beans/factory/support/DefaultListableBeanFactory registerSingleton (Ljava/lang/String;Ljava/lang/Object;)V 8 <appendix> member <vmtarget> ; # org/springframework/beans/factory/support/DefaultListableBeanFactory$$Lambda+0x000001f74b185980
instanceKlass  @bci org/springframework/beans/factory/support/DefaultListableBeanFactory addSingleton (Ljava/lang/String;Ljava/lang/Object;)V 7 <appendix> member <vmtarget> ; # org/springframework/beans/factory/support/DefaultListableBeanFactory$$Lambda+0x000001f74b185718
instanceKlass java/text/DecimalFormatSymbols
instanceKlass org/springframework/boot/context/ContextIdApplicationContextInitializer$ContextId
instanceKlass org/springframework/boot/autoconfigure/SharedMetadataReaderFactoryContextInitializer$CachingMetadataReaderFactoryPostProcessor
instanceKlass  @bci org/springframework/context/index/CandidateComponentsIndexLoader loadIndex (Ljava/lang/ClassLoader;)Lorg/springframework/context/index/CandidateComponentsIndex; 16 <appendix> argL0 ; # org/springframework/context/index/CandidateComponentsIndexLoader$$Lambda+0x000001f74b185000
instanceKlass org/springframework/context/index/CandidateComponentsIndex
instanceKlass org/springframework/context/index/CandidateComponentsIndexLoader
instanceKlass java/text/DateFormatSymbols
instanceKlass sun/util/resources/Bundles$CacheKeyReference
instanceKlass java/util/ResourceBundle$ResourceBundleProviderHelper
instanceKlass  @bci sun/util/cldr/CLDRLocaleProviderAdapter applyAliases (Ljava/util/Locale;)Ljava/util/Locale; 4 <appendix> argL0 ; # sun/util/cldr/CLDRLocaleProviderAdapter$$Lambda+0x80000005f
instanceKlass  @bci org/springframework/core/io/DefaultResourceLoader getResourceCache (Ljava/lang/Class;)Ljava/util/Map; 5 <appendix> argL0 ; # org/springframework/core/io/DefaultResourceLoader$$Lambda+0x000001f74b187928
instanceKlass sun/util/resources/Bundles$CacheKey
instanceKlass java/util/ResourceBundle$1
instanceKlass jdk/internal/access/JavaUtilResourceBundleAccess
instanceKlass sun/util/resources/Bundles
instanceKlass sun/util/resources/LocaleData$LocaleDataStrategy
instanceKlass sun/util/resources/Bundles$Strategy
instanceKlass sun/util/resources/LocaleData
instanceKlass sun/util/locale/provider/LocaleResources
instanceKlass org/springframework/core/type/classreading/MetadataReader
instanceKlass org/springframework/core/type/classreading/SimpleMetadataReaderFactory
instanceKlass org/springframework/core/io/support/ResourcePatternUtils
instanceKlass jakarta/inject/Named
instanceKlass javax/annotation/ManagedBean
instanceKlass java/lang/Deprecated
instanceKlass jakarta/annotation/ManagedBean
instanceKlass org/springframework/stereotype/Indexed
instanceKlass org/springframework/stereotype/Component
instanceKlass org/springframework/core/type/filter/AbstractTypeHierarchyTraversingFilter
instanceKlass org/springframework/core/type/filter/TypeFilter
instanceKlass org/springframework/beans/factory/support/BeanDefinitionDefaults
instanceKlass  @bci sun/util/locale/provider/LocaleProviderAdapter toLocaleArray (Ljava/util/Set;)[Ljava/util/Locale; 21 <appendix> argL0 ; # sun/util/locale/provider/LocaleProviderAdapter$$Lambda+0x800000062
instanceKlass  @bci sun/util/locale/provider/LocaleProviderAdapter toLocaleArray (Ljava/util/Set;)[Ljava/util/Locale; 6 <appendix> argL0 ; # sun/util/locale/provider/LocaleProviderAdapter$$Lambda+0x800000060
instanceKlass org/springframework/core/type/classreading/MetadataReaderFactory
instanceKlass  @bci java/util/ResourceBundle$Control getCandidateLocales (Ljava/lang/String;Ljava/util/Locale;)Ljava/util/List; 23 <appendix> argL0 ; # java/util/ResourceBundle$Control$$Lambda+0x80000001e
instanceKlass  @bci java/util/ResourceBundle$Control <clinit> ()V 39 <appendix> argL0 ; # java/util/ResourceBundle$Control$$Lambda+0x80000001f
instanceKlass java/util/ResourceBundle
instanceKlass org/springframework/context/annotation/ClassPathScanningCandidateComponentProvider
instanceKlass java/util/ResourceBundle$Control
instanceKlass sun/util/locale/provider/CalendarDataUtility$CalendarWeekParameterGetter
instanceKlass sun/util/locale/provider/LocaleServiceProviderPool$LocalizedObjectGetter
instanceKlass sun/util/locale/provider/LocaleServiceProviderPool
instanceKlass java/util/Locale$Builder
instanceKlass sun/util/locale/provider/CalendarDataUtility
instanceKlass java/util/Calendar$Builder
instanceKlass org/springframework/context/event/DefaultEventListenerFactory
instanceKlass org/springframework/context/event/EventListenerFactory
instanceKlass org/springframework/context/event/EventListenerMethodProcessor
instanceKlass org/springframework/beans/factory/SmartInitializingSingleton
instanceKlass sun/util/locale/provider/AvailableLanguageTags
instanceKlass org/springframework/beans/factory/annotation/InitDestroyAnnotationBeanPostProcessor
instanceKlass org/springframework/beans/factory/config/DestructionAwareBeanPostProcessor
instanceKlass sun/util/resources/cldr/provider/CLDRLocaleDataMetaInfo
instanceKlass java/util/Locale$LocaleCache
instanceKlass jdk/internal/util/ReferencedKeyMap$1
instanceKlass sun/util/locale/BaseLocale$1InterningCache
instanceKlass sun/util/locale/InternalLocaleBuilder$CaseInsensitiveChar
instanceKlass sun/util/locale/InternalLocaleBuilder
instanceKlass sun/util/locale/StringTokenIterator
instanceKlass sun/util/locale/ParseStatus
instanceKlass org/springframework/beans/factory/annotation/AutowiredAnnotationBeanPostProcessor
instanceKlass sun/util/locale/LanguageTag
instanceKlass sun/util/cldr/CLDRBaseLocaleDataMetaInfo
instanceKlass sun/util/locale/provider/LocaleDataMetaInfo
instanceKlass sun/util/locale/provider/ResourceBundleBasedAdapter
instanceKlass org/springframework/beans/factory/support/MergedBeanDefinitionPostProcessor
instanceKlass sun/util/locale/provider/LocaleProviderAdapter
instanceKlass java/util/spi/LocaleServiceProvider
instanceKlass org/springframework/beans/factory/config/SmartInstantiationAwareBeanPostProcessor
instanceKlass java/text/AttributedCharacterIterator$Attribute
instanceKlass org/springframework/beans/factory/config/InstantiationAwareBeanPostProcessor
instanceKlass com/fasterxml/jackson/databind/type/TypeBindings
instanceKlass org/springframework/beans/factory/config/BeanDefinitionHolder
instanceKlass  @bci org/springframework/beans/factory/support/DefaultListableBeanFactory removeManualSingletonName (Ljava/lang/String;)V 8 <appendix> member <vmtarget> ; # org/springframework/beans/factory/support/DefaultListableBeanFactory$$Lambda+0x000001f74b1828a0
instanceKlass com/fasterxml/jackson/databind/type/TypeParser
instanceKlass  @bci org/springframework/beans/factory/support/DefaultListableBeanFactory removeManualSingletonName (Ljava/lang/String;)V 2 <appendix> member <vmtarget> ; # org/springframework/beans/factory/support/DefaultListableBeanFactory$$Lambda+0x000001f74b182408
instanceKlass org/springframework/beans/factory/support/MethodOverrides
instanceKlass org/springframework/context/annotation/ConfigurationClassPostProcessor
instanceKlass org/springframework/context/EnvironmentAware
instanceKlass org/springframework/context/ApplicationStartupAware
instanceKlass org/springframework/context/ResourceLoaderAware
instanceKlass org/springframework/beans/factory/aot/BeanRegistrationAotProcessor
instanceKlass org/springframework/beans/factory/support/BeanDefinitionRegistryPostProcessor
instanceKlass com/fasterxml/jackson/databind/type/TypeFactory
instanceKlass com/fasterxml/jackson/databind/cfg/BaseSettings
instanceKlass jakarta/inject/Qualifier
instanceKlass java/util/concurrent/atomic/AtomicReferenceArray
instanceKlass org/springframework/beans/factory/annotation/Qualifier
instanceKlass java/util/concurrent/atomic/AtomicLongArray
instanceKlass org/springframework/aop/TargetSource
instanceKlass java/util/concurrent/ConcurrentLinkedQueue$Node
instanceKlass com/fasterxml/jackson/databind/util/internal/Linked
instanceKlass javax/annotation/PostConstruct
instanceKlass jakarta/annotation/PostConstruct
instanceKlass com/fasterxml/jackson/databind/util/internal/PrivateMaxEntriesMap$Builder
instanceKlass org/springframework/context/annotation/AnnotationConfigUtils
instanceKlass com/fasterxml/jackson/databind/util/LRUMap
instanceKlass com/fasterxml/jackson/databind/util/LookupCache
instanceKlass java/beans/ConstructorProperties
instanceKlass java/beans/Transient
instanceKlass org/springframework/context/annotation/ConditionEvaluator$ConditionContextImpl
instanceKlass com/fasterxml/jackson/databind/util/ClassUtil$Ctor
instanceKlass org/springframework/context/annotation/ConditionContext
instanceKlass org/springframework/context/annotation/ConditionEvaluator
instanceKlass com/fasterxml/jackson/databind/util/ClassUtil
instanceKlass org/springframework/context/annotation/Scope
instanceKlass org/springframework/context/annotation/AnnotationScopeMetadataResolver
instanceKlass java/util/RegularEnumSet$EnumSetIterator
instanceKlass com/fasterxml/jackson/databind/ext/Java7Support
instanceKlass com/fasterxml/jackson/annotation/JsonMerge
instanceKlass com/fasterxml/jackson/databind/annotation/JsonDeserialize
instanceKlass com/fasterxml/jackson/annotation/JsonManagedReference
instanceKlass com/fasterxml/jackson/annotation/JsonBackReference
instanceKlass com/fasterxml/jackson/annotation/JsonUnwrapped
instanceKlass org/springframework/context/annotation/AnnotationBeanNameGenerator
instanceKlass com/fasterxml/jackson/annotation/JsonRawValue
instanceKlass com/fasterxml/jackson/annotation/JsonTypeInfo
instanceKlass com/fasterxml/jackson/annotation/JsonFormat
instanceKlass org/springframework/beans/factory/annotation/AnnotatedBeanDefinition
instanceKlass com/fasterxml/jackson/annotation/JsonView
instanceKlass org/springframework/core/type/AnnotatedTypeMetadata
instanceKlass com/fasterxml/jackson/databind/annotation/JsonSerialize
instanceKlass org/springframework/context/annotation/ScopeMetadataResolver
instanceKlass org/springframework/beans/factory/support/BeanNameGenerator
instanceKlass org/springframework/context/annotation/AnnotatedBeanDefinitionReader
instanceKlass org/springframework/beans/factory/support/SimpleAutowireCandidateResolver
instanceKlass com/fasterxml/jackson/databind/introspect/ConcreteBeanPropertyBase
instanceKlass com/fasterxml/jackson/databind/BeanProperty
instanceKlass org/springframework/beans/factory/support/SimpleInstantiationStrategy
instanceKlass org/springframework/beans/factory/BeanNameAware
instanceKlass com/fasterxml/jackson/databind/introspect/BeanPropertyDefinition
instanceKlass com/fasterxml/jackson/databind/util/Named
instanceKlass jakarta/inject/Provider
instanceKlass com/fasterxml/jackson/databind/introspect/TypeResolutionContext
instanceKlass com/fasterxml/jackson/databind/introspect/Annotated
instanceKlass org/springframework/beans/factory/ObjectProvider
instanceKlass org/springframework/beans/factory/ObjectFactory
instanceKlass org/springframework/beans/factory/support/AutowireCandidateResolver
instanceKlass org/springframework/beans/PropertyValues
instanceKlass org/springframework/util/ReflectionUtils$MethodCallback
instanceKlass com/fasterxml/jackson/databind/JsonSerializable$Base
instanceKlass org/springframework/beans/factory/InjectionPoint
instanceKlass com/fasterxml/jackson/core/TreeNode
instanceKlass org/springframework/core/AttributeAccessorSupport
instanceKlass com/fasterxml/jackson/core/JsonParser
instanceKlass org/springframework/beans/factory/support/InstantiationStrategy
instanceKlass org/springframework/beans/BeanWrapper
instanceKlass org/springframework/beans/ConfigurablePropertyAccessor
instanceKlass org/springframework/beans/PropertyAccessor
instanceKlass com/fasterxml/jackson/databind/JsonSerializable
instanceKlass org/springframework/beans/factory/DisposableBean
instanceKlass com/fasterxml/jackson/core/type/ResolvedType
instanceKlass com/fasterxml/jackson/core/util/BufferRecycler$Gettable
instanceKlass com/fasterxml/jackson/databind/introspect/VisibilityChecker
instanceKlass com/fasterxml/jackson/databind/introspect/ClassIntrospector
instanceKlass com/fasterxml/jackson/databind/Module$SetupContext
instanceKlass com/fasterxml/jackson/databind/jsontype/TypeResolverBuilder
instanceKlass org/springframework/core/SimpleAliasRegistry
instanceKlass com/fasterxml/jackson/databind/jsontype/PolymorphicTypeValidator
instanceKlass com/fasterxml/jackson/databind/introspect/AccessorNamingStrategy$Provider
instanceKlass com/fasterxml/jackson/databind/AnnotationIntrospector
instanceKlass org/springframework/util/AntPathMatcher$PathSeparatorPatternCache
instanceKlass com/fasterxml/jackson/databind/ser/SerializerFactory
instanceKlass org/springframework/util/AntPathMatcher
instanceKlass  @bci org/springframework/core/io/support/PathMatchingResourcePatternResolver <clinit> ()V 64 <appendix> argL0 ; # org/springframework/core/io/support/PathMatchingResourcePatternResolver$$Lambda+0x000001f74b16e128
instanceKlass  @bci org/springframework/core/io/support/PathMatchingResourcePatternResolver <clinit> ()V 40 <appendix> argL0 ; # org/springframework/core/io/support/PathMatchingResourcePatternResolver$$Lambda+0x000001f74b16ded8
instanceKlass com/fasterxml/jackson/databind/deser/DeserializerFactory
instanceKlass com/fasterxml/jackson/databind/DatabindContext
instanceKlass org/springframework/util/PathMatcher
instanceKlass org/springframework/core/io/support/PathMatchingResourcePatternResolver
instanceKlass com/fasterxml/jackson/databind/jsontype/SubtypeResolver
instanceKlass com/fasterxml/jackson/core/TokenStreamFactory
instanceKlass org/springframework/beans/factory/config/BeanDefinition
instanceKlass org/springframework/beans/BeanMetadataElement
instanceKlass org/springframework/core/AttributeAccessor
instanceKlass org/springframework/beans/factory/config/ConfigurableListableBeanFactory
instanceKlass java/text/Format
instanceKlass com/fasterxml/jackson/databind/cfg/HandlerInstantiator
instanceKlass org/springframework/context/LifecycleProcessor
instanceKlass com/fasterxml/jackson/databind/Module
instanceKlass org/springframework/beans/factory/config/BeanPostProcessor
instanceKlass org/springframework/http/converter/json/Jackson2ObjectMapperBuilder
instanceKlass org/springframework/beans/PropertyEditorRegistrar
instanceKlass org/springframework/beans/factory/config/BeanExpressionResolver
instanceKlass org/springframework/beans/factory/config/AutowireCapableBeanFactory
instanceKlass com/fasterxml/jackson/core/PrettyPrinter
instanceKlass com/fasterxml/jackson/core/util/DefaultPrettyPrinter$Indenter
instanceKlass org/springframework/ui/context/ThemeSource
instanceKlass org/springframework/http/converter/GenericHttpMessageConverter
instanceKlass org/springframework/boot/web/context/ConfigurableWebServerApplicationContext
instanceKlass org/apache/commons/logging/impl/NoOpLog
instanceKlass org/springframework/boot/web/context/WebServerApplicationContext
instanceKlass org/springframework/core/log/CompositeLog
instanceKlass org/springframework/context/annotation/AnnotationConfigRegistry
instanceKlass  @bci org/springframework/boot/DefaultApplicationContextFactory create (Lorg/springframework/boot/WebApplicationType;)Lorg/springframework/context/ConfigurableApplicationContext; 8 <appendix> member <vmtarget> ; # org/springframework/boot/DefaultApplicationContextFactory$$Lambda+0x000001f74b1648a0
instanceKlass org/springframework/core/log/LogDelegateFactory
instanceKlass  @bci org/springframework/boot/DefaultApplicationContextFactory create (Lorg/springframework/boot/WebApplicationType;)Lorg/springframework/context/ConfigurableApplicationContext; 2 <appendix> argL0 ; # org/springframework/boot/DefaultApplicationContextFactory$$Lambda+0x000001f74b164240
instanceKlass org/springframework/http/HttpLogging
instanceKlass org/springframework/boot/SpringApplicationBannerPrinter$PrintedBanner
instanceKlass org/springframework/http/converter/AbstractHttpMessageConverter
# instanceKlass java/lang/invoke/LambdaForm$MH+0x000001f74b160800
instanceKlass org/springframework/util/MimeType$SpecificityComparator
instanceKlass  @bci org/springframework/cglib/core/MethodWrapper$MethodWrapperKey hashCode ()I 1 <appendix> argL1 form vmentry <vmtarget> ; # java/lang/invoke/LambdaForm$MH+0x000001f74b160400
instanceKlass  @bci org/springframework/http/MediaType <clinit> ()V 502 <appendix> argL0 ; # org/springframework/http/MediaType$$Lambda+0x000001f74b15efa0
instanceKlass sun/invoke/util/ValueConversions$WrapperCache
instanceKlass  @cpi com/netflix/discovery/shared/Applications 322 form vmentry <vmtarget> ; # java/lang/invoke/LambdaForm$DMH+0x000001f74b160000
instanceKlass  @bci org/springframework/util/MimeType <init> (Ljava/lang/String;Ljava/lang/String;Ljava/util/Map;)V 77 <appendix> member <vmtarget> ; # org/springframework/util/MimeType$$Lambda+0x000001f74b15ed58
instanceKlass java/io/Console$1
instanceKlass jdk/internal/access/JavaIOAccess
instanceKlass org/springframework/util/LinkedCaseInsensitiveMap
instanceKlass jdk/internal/io/JdkConsoleImpl
instanceKlass jdk/internal/org/jline/JdkConsoleProviderImpl$LazyDelegatingJdkConsoleImpl
instanceKlass jdk/internal/org/jline/JdkConsoleProviderImpl
instanceKlass jdk/internal/io/JdkConsole
instanceKlass jdk/jshell/execution/impl/ConsoleImpl$ConsoleProviderImpl
instanceKlass org/springframework/util/MimeType
instanceKlass java/util/ServiceLoader$LayerLookupIterator
instanceKlass jdk/internal/io/JdkConsoleProvider
instanceKlass java/io/Console
instanceKlass org/springframework/boot/SpringBootVersion
instanceKlass com/google/gson/Gson
instanceKlass org/springframework/core/io/ContextResource
instanceKlass com/fasterxml/jackson/core/JsonGenerator
instanceKlass org/springframework/boot/SpringBootBanner
instanceKlass org/springframework/boot/Banner
instanceKlass org/springframework/boot/SpringApplicationBannerPrinter
instanceKlass com/fasterxml/jackson/core/TreeCodec
instanceKlass  @bci org/springframework/boot/DefaultApplicationContextFactory getEnvironmentType (Lorg/springframework/boot/WebApplicationType;)Ljava/lang/Class; 2 <appendix> argL0 ; # org/springframework/boot/DefaultApplicationContextFactory$$Lambda+0x000001f74b15b680
instanceKlass org/springframework/boot/EnvironmentConverter
instanceKlass com/fasterxml/jackson/core/Versioned
instanceKlass org/springframework/http/StreamingHttpOutputMessage$Body
instanceKlass org/springframework/http/HttpOutputMessage
instanceKlass org/springframework/http/HttpMessage
instanceKlass org/springframework/http/converter/FormHttpMessageConverter
instanceKlass org/springframework/http/converter/HttpMessageConverter
instanceKlass org/springframework/boot/autoconfigure/BackgroundPreinitializer$MessageConverterInitializer
instanceKlass org/springframework/boot/autoconfigure/BackgroundPreinitializer$ValidationInitializer
instanceKlass org/springframework/boot/autoconfigure/BackgroundPreinitializer$ConversionServiceInitializer
instanceKlass org/springframework/boot/autoconfigure/BackgroundPreinitializer$1
instanceKlass  @bci org/springframework/boot/logging/logback/LogbackLoggingSystem getShutdownHandler ()Ljava/lang/Runnable; 1 <appendix> member <vmtarget> ; # org/springframework/boot/logging/logback/LogbackLoggingSystem$$Lambda+0x000001f74b159738
instanceKlass  @bci org/springframework/boot/context/logging/LoggingApplicationListener setLogLevels (Lorg/springframework/boot/logging/LoggingSystem;Lorg/springframework/core/env/ConfigurableEnvironment;)V 40 <appendix> member <vmtarget> ; # org/springframework/boot/context/logging/LoggingApplicationListener$$Lambda+0x000001f74b1594f0
instanceKlass  @bci org/springframework/boot/context/logging/LoggingApplicationListener setLogLevels (Lorg/springframework/boot/logging/LoggingSystem;Lorg/springframework/core/env/ConfigurableEnvironment;)V 23 <appendix> argL0 ; # org/springframework/boot/context/logging/LoggingApplicationListener$$Lambda+0x000001f74b1592c0
instanceKlass  @bci org/springframework/boot/context/logging/LoggingApplicationListener getLogLevelConfigurer (Lorg/springframework/boot/logging/LoggingSystem;)Ljava/util/function/BiConsumer; 2 <appendix> member <vmtarget> ; # org/springframework/boot/context/logging/LoggingApplicationListener$$Lambda+0x000001f74b159078
instanceKlass  @bci org/springframework/boot/context/logging/LoggingApplicationListener bindLoggerGroups (Lorg/springframework/core/env/ConfigurableEnvironment;)V 31 <appendix> member <vmtarget> ; # org/springframework/boot/context/logging/LoggingApplicationListener$$Lambda+0x000001f74b158e30
instanceKlass ch/qos/logback/classic/pattern/TargetLengthBasedClassNameAbbreviator
instanceKlass ch/qos/logback/core/pattern/ConverterUtil
instanceKlass ch/qos/logback/classic/pattern/NamedConverter$CacheMissCalculator
instanceKlass ch/qos/logback/core/pattern/FormatInfo
instanceKlass ch/qos/logback/core/pattern/util/AsIsEscapeUtil
instanceKlass ch/qos/logback/core/pattern/parser/OptionTokenizer
instanceKlass ch/qos/logback/core/pattern/util/RestrictedEscapeUtil
instanceKlass ch/qos/logback/core/pattern/parser/TokenStream
instanceKlass ch/qos/logback/core/pattern/util/RegularEscapeUtil
instanceKlass ch/qos/logback/classic/pattern/EnsureExceptionHandling
instanceKlass  @bci ch/qos/logback/classic/PatternLayout <clinit> ()V 1393 <appendix> argL0 ; # ch/qos/logback/classic/PatternLayout$$Lambda+0x000001f74b1562e0
instanceKlass  @bci ch/qos/logback/classic/PatternLayout <clinit> ()V 1358 <appendix> argL0 ; # ch/qos/logback/classic/PatternLayout$$Lambda+0x000001f74b155d58
instanceKlass  @bci ch/qos/logback/classic/PatternLayout <clinit> ()V 1341 <appendix> argL0 ; # ch/qos/logback/classic/PatternLayout$$Lambda+0x000001f74b155b28
instanceKlass  @bci ch/qos/logback/classic/PatternLayout <clinit> ()V 1306 <appendix> argL0 ; # ch/qos/logback/classic/PatternLayout$$Lambda+0x000001f74b1555c0
instanceKlass  @bci ch/qos/logback/classic/PatternLayout <clinit> ()V 1289 <appendix> argL0 ; # ch/qos/logback/classic/PatternLayout$$Lambda+0x000001f74b155058
instanceKlass  @bci ch/qos/logback/classic/PatternLayout <clinit> ()V 1272 <appendix> argL0 ; # ch/qos/logback/classic/PatternLayout$$Lambda+0x000001f74b154ad0
instanceKlass  @bci ch/qos/logback/classic/PatternLayout <clinit> ()V 1255 <appendix> argL0 ; # ch/qos/logback/classic/PatternLayout$$Lambda+0x000001f74b154550
instanceKlass  @bci ch/qos/logback/classic/PatternLayout <clinit> ()V 1238 <appendix> argL0 ; # ch/qos/logback/classic/PatternLayout$$Lambda+0x000001f74b153fd0
instanceKlass  @bci ch/qos/logback/classic/PatternLayout <clinit> ()V 1221 <appendix> argL0 ; # ch/qos/logback/classic/PatternLayout$$Lambda+0x000001f74b153a50
instanceKlass  @bci ch/qos/logback/classic/PatternLayout <clinit> ()V 1204 <appendix> argL0 ; # ch/qos/logback/classic/PatternLayout$$Lambda+0x000001f74b1534d0
instanceKlass  @bci ch/qos/logback/classic/PatternLayout <clinit> ()V 1188 <appendix> argL0 ; # ch/qos/logback/classic/PatternLayout$$Lambda+0x000001f74b152f50
instanceKlass  @bci ch/qos/logback/classic/PatternLayout <clinit> ()V 1172 <appendix> argL0 ; # ch/qos/logback/classic/PatternLayout$$Lambda+0x000001f74b1529d0
instanceKlass  @bci ch/qos/logback/classic/PatternLayout <clinit> ()V 1156 <appendix> argL0 ; # ch/qos/logback/classic/PatternLayout$$Lambda+0x000001f74b152450
instanceKlass  @bci ch/qos/logback/classic/PatternLayout <clinit> ()V 1140 <appendix> argL0 ; # ch/qos/logback/classic/PatternLayout$$Lambda+0x000001f74b151ed0
instanceKlass  @bci ch/qos/logback/classic/PatternLayout <clinit> ()V 1124 <appendix> argL0 ; # ch/qos/logback/classic/PatternLayout$$Lambda+0x000001f74b151950
instanceKlass  @bci ch/qos/logback/classic/PatternLayout <clinit> ()V 1108 <appendix> argL0 ; # ch/qos/logback/classic/PatternLayout$$Lambda+0x000001f74b1513d0
instanceKlass  @bci ch/qos/logback/classic/PatternLayout <clinit> ()V 1092 <appendix> argL0 ; # ch/qos/logback/classic/PatternLayout$$Lambda+0x000001f74b150e50
instanceKlass  @bci ch/qos/logback/classic/PatternLayout <clinit> ()V 1076 <appendix> argL0 ; # ch/qos/logback/classic/PatternLayout$$Lambda+0x000001f74b1508d0
instanceKlass  @bci ch/qos/logback/classic/PatternLayout <clinit> ()V 1060 <appendix> argL0 ; # ch/qos/logback/classic/PatternLayout$$Lambda+0x000001f74b150350
instanceKlass  @bci ch/qos/logback/classic/PatternLayout <clinit> ()V 1044 <appendix> argL0 ; # ch/qos/logback/classic/PatternLayout$$Lambda+0x000001f74b14fd68
instanceKlass  @bci ch/qos/logback/classic/PatternLayout <clinit> ()V 1028 <appendix> argL0 ; # ch/qos/logback/classic/PatternLayout$$Lambda+0x000001f74b14f7e8
instanceKlass  @bci ch/qos/logback/classic/PatternLayout <clinit> ()V 1012 <appendix> argL0 ; # ch/qos/logback/classic/PatternLayout$$Lambda+0x000001f74b14f268
instanceKlass  @bci ch/qos/logback/classic/PatternLayout <clinit> ()V 996 <appendix> argL0 ; # ch/qos/logback/classic/PatternLayout$$Lambda+0x000001f74b14ed00
instanceKlass  @bci ch/qos/logback/classic/PatternLayout <clinit> ()V 964 <appendix> argL0 ; # ch/qos/logback/classic/PatternLayout$$Lambda+0x000001f74b14e7a0
instanceKlass  @bci ch/qos/logback/classic/PatternLayout <clinit> ()V 932 <appendix> argL0 ; # ch/qos/logback/classic/PatternLayout$$Lambda+0x000001f74b14e230
instanceKlass  @bci ch/qos/logback/classic/PatternLayout <clinit> ()V 900 <appendix> argL0 ; # ch/qos/logback/classic/PatternLayout$$Lambda+0x000001f74b14dcc8
instanceKlass  @bci ch/qos/logback/classic/PatternLayout <clinit> ()V 868 <appendix> argL0 ; # ch/qos/logback/classic/PatternLayout$$Lambda+0x000001f74b14d760
instanceKlass  @bci ch/qos/logback/classic/PatternLayout <clinit> ()V 836 <appendix> argL0 ; # ch/qos/logback/classic/PatternLayout$$Lambda+0x000001f74b14d1e0
instanceKlass  @bci ch/qos/logback/classic/PatternLayout <clinit> ()V 820 <appendix> argL0 ; # ch/qos/logback/classic/PatternLayout$$Lambda+0x000001f74b14cfb0
instanceKlass  @bci ch/qos/logback/classic/PatternLayout <clinit> ()V 804 <appendix> argL0 ; # ch/qos/logback/classic/PatternLayout$$Lambda+0x000001f74b14ca48
instanceKlass  @bci ch/qos/logback/classic/PatternLayout <clinit> ()V 788 <appendix> argL0 ; # ch/qos/logback/classic/PatternLayout$$Lambda+0x000001f74b14c818
instanceKlass  @bci ch/qos/logback/classic/PatternLayout <clinit> ()V 772 <appendix> argL0 ; # ch/qos/logback/classic/PatternLayout$$Lambda+0x000001f74b14c2a8
instanceKlass  @bci ch/qos/logback/classic/PatternLayout <clinit> ()V 756 <appendix> argL0 ; # ch/qos/logback/classic/PatternLayout$$Lambda+0x000001f74b14c078
instanceKlass  @bci ch/qos/logback/classic/PatternLayout <clinit> ()V 740 <appendix> argL0 ; # ch/qos/logback/classic/PatternLayout$$Lambda+0x000001f74b14be48
instanceKlass  @bci ch/qos/logback/classic/PatternLayout <clinit> ()V 724 <appendix> argL0 ; # ch/qos/logback/classic/PatternLayout$$Lambda+0x000001f74b14bc18
instanceKlass  @bci ch/qos/logback/classic/PatternLayout <clinit> ()V 708 <appendix> argL0 ; # ch/qos/logback/classic/PatternLayout$$Lambda+0x000001f74b14b9e8
instanceKlass  @bci ch/qos/logback/classic/PatternLayout <clinit> ()V 692 <appendix> argL0 ; # ch/qos/logback/classic/PatternLayout$$Lambda+0x000001f74b14b7b8
instanceKlass  @bci ch/qos/logback/classic/PatternLayout <clinit> ()V 676 <appendix> argL0 ; # ch/qos/logback/classic/PatternLayout$$Lambda+0x000001f74b14b218
instanceKlass  @bci ch/qos/logback/classic/PatternLayout <clinit> ()V 660 <appendix> argL0 ; # ch/qos/logback/classic/PatternLayout$$Lambda+0x000001f74b14afe8
instanceKlass  @bci ch/qos/logback/classic/PatternLayout <clinit> ()V 644 <appendix> argL0 ; # ch/qos/logback/classic/PatternLayout$$Lambda+0x000001f74b14adb8
instanceKlass  @bci ch/qos/logback/classic/PatternLayout <clinit> ()V 628 <appendix> argL0 ; # ch/qos/logback/classic/PatternLayout$$Lambda+0x000001f74b14ab88
instanceKlass  @bci ch/qos/logback/classic/PatternLayout <clinit> ()V 596 <appendix> argL0 ; # ch/qos/logback/classic/PatternLayout$$Lambda+0x000001f74b14a618
instanceKlass  @bci ch/qos/logback/classic/PatternLayout <clinit> ()V 580 <appendix> argL0 ; # ch/qos/logback/classic/PatternLayout$$Lambda+0x000001f74b14a3e8
instanceKlass  @bci ch/qos/logback/classic/PatternLayout <clinit> ()V 548 <appendix> argL0 ; # ch/qos/logback/classic/PatternLayout$$Lambda+0x000001f74b149e80
instanceKlass  @bci ch/qos/logback/classic/PatternLayout <clinit> ()V 532 <appendix> argL0 ; # ch/qos/logback/classic/PatternLayout$$Lambda+0x000001f74b149c50
instanceKlass  @bci ch/qos/logback/classic/PatternLayout <clinit> ()V 500 <appendix> argL0 ; # ch/qos/logback/classic/PatternLayout$$Lambda+0x000001f74b1496e8
instanceKlass  @bci ch/qos/logback/classic/PatternLayout <clinit> ()V 484 <appendix> argL0 ; # ch/qos/logback/classic/PatternLayout$$Lambda+0x000001f74b1494b8
instanceKlass  @bci ch/qos/logback/classic/PatternLayout <clinit> ()V 452 <appendix> argL0 ; # ch/qos/logback/classic/PatternLayout$$Lambda+0x000001f74b148f50
instanceKlass  @bci ch/qos/logback/classic/PatternLayout <clinit> ()V 436 <appendix> argL0 ; # ch/qos/logback/classic/PatternLayout$$Lambda+0x000001f74b148d20
instanceKlass  @bci ch/qos/logback/classic/PatternLayout <clinit> ()V 404 <appendix> argL0 ; # ch/qos/logback/classic/PatternLayout$$Lambda+0x000001f74b148798
instanceKlass  @bci ch/qos/logback/classic/PatternLayout <clinit> ()V 388 <appendix> argL0 ; # ch/qos/logback/classic/PatternLayout$$Lambda+0x000001f74b148568
instanceKlass  @bci ch/qos/logback/classic/PatternLayout <clinit> ()V 372 <appendix> argL0 ; # ch/qos/logback/classic/PatternLayout$$Lambda+0x000001f74b148338
instanceKlass  @bci ch/qos/logback/classic/PatternLayout <clinit> ()V 340 <appendix> argL0 ; # ch/qos/logback/classic/PatternLayout$$Lambda+0x000001f74b147c90
instanceKlass  @bci ch/qos/logback/classic/PatternLayout <clinit> ()V 324 <appendix> argL0 ; # ch/qos/logback/classic/PatternLayout$$Lambda+0x000001f74b147a60
instanceKlass  @bci ch/qos/logback/classic/PatternLayout <clinit> ()V 308 <appendix> argL0 ; # ch/qos/logback/classic/PatternLayout$$Lambda+0x000001f74b147830
instanceKlass ch/qos/logback/classic/pattern/Abbreviator
instanceKlass  @bci ch/qos/logback/classic/PatternLayout <clinit> ()V 276 <appendix> argL0 ; # ch/qos/logback/classic/PatternLayout$$Lambda+0x000001f74b1472a8
instanceKlass  @bci ch/qos/logback/classic/PatternLayout <clinit> ()V 260 <appendix> argL0 ; # ch/qos/logback/classic/PatternLayout$$Lambda+0x000001f74b147078
instanceKlass  @bci ch/qos/logback/classic/PatternLayout <clinit> ()V 228 <appendix> argL0 ; # ch/qos/logback/classic/PatternLayout$$Lambda+0x000001f74b146b10
instanceKlass  @bci ch/qos/logback/classic/PatternLayout <clinit> ()V 212 <appendix> argL0 ; # ch/qos/logback/classic/PatternLayout$$Lambda+0x000001f74b1468e0
instanceKlass  @bci ch/qos/logback/classic/PatternLayout <clinit> ()V 196 <appendix> argL0 ; # ch/qos/logback/classic/PatternLayout$$Lambda+0x000001f74b1466b0
instanceKlass  @bci ch/qos/logback/classic/PatternLayout <clinit> ()V 164 <appendix> argL0 ; # ch/qos/logback/classic/PatternLayout$$Lambda+0x000001f74b146148
instanceKlass  @bci ch/qos/logback/classic/PatternLayout <clinit> ()V 148 <appendix> argL0 ; # ch/qos/logback/classic/PatternLayout$$Lambda+0x000001f74b145f18
instanceKlass  @bci ch/qos/logback/classic/PatternLayout <clinit> ()V 116 <appendix> argL0 ; # ch/qos/logback/classic/PatternLayout$$Lambda+0x000001f74b1459a8
instanceKlass  @bci ch/qos/logback/classic/PatternLayout <clinit> ()V 100 <appendix> argL0 ; # ch/qos/logback/classic/PatternLayout$$Lambda+0x000001f74b145778
instanceKlass  @bci ch/qos/logback/classic/PatternLayout <clinit> ()V 68 <appendix> argL0 ; # ch/qos/logback/classic/PatternLayout$$Lambda+0x000001f74b145210
instanceKlass  @bci ch/qos/logback/classic/PatternLayout <clinit> ()V 52 <appendix> argL0 ; # ch/qos/logback/classic/PatternLayout$$Lambda+0x000001f74b144fe0
instanceKlass  @bci ch/qos/logback/core/pattern/parser/Parser <clinit> ()V 38 <appendix> argL0 ; # ch/qos/logback/core/pattern/parser/Parser$$Lambda+0x000001f74b144a78
instanceKlass  @bci ch/qos/logback/core/pattern/parser/Parser <clinit> ()V 22 <appendix> argL0 ; # ch/qos/logback/core/pattern/parser/Parser$$Lambda+0x000001f74b144500
instanceKlass ch/qos/logback/core/pattern/parser/Token
instanceKlass ch/qos/logback/core/pattern/parser/Node
instanceKlass ch/qos/logback/core/pattern/util/IEscapeUtil
instanceKlass ch/qos/logback/core/pattern/PostCompileProcessor
instanceKlass java/util/logging/Logger$SystemLoggerHelper
instanceKlass ch/qos/logback/classic/jul/JULHelper
instanceKlass java/util/Vector$Itr
instanceKlass ch/qos/logback/core/subst/NodeToStringTransformer$1
instanceKlass ch/qos/logback/core/CoreConstants
instanceKlass ch/qos/logback/core/subst/Node
instanceKlass ch/qos/logback/core/subst/Parser$1
instanceKlass ch/qos/logback/core/subst/Parser
instanceKlass ch/qos/logback/core/subst/Token
instanceKlass ch/qos/logback/core/subst/Tokenizer
instanceKlass ch/qos/logback/core/subst/NodeToStringTransformer
instanceKlass  @bci org/apache/catalina/core/StandardContext postWorkDirectory ()V 206 <appendix> form vmentry <vmtarget> ; # java/lang/invoke/LambdaForm$MH+0x000001f74b13cc00
instanceKlass java/util/Collections$UnmodifiableMap$UnmodifiableEntrySet$UnmodifiableEntry
instanceKlass  @bci java/util/Collections$UnmodifiableMap$UnmodifiableEntrySet entryConsumer (Ljava/util/function/Consumer;)Ljava/util/function/Consumer; 1 <appendix> member <vmtarget> ; # java/util/Collections$UnmodifiableMap$UnmodifiableEntrySet$$Lambda+0x000001f74b0a3b80
instanceKlass  @bci org/springframework/boot/logging/logback/ColorConverter getName (Lorg/springframework/boot/ansi/AnsiElement;)Ljava/lang/String; 24 <appendix> argL0 ; # org/springframework/boot/logging/logback/ColorConverter$$Lambda+0x000001f74b13fda0
instanceKlass  @bci org/springframework/boot/logging/logback/ColorConverter getName (Lorg/springframework/boot/ansi/AnsiElement;)Ljava/lang/String; 14 <appendix> member <vmtarget> ; # org/springframework/boot/logging/logback/ColorConverter$$Lambda+0x000001f74b13fb38
instanceKlass java/util/Collections$UnmodifiableMap$UnmodifiableEntrySet$UnmodifiableEntrySetSpliterator
instanceKlass  @bci org/springframework/boot/logging/logback/ColorConverter <clinit> ()V 25 <appendix> member <vmtarget> ; # org/springframework/boot/logging/logback/ColorConverter$$Lambda+0x000001f74b13f8f0
instanceKlass  @bci org/springframework/boot/logging/logback/ColorConverter <clinit> ()V 14 <appendix> argL0 ; # org/springframework/boot/logging/logback/ColorConverter$$Lambda+0x000001f74b13f690
instanceKlass ch/qos/logback/core/rolling/RollingPolicy
instanceKlass org/springframework/boot/logging/logback/DefaultLogbackConfiguration
instanceKlass  @bci org/springframework/boot/logging/logback/LogbackLoggingSystem lambda$loadDefaults$1 (Lch/qos/logback/classic/LoggerContext;Lorg/springframework/boot/logging/LoggingInitializationContext;Lorg/springframework/boot/logging/LogFile;)V 54 <appendix> member <vmtarget> ; # org/springframework/boot/logging/logback/LogbackLoggingSystem$$Lambda+0x000001f74b13bb50
instanceKlass  @cpi org/springframework/web/accept/ContentNegotiationManagerFactoryBean 272 form vmentry <vmtarget> ; # java/lang/invoke/LambdaForm$DMH+0x000001f74b13c400
instanceKlass  @bci org/springframework/boot/logging/logback/LogbackLoggingSystem loadDefaults (Lorg/springframework/boot/logging/LoggingInitializationContext;Lorg/springframework/boot/logging/LogFile;)V 15 <appendix> member <vmtarget> ; # org/springframework/boot/logging/logback/LogbackLoggingSystem$$Lambda+0x000001f74b13b918
instanceKlass java/util/concurrent/Executors$DefaultThreadFactory
instanceKlass ch/qos/logback/core/util/ExecutorServiceUtil$1
instanceKlass java/util/concurrent/ScheduledExecutorService
instanceKlass ch/qos/logback/core/util/ExecutorServiceUtil
instanceKlass ch/qos/logback/core/LifeCycleManager
instanceKlass  @bci org/springframework/boot/logging/logback/LogbackLoggingSystem putInitializationContextObjects (Lch/qos/logback/classic/LoggerContext;Lorg/springframework/boot/logging/LoggingInitializationContext;)V 3 <appendix> member <vmtarget> ; # org/springframework/boot/logging/logback/LogbackLoggingSystem$$Lambda+0x000001f74b13acd0
instanceKlass org/springframework/boot/logging/LoggingInitializationContext
instanceKlass org/springframework/boot/logging/LoggerGroup
instanceKlass  @bci org/springframework/boot/logging/LoggerGroups putAll (Ljava/util/Map;)V 2 <appendix> member <vmtarget> ; # org/springframework/boot/logging/LoggerGroups$$Lambda+0x000001f74b13a640
instanceKlass org/springframework/boot/logging/LoggerGroups
instanceKlass org/springframework/boot/logging/LogFile
instanceKlass  @bci org/springframework/boot/logging/LoggingSystemProperties apply (Lorg/springframework/boot/logging/LogFile;Lorg/springframework/core/env/PropertyResolver;)V 79 <appendix> member <vmtarget> ; # org/springframework/boot/logging/LoggingSystemProperties$$Lambda+0x000001f74b139b00
instanceKlass  @bci org/springframework/boot/logging/LoggingSystemProperties apply (Lorg/springframework/boot/logging/LogFile;Lorg/springframework/core/env/PropertyResolver;)V 65 <appendix> member <vmtarget> ; # org/springframework/boot/logging/LoggingSystemProperties$$Lambda+0x000001f74b1398a8
instanceKlass org/springframework/core/convert/support/ConversionUtils
instanceKlass java/lang/foreign/MemorySegment
instanceKlass java/util/concurrent/ConcurrentLinkedDeque$AbstractItr
instanceKlass org/springframework/core/convert/support/GenericConversionService$ConverterCacheKey
instanceKlass  @bci org/springframework/core/env/AbstractPropertyResolver doResolvePlaceholders (Ljava/lang/String;Lorg/springframework/util/PropertyPlaceholderHelper;)Ljava/lang/String; 3 <appendix> member <vmtarget> ; # org/springframework/core/env/AbstractPropertyResolver$$Lambda+0x000001f74b139438
instanceKlass  @cpi software/amazon/awssdk/protocols/xml/AwsXmlProtocolFactory 169 form vmentry <vmtarget> ; # java/lang/invoke/LambdaForm$DMH+0x000001f74b13c000
instanceKlass org/springframework/boot/context/properties/source/ConfigurationProperty
instanceKlass org/springframework/boot/origin/PropertySourceOrigin
instanceKlass  @bci java/util/function/Function identity ()Ljava/util/function/Function; 0 <appendix> argL0 ; # java/util/function/Function$$Lambda+0x000001f74b0a2b48
instanceKlass  @bci org/springframework/boot/logging/AbstractLoggingSystem getDefaultValueResolver (Lorg/springframework/core/env/Environment;)Ljava/util/function/Function; 7 <appendix> member <vmtarget> ; # org/springframework/boot/logging/AbstractLoggingSystem$$Lambda+0x000001f74b1388c0
instanceKlass  @bci org/springframework/boot/logging/LoggingSystemProperties <clinit> ()V 0 <appendix> argL0 ; # org/springframework/boot/logging/LoggingSystemProperties$$Lambda+0x000001f74b138680
instanceKlass org/springframework/boot/ansi/AnsiElement
instanceKlass  @bci org/springframework/boot/context/config/AnsiOutputApplicationListener onApplicationEvent (Lorg/springframework/boot/context/event/ApplicationEnvironmentPreparedEvent;)V 16 <appendix> argL0 ; # org/springframework/boot/context/config/AnsiOutputApplicationListener$$Lambda+0x000001f74b134ca0
instanceKlass org/springframework/boot/ansi/AnsiOutput
instanceKlass  @bci org/springframework/boot/devtools/env/DevToolsHomePropertiesPostProcessor postProcessEnvironment (Lorg/springframework/core/env/ConfigurableEnvironment;Lorg/springframework/boot/SpringApplication;)V 47 <appendix> member <vmtarget> ; # org/springframework/boot/devtools/env/DevToolsHomePropertiesPostProcessor$$Lambda+0x000001f74b134800
instanceKlass  @bci org/springframework/boot/devtools/env/DevToolsHomePropertiesPostProcessor postProcessEnvironment (Lorg/springframework/core/env/ConfigurableEnvironment;Lorg/springframework/boot/SpringApplication;)V 27 <appendix> argL0 ; # org/springframework/boot/devtools/env/DevToolsHomePropertiesPostProcessor$$Lambda+0x000001f74b135da8
instanceKlass  @bci org/springframework/boot/devtools/env/DevToolsHomePropertiesPostProcessor getHomeDirectory ()Ljava/io/File; 26 <appendix> member <vmtarget> ; # org/springframework/boot/devtools/env/DevToolsHomePropertiesPostProcessor$$Lambda+0x000001f74b135b70
instanceKlass  @bci org/springframework/boot/devtools/env/DevToolsHomePropertiesPostProcessor getHomeDirectory ()Ljava/io/File; 17 <appendix> member <vmtarget> ; # org/springframework/boot/devtools/env/DevToolsHomePropertiesPostProcessor$$Lambda+0x000001f74b135938
instanceKlass  @bci org/springframework/boot/devtools/env/DevToolsHomePropertiesPostProcessor getHomeDirectory ()Ljava/io/File; 8 <appendix> member <vmtarget> ; # org/springframework/boot/devtools/env/DevToolsHomePropertiesPostProcessor$$Lambda+0x000001f74b135700
instanceKlass  @bci org/springframework/boot/devtools/env/DevToolsHomePropertiesPostProcessor getPropertySources ()Ljava/util/List; 40 <appendix> member <vmtarget> ; # org/springframework/boot/devtools/env/DevToolsHomePropertiesPostProcessor$$Lambda+0x000001f74b1354a8
instanceKlass  @bci org/springframework/cloud/bootstrap/encrypt/AbstractEnvironmentDecrypt decrypt (Lorg/springframework/security/crypto/encrypt/TextEncryptor;Ljava/util/Map;)V 3 <appendix> member <vmtarget> ; # org/springframework/cloud/bootstrap/encrypt/AbstractEnvironmentDecrypt$$Lambda+0x000001f74b135260
instanceKlass org/springframework/cloud/bootstrap/encrypt/TextEncryptorUtils$FailsafeTextEncryptor
instanceKlass  @bci org/springframework/cloud/bootstrap/encrypt/TextEncryptorUtils getTextEncryptor (Lorg/springframework/cloud/bootstrap/encrypt/AbstractEnvironmentDecrypt;Lorg/springframework/core/env/ConfigurableEnvironment;)Lorg/springframework/security/crypto/encrypt/TextEncryptor; 13 <appendix> argL0 ; # org/springframework/cloud/bootstrap/encrypt/TextEncryptorUtils$$Lambda+0x000001f74b137bd0
instanceKlass org/springframework/cloud/bootstrap/encrypt/KeyProperties$KeyStore
instanceKlass java/net/InetAddress$CachedLookup
instanceKlass sun/net/InetAddressCachePolicy
instanceKlass  @bci java/net/InetAddress getAddressesFromNameService (Ljava/lang/String;)[Ljava/net/InetAddress; 94 <appendix> argL0 ; # java/net/InetAddress$$Lambda+0x000001f74b0a2280
instanceKlass java/net/InetAddress$NameServiceAddresses
instanceKlass java/net/InetAddress$Addresses
instanceKlass java/util/concurrent/ConcurrentSkipListMap$Iter
instanceKlass  @bci java/net/InetAddress loadResolver ()Ljava/net/spi/InetAddressResolver; 8 <appendix> argL0 ; # java/net/InetAddress$$Lambda+0x000001f74b0a13c8
instanceKlass java/net/spi/InetAddressResolverProvider
instanceKlass java/util/concurrent/FutureTask$WaitNode
instanceKlass java/util/concurrent/FutureTask
instanceKlass java/util/concurrent/RunnableFuture
instanceKlass java/util/concurrent/Future
instanceKlass  @bci org/springframework/cloud/commons/util/InetUtils convertAddress (Ljava/net/InetAddress;)Lorg/springframework/cloud/commons/util/InetUtils$HostInfo; 18 <appendix> member <vmtarget> ; # org/springframework/cloud/commons/util/InetUtils$$Lambda+0x000001f74b137728
instanceKlass org/springframework/cloud/commons/util/InetUtils$HostInfo
instanceKlass java/net/NetworkInterface$1
instanceKlass java/net/DefaultInterface
instanceKlass java/net/InterfaceAddress
instanceKlass java/net/NetworkInterface
instanceKlass  @bci org/springframework/cloud/commons/util/InetUtils <init> (Lorg/springframework/cloud/commons/util/InetUtilsProperties;)V 19 <appendix> argL0 ; # org/springframework/cloud/commons/util/InetUtils$$Lambda+0x000001f74b1372a0
instanceKlass org/springframework/cloud/commons/util/InetUtils
instanceKlass org/springframework/beans/factory/annotation/Value
instanceKlass java/util/AbstractList$Itr
instanceKlass  @bci org/springframework/boot/context/properties/bind/JavaBeanBinder$BeanProperty getValue (Ljava/util/function/Supplier;)Ljava/util/function/Supplier; 11 <appendix> member <vmtarget> ; # org/springframework/boot/context/properties/bind/JavaBeanBinder$BeanProperty$$Lambda+0x000001f74b136b80
instanceKlass  @bci org/springframework/boot/context/properties/bind/JavaBeanBinder determinePropertyName (Lorg/springframework/boot/context/properties/bind/JavaBeanBinder$BeanProperty;)Ljava/lang/String; 51 <appendix> argL0 ; # org/springframework/boot/context/properties/bind/JavaBeanBinder$$Lambda+0x000001f74b136930
instanceKlass  @bci org/springframework/boot/context/properties/bind/JavaBeanBinder determinePropertyName (Lorg/springframework/boot/context/properties/bind/JavaBeanBinder$BeanProperty;)Ljava/lang/String; 43 <appendix> member <vmtarget> ; # org/springframework/boot/context/properties/bind/JavaBeanBinder$$Lambda+0x000001f74b1366d8
instanceKlass  @bci org/springframework/boot/context/properties/bind/JavaBeanBinder determinePropertyName (Lorg/springframework/boot/context/properties/bind/JavaBeanBinder$BeanProperty;)Ljava/lang/String; 21 <appendix> argL0 ; # org/springframework/boot/context/properties/bind/JavaBeanBinder$$Lambda+0x000001f74b136478
instanceKlass  @bci org/springframework/boot/context/properties/bind/JavaBeanBinder$Bean getSupplier (Lorg/springframework/boot/context/properties/bind/Bindable;)Lorg/springframework/boot/context/properties/bind/JavaBeanBinder$BeanSupplier; 6 <appendix> member <vmtarget> ; # org/springframework/boot/context/properties/bind/JavaBeanBinder$Bean$$Lambda+0x000001f74b136240
instanceKlass org/springframework/boot/context/properties/bind/JavaBeanBinder$BeanSupplier
instanceKlass  @bci org/springframework/boot/context/properties/bind/JavaBeanBinder$BeanProperties addProperties ([Ljava/lang/reflect/Method;[Ljava/lang/reflect/Field;)V 140 <appendix> argL0 ; # org/springframework/boot/context/properties/bind/JavaBeanBinder$BeanProperties$$Lambda+0x000001f74b133b98
instanceKlass  @bci org/springframework/boot/context/properties/bind/JavaBeanBinder$BeanProperties addProperties ([Ljava/lang/reflect/Method;[Ljava/lang/reflect/Field;)V 98 <appendix> argL0 ; # org/springframework/boot/context/properties/bind/JavaBeanBinder$BeanProperties$$Lambda+0x000001f74b133958
instanceKlass  @bci org/springframework/boot/context/properties/bind/JavaBeanBinder$BeanProperties addMethodIfPossible (Ljava/lang/reflect/Method;Ljava/lang/String;ILjava/util/function/BiConsumer;)V 62 <appendix> member <vmtarget> ; # org/springframework/boot/context/properties/bind/JavaBeanBinder$BeanProperties$$Lambda+0x000001f74b133700
instanceKlass  @bci org/springframework/boot/context/properties/bind/JavaBeanBinder$BeanProperties addProperties ([Ljava/lang/reflect/Method;[Ljava/lang/reflect/Field;)V 56 <appendix> argL0 ; # org/springframework/boot/context/properties/bind/JavaBeanBinder$BeanProperties$$Lambda+0x000001f74b1334c0
instanceKlass org/springframework/boot/context/properties/bind/JavaBeanBinder$BeanProperty
instanceKlass  @bci org/springframework/boot/context/properties/bind/JavaBeanBinder$BeanProperties addProperties (Ljava/lang/Class;)V 40 <appendix> argL0 ; # org/springframework/boot/context/properties/bind/JavaBeanBinder$BeanProperties$$Lambda+0x000001f74b132ff0
instanceKlass  @bci org/springframework/boot/context/properties/bind/JavaBeanBinder$BeanProperties addProperties (Ljava/lang/Class;)V 35 <appendix> argL0 ; # org/springframework/boot/context/properties/bind/JavaBeanBinder$BeanProperties$$Lambda+0x000001f74b132da0
instanceKlass org/springframework/core/BridgeMethodResolver
instanceKlass  @bci org/springframework/boot/context/properties/bind/JavaBeanBinder$BeanProperties addProperties (Ljava/lang/Class;)V 21 <appendix> argL0 ; # org/springframework/boot/context/properties/bind/JavaBeanBinder$BeanProperties$$Lambda+0x000001f74b132938
instanceKlass  @bci org/springframework/boot/context/properties/bind/JavaBeanBinder$BeanProperties addProperties (Ljava/lang/Class;)V 16 <appendix> member <vmtarget> ; # org/springframework/boot/context/properties/bind/JavaBeanBinder$BeanProperties$$Lambda+0x000001f74b1326e0
instanceKlass  @bci org/springframework/boot/context/properties/bind/Bindable withExistingValue (Ljava/lang/Object;)Lorg/springframework/boot/context/properties/bind/Bindable; 70 <appendix> member <vmtarget> ; # org/springframework/boot/context/properties/bind/Bindable$$Lambda+0x000001f74b1324a8
instanceKlass  @bci org/springframework/boot/context/properties/bind/Bindable withExistingValue (Ljava/lang/Object;)Lorg/springframework/boot/context/properties/bind/Bindable; 57 <appendix> argL0 ; # org/springframework/boot/context/properties/bind/Bindable$$Lambda+0x000001f74b132278
instanceKlass  @bci org/springframework/boot/context/properties/bind/Bindable withExistingValue (Ljava/lang/Object;)Lorg/springframework/boot/context/properties/bind/Bindable; 34 <appendix> member <vmtarget> ; # org/springframework/boot/context/properties/bind/Bindable$$Lambda+0x000001f74b132040
instanceKlass org/springframework/cloud/commons/util/InetUtilsProperties
instanceKlass  @bci org/springframework/boot/context/config/InvalidConfigDataPropertyException throwIfPropertyFound (Lorg/springframework/boot/context/config/ConfigDataEnvironmentContributor;)V 14 <appendix> member <vmtarget> ; # org/springframework/boot/context/config/InvalidConfigDataPropertyException$$Lambda+0x000001f74b131b78
instanceKlass  @bci org/springframework/boot/context/config/ConfigDataEnvironmentContributor hasAnyProfileSpecificChildren (Ljava/util/List;)Z 73 <appendix> argL0 ; # org/springframework/boot/context/config/ConfigDataEnvironmentContributor$$Lambda+0x000001f74b131690
instanceKlass java/util/Spliterators$EmptySpliterator
instanceKlass  @bci org/springframework/boot/context/config/ConfigDataLocationResolvers resolve (Lorg/springframework/boot/context/config/ConfigDataLocationResolver;Lorg/springframework/boot/context/config/ConfigDataLocationResolverContext;Lorg/springframework/boot/context/config/ConfigDataLocation;Lorg/springframework/boot/context/config/Profiles;)Ljava/util/List; 32 <appendix> member <vmtarget> ; # org/springframework/boot/context/config/ConfigDataLocationResolvers$$Lambda+0x000001f74b131458
instanceKlass  @bci org/springframework/boot/context/config/Profiles expandProfiles (Ljava/util/List;)Ljava/util/List; 92 <appendix> member <vmtarget> ; # org/springframework/boot/context/config/Profiles$$Lambda+0x000001f74b131210
instanceKlass  @bci org/springframework/boot/context/config/Profiles expandProfiles (Ljava/util/List;)Ljava/util/List; 19 <appendix> member <vmtarget> ; # org/springframework/boot/context/config/Profiles$$Lambda+0x000001f74b130fc8
instanceKlass  @cpi org/springframework/boot/web/servlet/server/AbstractServletWebServerFactory$SessionConfiguringInitializer 200 form vmentry <vmtarget> ; # java/lang/invoke/LambdaForm$DMH+0x000001f74b134000
instanceKlass  @bci org/springframework/boot/context/config/Profiles$Type <clinit> ()V 33 <appendix> argL0 ; # org/springframework/boot/context/config/Profiles$Type$$Lambda+0x000001f74b130b70
instanceKlass  @bci org/springframework/boot/context/config/Profiles$Type <clinit> ()V 9 <appendix> argL0 ; # org/springframework/boot/context/config/Profiles$Type$$Lambda+0x000001f74b130920
instanceKlass  @bci org/springframework/boot/context/config/Profiles <init> (Lorg/springframework/core/env/Environment;Lorg/springframework/boot/context/properties/bind/Binder;Ljava/util/Collection;)V 14 <appendix> argL0 ; # org/springframework/boot/context/config/Profiles$$Lambda+0x000001f74b130490
instanceKlass org/springframework/boot/context/properties/bind/MapBinder$EntryBinder
instanceKlass  @bci org/springframework/boot/context/properties/bind/MapBinder bindAggregate (Lorg/springframework/boot/context/properties/source/ConfigurationPropertyName;Lorg/springframework/boot/context/properties/bind/Bindable;Lorg/springframework/boot/context/properties/bind/AggregateElementBinder;)Ljava/lang/Object; 186 <appendix> member <vmtarget> ; # org/springframework/boot/context/properties/bind/MapBinder$$Lambda+0x000001f74b130000
instanceKlass  @bci org/springframework/boot/context/config/ConfigDataEnvironment getIncludedProfiles (Lorg/springframework/boot/context/config/ConfigDataEnvironmentContributors;Lorg/springframework/boot/context/config/ConfigDataActivationContext;)Ljava/util/Collection; 112 <appendix> member <vmtarget> ; # org/springframework/boot/context/config/ConfigDataEnvironment$$Lambda+0x000001f74b12dc00
instanceKlass  @bci org/springframework/boot/context/properties/bind/CollectionBinder bindAggregate (Lorg/springframework/boot/context/properties/source/ConfigurationPropertyName;Lorg/springframework/boot/context/properties/bind/Bindable;Lorg/springframework/boot/context/properties/bind/AggregateElementBinder;)Ljava/lang/Object; 38 <appendix> member <vmtarget> ; # org/springframework/boot/context/properties/bind/CollectionBinder$$Lambda+0x000001f74b12fc80
instanceKlass org/springframework/boot/context/config/Profiles
instanceKlass  @bci org/springframework/boot/context/config/ConfigDataEnvironment withProfiles (Lorg/springframework/boot/context/config/ConfigDataEnvironmentContributors;Lorg/springframework/boot/context/config/ConfigDataActivationContext;)Lorg/springframework/boot/context/config/ConfigDataActivationContext; 14 <appendix> argL0 ; # org/springframework/boot/context/config/ConfigDataEnvironment$$Lambda+0x000001f74b12f7a0
instanceKlass  @bci org/springframework/boot/cloud/CloudPlatform$7 isDetected (Lorg/springframework/core/env/Environment;)Z 15 <appendix> member <vmtarget> ; # org/springframework/boot/cloud/CloudPlatform$7$$Lambda+0x000001f74b12f538
instanceKlass  @bci org/springframework/boot/context/config/ConfigDataEnvironmentContributors getBinderSources (Ljava/util/function/Predicate;)Ljava/util/Iterator; 24 <appendix> argL0 ; # org/springframework/boot/context/config/ConfigDataEnvironmentContributors$$Lambda+0x000001f74b12f2e8
instanceKlass  @bci org/springframework/boot/context/config/ConfigDataEnvironmentContributors getBinderSources (Ljava/util/function/Predicate;)Ljava/util/Iterator; 8 <appendix> member <vmtarget> ; # org/springframework/boot/context/config/ConfigDataEnvironmentContributors$$Lambda+0x000001f74b12f080
instanceKlass  @bci java/util/function/Predicate and (Ljava/util/function/Predicate;)Ljava/util/function/Predicate; 7 <appendix> member <vmtarget> ; # java/util/function/Predicate$$Lambda+0x000001f74b09f910
instanceKlass  @cpi java/util/function/Predicate 72 form vmentry <vmtarget> ; # java/lang/invoke/LambdaForm$DMH+0x000001f74b12d800
instanceKlass  @bci org/springframework/boot/context/config/ConfigDataEnvironmentContributors lambda$getBinder$4 (Ljava/util/function/Predicate;ZLorg/springframework/boot/context/config/ConfigDataActivationContext;)Ljava/util/Iterator; 4 <appendix> form vmentry <vmtarget> ; # java/lang/invoke/LambdaForm$DMH+0x000001f74b12d400
instanceKlass  @bci org/springframework/boot/context/config/ConfigDataEnvironmentContributors lambda$getBinder$4 (Ljava/util/function/Predicate;ZLorg/springframework/boot/context/config/ConfigDataActivationContext;)Ljava/util/Iterator; 4 <appendix> member <vmtarget> ; # org/springframework/boot/context/config/ConfigDataEnvironmentContributors$$Lambda+0x000001f74b12ee18
instanceKlass  @cpi org/springframework/boot/context/config/ConfigDataEnvironmentContributors 522 form vmentry <vmtarget> ; # java/lang/invoke/LambdaForm$DMH+0x000001f74b12d000
instanceKlass org/springframework/boot/context/config/ConfigDataEnvironmentContributors$InactiveSourceChecker
instanceKlass  @bci org/springframework/boot/context/config/ConfigDataEnvironmentContributors getBinder (Lorg/springframework/boot/context/config/ConfigDataActivationContext;Ljava/util/function/Predicate;Ljava/util/Set;)Lorg/springframework/boot/context/properties/bind/Binder; 16 <adapter> ; # java/lang/invoke/LambdaForm$MH+0x000001f74b12cc00
# instanceKlass java/lang/invoke/LambdaForm$DMH+0x000001f74b12c800
instanceKlass  @bci org/springframework/boot/context/config/ConfigDataEnvironmentContributors getBinder (Lorg/springframework/boot/context/config/ConfigDataActivationContext;Ljava/util/function/Predicate;Ljava/util/Set;)Lorg/springframework/boot/context/properties/bind/Binder; 16 <appendix> form vmentry <vmtarget> ; # java/lang/invoke/LambdaForm$DMH+0x000001f74b12c400
instanceKlass  @bci org/springframework/boot/context/config/ConfigDataEnvironmentContributors getBinder (Lorg/springframework/boot/context/config/ConfigDataActivationContext;Ljava/util/function/Predicate;Ljava/util/Set;)Lorg/springframework/boot/context/properties/bind/Binder; 16 <appendix> member <vmtarget> ; # org/springframework/boot/context/config/ConfigDataEnvironmentContributors$$Lambda+0x000001f74b12e940
instanceKlass org/springframework/boot/context/properties/bind/DefaultValue
instanceKlass org/springframework/boot/context/properties/bind/DataObjectPropertyName
instanceKlass org/springframework/boot/context/properties/bind/ValueObjectBinder$ConstructorParameter
instanceKlass org/springframework/core/SerializableTypeWrapper$MethodInvokeTypeProvider
instanceKlass  @bci java/lang/reflect/Proxy getProxyConstructor (Ljava/lang/ClassLoader;[Ljava/lang/Class;)Ljava/lang/reflect/Constructor; 51 <appendix> argL0 ; # java/lang/reflect/Proxy$$Lambda+0x000001f74b09f6d0
instanceKlass org/springframework/core/SerializableTypeWrapper$TypeProxyInvocationHandler
instanceKlass sun/reflect/generics/tree/MethodTypeSignature
instanceKlass sun/reflect/generics/tree/VoidDescriptor
instanceKlass org/springframework/core/SerializableTypeWrapper$MethodParameterTypeProvider
instanceKlass  @bci org/springframework/core/MethodParameter validateIndex (Ljava/lang/reflect/Executable;I)I 21 <appendix> member <vmtarget> ; # org/springframework/core/MethodParameter$$Lambda+0x000001f74b12bb30
instanceKlass org/springframework/core/MethodParameter
instanceKlass org/springframework/boot/context/properties/bind/Name
instanceKlass  @bci org/springframework/boot/context/properties/bind/DefaultBindConstructorProvider$Constructors getConstructors (Ljava/lang/Class;Z)Lorg/springframework/boot/context/properties/bind/DefaultBindConstructorProvider$Constructors; 123 <appendix> member <vmtarget> ; # org/springframework/boot/context/properties/bind/DefaultBindConstructorProvider$Constructors$$Lambda+0x000001f74b12adb0
instanceKlass org/springframework/boot/context/properties/bind/ConstructorBinding
instanceKlass  @bci org/springframework/boot/context/properties/bind/DefaultBindConstructorProvider$Constructors getCandidateConstructors (Ljava/lang/Class;)[Ljava/lang/reflect/Constructor; 29 <appendix> argL0 ; # org/springframework/boot/context/properties/bind/DefaultBindConstructorProvider$Constructors$$Lambda+0x000001f74b12a978
instanceKlass  @bci org/springframework/boot/context/properties/bind/DefaultBindConstructorProvider$Constructors getCandidateConstructors (Ljava/lang/Class;)[Ljava/lang/reflect/Constructor; 19 <appendix> argL0 ; # org/springframework/boot/context/properties/bind/DefaultBindConstructorProvider$Constructors$$Lambda+0x000001f74b12a718
instanceKlass org/springframework/beans/factory/annotation/Autowired
instanceKlass  @bci org/springframework/boot/context/properties/bind/DefaultBindConstructorProvider$Constructors isAutowiredPresent (Ljava/lang/Class;)Z 17 <appendix> argL0 ; # org/springframework/boot/context/properties/bind/DefaultBindConstructorProvider$Constructors$$Lambda+0x000001f74b12a4b8
instanceKlass  @bci org/springframework/boot/context/properties/bind/DefaultBindConstructorProvider$Constructors isAutowiredPresent (Ljava/lang/Class;)Z 7 <appendix> argL0 ; # org/springframework/boot/context/properties/bind/DefaultBindConstructorProvider$Constructors$$Lambda+0x000001f74b12a268
instanceKlass org/springframework/boot/context/config/ConfigDataProperties$Activate
instanceKlass org/springframework/boot/context/properties/bind/DefaultBindConstructorProvider$Constructors
instanceKlass org/springframework/boot/context/properties/bind/AbstractBindHandler
instanceKlass org/springframework/boot/context/config/ConfigDataEnvironmentContributorPlaceholdersResolver
instanceKlass  @bci org/springframework/beans/factory/config/YamlProcessor buildFlattenedMap (Ljava/util/Map;Ljava/util/Map;Ljava/lang/String;)V 4 <appendix> member <vmtarget> ; # org/springframework/beans/factory/config/YamlProcessor$$Lambda+0x000001f74b1294a0
instanceKlass  @cpi org/springframework/web/util/HierarchicalUriComponents 660 form vmentry <vmtarget> ; # java/lang/invoke/LambdaForm$DMH+0x000001f74b12c000
instanceKlass  @bci java/util/Map$Entry comparingByKey (Ljava/util/Comparator;)Ljava/util/Comparator; 6 <appendix> member <vmtarget> ; # java/util/Map$Entry$$Lambda+0x000001f74b09e498
instanceKlass  @bci org/springframework/core/SortedProperties <clinit> ()V 6 <appendix> argL0 ; # org/springframework/core/SortedProperties$$Lambda+0x000001f74b129250
instanceKlass org/springframework/core/CollectionFactory
instanceKlass  @bci org/springframework/beans/factory/config/YamlProcessor asMap (Ljava/lang/Object;)Ljava/util/Map; 39 <appendix> member <vmtarget> ; # org/springframework/beans/factory/config/YamlProcessor$$Lambda+0x000001f74b128510
instanceKlass org/springframework/boot/origin/OriginTrackedValue
instanceKlass org/springframework/boot/origin/TextResourceOrigin
instanceKlass org/springframework/boot/origin/TextResourceOrigin$Location
instanceKlass java/util/TreeMap$NavigableSubMap$SubMapIterator
instanceKlass java/util/Collections$ReverseComparator
instanceKlass  @bci org/springframework/boot/env/OriginTrackedYamlLoader$OriginTrackingConstructor replaceMappingNodeKeys (Lorg/yaml/snakeyaml/nodes/MappingNode;)V 33 <appendix> member <vmtarget> ; # org/springframework/boot/env/OriginTrackedYamlLoader$OriginTrackingConstructor$$Lambda+0x000001f74b1278e0
instanceKlass  @bci org/springframework/boot/env/OriginTrackedYamlLoader$OriginTrackingConstructor replaceMappingNodeKeys (Lorg/yaml/snakeyaml/nodes/MappingNode;)V 17 <appendix> argL0 ; # org/springframework/boot/env/OriginTrackedYamlLoader$OriginTrackingConstructor$$Lambda+0x000001f74b127690
instanceKlass org/yaml/snakeyaml/parser/ParserImpl$ParseDocumentStart
instanceKlass org/yaml/snakeyaml/nodes/NodeTuple
instanceKlass org/yaml/snakeyaml/events/ImplicitTuple
instanceKlass org/yaml/snakeyaml/parser/ParserImpl$ParseBlockMappingValue
instanceKlass org/yaml/snakeyaml/parser/ParserImpl$ParseBlockMappingKey
instanceKlass org/yaml/snakeyaml/resolver/Resolver$1
instanceKlass org/yaml/snakeyaml/parser/ParserImpl$ParseBlockMappingFirstKey
instanceKlass org/yaml/snakeyaml/parser/ParserImpl$ParseBlockNode
instanceKlass org/yaml/snakeyaml/parser/ParserImpl$ParseDocumentEnd
instanceKlass org/yaml/snakeyaml/scanner/SimpleKey
instanceKlass org/yaml/snakeyaml/scanner/Constant
instanceKlass org/yaml/snakeyaml/parser/ParserImpl$ParseImplicitDocumentStart
instanceKlass org/yaml/snakeyaml/Yaml$YamlIterable
instanceKlass org/yaml/snakeyaml/Yaml$1
instanceKlass org/yaml/snakeyaml/comments/CommentEventsCollector
instanceKlass org/yaml/snakeyaml/parser/ParserImpl$ParseStreamStart
instanceKlass org/yaml/snakeyaml/parser/VersionTagsTuple
instanceKlass org/yaml/snakeyaml/error/Mark
instanceKlass org/yaml/snakeyaml/util/ArrayStack
instanceKlass org/yaml/snakeyaml/tokens/Token
instanceKlass org/yaml/snakeyaml/scanner/ScannerImpl
instanceKlass org/yaml/snakeyaml/reader/StreamReader
instanceKlass org/yaml/snakeyaml/events/Event
instanceKlass org/yaml/snakeyaml/parser/Production
instanceKlass org/yaml/snakeyaml/scanner/Scanner
instanceKlass org/yaml/snakeyaml/parser/ParserImpl
instanceKlass org/yaml/snakeyaml/util/MergeUtils
instanceKlass org/yaml/snakeyaml/composer/Composer
instanceKlass java/beans/Introspector$1
instanceKlass jdk/internal/access/JavaBeansAccess
instanceKlass java/beans/FeatureDescriptor
instanceKlass java/beans/Introspector
instanceKlass org/yaml/snakeyaml/util/PlatformFeatureDetector
instanceKlass org/yaml/snakeyaml/introspector/Property
instanceKlass org/yaml/snakeyaml/introspector/PropertyUtils
instanceKlass org/yaml/snakeyaml/emitter/Emitable
instanceKlass org/yaml/snakeyaml/parser/Parser
instanceKlass org/yaml/snakeyaml/resolver/ResolverTuple
instanceKlass org/yaml/snakeyaml/representer/Representer$RepresentJavaBean
instanceKlass org/yaml/snakeyaml/representer/SafeRepresenter$RepresentEnum
instanceKlass org/yaml/snakeyaml/representer/SafeRepresenter$RepresentDate
instanceKlass org/yaml/snakeyaml/representer/SafeRepresenter$RepresentArray
instanceKlass org/yaml/snakeyaml/representer/SafeRepresenter$RepresentIterator
instanceKlass org/yaml/snakeyaml/representer/SafeRepresenter$RepresentSet
instanceKlass org/yaml/snakeyaml/representer/SafeRepresenter$RepresentMap
instanceKlass org/yaml/snakeyaml/representer/SafeRepresenter$RepresentList
instanceKlass org/yaml/snakeyaml/representer/SafeRepresenter$RepresentNumber
instanceKlass org/yaml/snakeyaml/representer/SafeRepresenter$RepresentPrimitiveArray
instanceKlass org/yaml/snakeyaml/representer/SafeRepresenter$RepresentByteArray
instanceKlass org/yaml/snakeyaml/representer/SafeRepresenter$RepresentUuid
instanceKlass org/yaml/snakeyaml/representer/SafeRepresenter$RepresentBoolean
instanceKlass org/yaml/snakeyaml/representer/SafeRepresenter$RepresentString
instanceKlass org/yaml/snakeyaml/representer/SafeRepresenter$RepresentNull
instanceKlass org/yaml/snakeyaml/representer/Represent
instanceKlass org/yaml/snakeyaml/representer/BaseRepresenter
instanceKlass org/yaml/snakeyaml/serializer/NumberAnchorGenerator
instanceKlass org/yaml/snakeyaml/serializer/AnchorGenerator
instanceKlass org/yaml/snakeyaml/DumperOptions
instanceKlass org/yaml/snakeyaml/constructor/SafeConstructor$ConstructYamlMap
instanceKlass org/yaml/snakeyaml/constructor/SafeConstructor$ConstructYamlSeq
instanceKlass org/yaml/snakeyaml/constructor/SafeConstructor$ConstructYamlSet
instanceKlass jdk/internal/module/ModulePatcher$PatchedModuleReader
instanceKlass org/yaml/snakeyaml/external/com/google/gdata/util/common/base/UnicodeEscaper
instanceKlass org/yaml/snakeyaml/external/com/google/gdata/util/common/base/Escaper
instanceKlass org/yaml/snakeyaml/util/UriEncoder
instanceKlass org/yaml/snakeyaml/nodes/Tag
instanceKlass jdk/internal/logger/LoggerFinderLoader
instanceKlass jdk/internal/logger/LazyLoggers$LazyLoggerFactories
instanceKlass jdk/internal/logger/LazyLoggers$1
instanceKlass jdk/internal/logger/LazyLoggers
instanceKlass org/yaml/snakeyaml/internal/Logger
instanceKlass org/yaml/snakeyaml/TypeDescription
instanceKlass org/yaml/snakeyaml/constructor/AbstractConstruct
instanceKlass org/yaml/snakeyaml/constructor/Construct
instanceKlass org/yaml/snakeyaml/nodes/Node
instanceKlass org/yaml/snakeyaml/inspector/UnTrustedTagInspector
instanceKlass org/yaml/snakeyaml/LoaderOptions
instanceKlass  @bci org/springframework/boot/env/OriginTrackedYamlLoader load ()Ljava/util/List; 11 <appendix> member <vmtarget> ; # org/springframework/boot/env/OriginTrackedYamlLoader$$Lambda+0x000001f74b1131a8
instanceKlass org/springframework/beans/factory/config/YamlProcessor$MatchCallback
instanceKlass org/yaml/snakeyaml/resolver/Resolver
instanceKlass org/yaml/snakeyaml/constructor/BaseConstructor
instanceKlass org/yaml/snakeyaml/inspector/TagInspector
instanceKlass org/springframework/beans/factory/config/YamlProcessor
instanceKlass java/util/Formatter$Flags
instanceKlass java/util/Formattable
instanceKlass java/util/Formatter$FormatSpecifier
instanceKlass java/util/Formatter$Conversion
instanceKlass java/util/Formatter$FormatString
instanceKlass java/util/Formatter
instanceKlass org/springframework/boot/origin/OriginTrackedResource
instanceKlass  @bci org/springframework/boot/context/config/ConfigDataEnvironmentContributor withReplacement (Lorg/springframework/boot/context/config/ConfigDataEnvironmentContributor;Lorg/springframework/boot/context/config/ConfigDataEnvironmentContributor;)Lorg/springframework/boot/context/config/ConfigDataEnvironmentContributor; 31 <appendix> member <vmtarget> ; # org/springframework/boot/context/config/ConfigDataEnvironmentContributor$$Lambda+0x000001f74b110f78
instanceKlass  @cpi org/springframework/boot/context/config/ConfigDataEnvironmentContributor 489 form vmentry <vmtarget> ; # java/lang/invoke/LambdaForm$DMH+0x000001f74b114400
instanceKlass  @bci org/springframework/boot/context/config/ConfigDataEnvironmentContributors asContributors (Ljava/util/Map;)Ljava/util/List; 19 <appendix> member <vmtarget> ; # org/springframework/boot/context/config/ConfigDataEnvironmentContributors$$Lambda+0x000001f74b110d30
instanceKlass  @cpi com/fasterxml/jackson/databind/ser/impl/ReadOnlyClassToSerializerMap 88 form vmentry <vmtarget> ; # java/lang/invoke/LambdaForm$DMH+0x000001f74b114000
instanceKlass  @bci org/springframework/boot/context/config/ConfigDataEnvironmentContributors withProcessedImports (Lorg/springframework/boot/context/config/ConfigDataImporter;Lorg/springframework/boot/context/config/ConfigDataActivationContext;)Lorg/springframework/boot/context/config/ConfigDataEnvironmentContributors; 197 <appendix> member <vmtarget> ; # org/springframework/boot/context/config/ConfigDataEnvironmentContributors$$Lambda+0x000001f74b110af8
instanceKlass org/springframework/boot/context/config/ConfigData
instanceKlass  @bci org/springframework/boot/context/config/ConfigDataLoaders load (Lorg/springframework/boot/context/config/ConfigDataLoaderContext;Lorg/springframework/boot/context/config/ConfigDataResource;)Lorg/springframework/boot/context/config/ConfigData; 13 <appendix> member <vmtarget> ; # org/springframework/boot/context/config/ConfigDataLoaders$$Lambda+0x000001f74b1106a0
instanceKlass  @bci org/springframework/boot/context/config/ConfigDataLoaders getLoader (Lorg/springframework/boot/context/config/ConfigDataLoaderContext;Lorg/springframework/boot/context/config/ConfigDataResource;)Lorg/springframework/boot/context/config/ConfigDataLoader; 123 <appendix> member <vmtarget> ; # org/springframework/boot/context/config/ConfigDataLoaders$$Lambda+0x000001f74b110468
instanceKlass org/springframework/boot/context/config/ConfigDataResolutionResult
instanceKlass  @bci java/util/stream/Collectors toCollection (Ljava/util/function/Supplier;)Ljava/util/stream/Collector; 10 <appendix> argL0 ; # java/util/stream/Collectors$$Lambda+0x000001f74b099468
instanceKlass  @bci java/util/stream/Collectors toCollection (Ljava/util/function/Supplier;)Ljava/util/stream/Collector; 5 <appendix> argL0 ; # java/util/stream/Collectors$$Lambda+0x000001f74b099228
instanceKlass  @bci org/springframework/boot/context/config/StandardConfigDataLocationResolver resolvePatternEmptyDirectories (Lorg/springframework/boot/context/config/StandardConfigDataReference;)Ljava/util/Set; 87 <appendix> argL0 ; # org/springframework/boot/context/config/StandardConfigDataLocationResolver$$Lambda+0x000001f74b110000
instanceKlass  @bci org/springframework/boot/context/config/StandardConfigDataLocationResolver resolvePatternEmptyDirectories (Lorg/springframework/boot/context/config/StandardConfigDataReference;)Ljava/util/Set; 77 <appendix> member <vmtarget> ; # org/springframework/boot/context/config/StandardConfigDataLocationResolver$$Lambda+0x000001f74b109c00
instanceKlass  @bci org/springframework/boot/context/config/StandardConfigDataLocationResolver resolvePatternEmptyDirectories (Lorg/springframework/boot/context/config/StandardConfigDataReference;)Ljava/util/Set; 66 <appendix> argL0 ; # org/springframework/boot/context/config/StandardConfigDataLocationResolver$$Lambda+0x000001f74b1099a0
instanceKlass  @cpi com/netflix/spectator/api/patterns/PolledMeter$Builder 223 form vmentry <vmtarget> ; # java/lang/invoke/LambdaForm$DMH+0x000001f74b108c00
instanceKlass  @bci org/springframework/boot/context/config/LocationResourceLoader validatePattern (Ljava/lang/String;Lorg/springframework/boot/context/config/LocationResourceLoader$ResourceType;)V 93 <appendix> member <vmtarget> ; # org/springframework/boot/context/config/LocationResourceLoader$$Lambda+0x000001f74b109000
instanceKlass  @bci org/springframework/boot/context/config/LocationResourceLoader validatePattern (Ljava/lang/String;Lorg/springframework/boot/context/config/LocationResourceLoader$ResourceType;)V 53 <appendix> member <vmtarget> ; # org/springframework/boot/context/config/LocationResourceLoader$$Lambda+0x000001f74b10bd20
instanceKlass  @bci org/springframework/boot/context/config/LocationResourceLoader validatePattern (Ljava/lang/String;Lorg/springframework/boot/context/config/LocationResourceLoader$ResourceType;)V 29 <appendix> member <vmtarget> ; # org/springframework/boot/context/config/LocationResourceLoader$$Lambda+0x000001f74b10bae8
instanceKlass  @bci org/springframework/boot/context/config/LocationResourceLoader validatePattern (Ljava/lang/String;Lorg/springframework/boot/context/config/LocationResourceLoader$ResourceType;)V 6 <appendix> member <vmtarget> ; # org/springframework/boot/context/config/LocationResourceLoader$$Lambda+0x000001f74b10b8b0
instanceKlass org/springframework/core/io/WritableResource
instanceKlass  @bci org/springframework/boot/context/config/LocationResourceLoader validateNonPattern (Ljava/lang/String;)V 14 <appendix> member <vmtarget> ; # org/springframework/boot/context/config/LocationResourceLoader$$Lambda+0x000001f74b10adf0
instanceKlass  @bci org/springframework/cloud/commons/util/IdUtils combineParts (Ljava/lang/String;Ljava/lang/String;Ljava/lang/String;)Ljava/lang/String; 13 <appendix> form vmentry <vmtarget> ; # java/lang/invoke/LambdaForm$MH+0x000001f74b108800
instanceKlass org/springframework/boot/context/config/StandardConfigDataReference
instanceKlass  @bci org/springframework/boot/context/config/ConfigDataLocationResolvers resolve (Lorg/springframework/boot/context/config/ConfigDataLocationResolver;Lorg/springframework/boot/context/config/ConfigDataLocationResolverContext;Lorg/springframework/boot/context/config/ConfigDataLocation;Lorg/springframework/boot/context/config/Profiles;)Ljava/util/List; 6 <appendix> member <vmtarget> ; # org/springframework/boot/context/config/ConfigDataLocationResolvers$$Lambda+0x000001f74b10a960
instanceKlass org/springframework/boot/context/config/ConfigDataEnvironmentContributors$ContributorDataLoaderContext
instanceKlass org/springframework/boot/context/config/ConfigDataEnvironmentContributors$ContributorConfigDataLocationResolverContext
instanceKlass org/springframework/boot/context/config/ConfigDataEnvironmentContributor$ContributorIterator
instanceKlass org/springframework/boot/BootstrapRegistry$InstanceSupplier$1
instanceKlass  @bci org/springframework/boot/BootstrapRegistry$InstanceSupplier from (Ljava/util/function/Supplier;)Lorg/springframework/boot/BootstrapRegistry$InstanceSupplier; 1 <appendix> member <vmtarget> ; # org/springframework/boot/BootstrapRegistry$InstanceSupplier$$Lambda+0x000001f74b10f908
instanceKlass  @bci org/springframework/boot/context/config/ConfigDataEnvironment registerBootstrapBinder (Lorg/springframework/boot/context/config/ConfigDataEnvironmentContributors;Lorg/springframework/boot/context/config/ConfigDataActivationContext;[Lorg/springframework/boot/context/config/ConfigDataEnvironmentContributors$BinderOption;)V 9 <appendix> member <vmtarget> ; # org/springframework/boot/context/config/ConfigDataEnvironment$$Lambda+0x000001f74b10f6d0
instanceKlass org/springframework/boot/context/config/ConfigDataActivationContext
instanceKlass org/springframework/boot/context/config/ConfigDataImporter
instanceKlass  @bci org/springframework/boot/context/config/ConfigDataEnvironmentContributors <clinit> ()V 0 <appendix> argL0 ; # org/springframework/boot/context/config/ConfigDataEnvironmentContributors$$Lambda+0x000001f74b10e8f0
instanceKlass org/springframework/boot/context/config/ConfigDataLocationResolverContext
instanceKlass org/springframework/boot/context/config/ConfigDataLoaderContext
instanceKlass org/springframework/boot/context/config/ConfigDataEnvironmentContributors
instanceKlass org/springframework/boot/context/config/ConfigDataProperties
instanceKlass org/springframework/boot/context/config/ConfigDataEnvironmentContributor
instanceKlass org/springframework/boot/context/config/ConfigData$Options
instanceKlass org/springframework/boot/context/config/ConfigData$AlwaysPropertySourceOptions
instanceKlass org/springframework/boot/context/config/ConfigData$PropertySourceOptions
instanceKlass org/springframework/boot/context/config/StandardConfigDataLoader
instanceKlass org/springframework/boot/context/config/ConfigDataResource
instanceKlass org/springframework/boot/context/config/ConfigTreeConfigDataLoader
instanceKlass org/springframework/boot/context/config/ConfigDataLoader
instanceKlass  @bci org/springframework/boot/context/config/ConfigDataLoaders <init> (Lorg/springframework/boot/logging/DeferredLogFactory;Lorg/springframework/boot/ConfigurableBootstrapContext;Lorg/springframework/core/io/support/SpringFactoriesLoader;)V 66 <appendix> argL0 ; # org/springframework/boot/context/config/ConfigDataLoaders$$Lambda+0x000001f74b10c6a8
instanceKlass org/springframework/boot/context/config/ConfigDataLoaders
instanceKlass org/springframework/boot/context/config/ConfigDataEnvironmentUpdateListener$1
instanceKlass org/springframework/boot/context/config/ConfigDataEnvironmentUpdateListener
instanceKlass  @bci org/springframework/boot/context/config/StandardConfigDataLocationResolver validateConfigName (Ljava/lang/String;)V 15 <appendix> member <vmtarget> ; # org/springframework/boot/context/config/StandardConfigDataLocationResolver$$Lambda+0x000001f74b10c000
instanceKlass  @bci org/springframework/boot/context/properties/bind/Binder lambda$bindAggregate$3 (Lorg/springframework/boot/context/properties/bind/AggregateBinder;Lorg/springframework/boot/context/properties/bind/BindHandler;Lorg/springframework/boot/context/properties/bind/Binder$Context;Lorg/springframework/boot/context/properties/source/ConfigurationPropertyName;Lorg/springframework/boot/context/properties/bind/Bindable;Lorg/springframework/boot/context/properties/source/ConfigurationPropertySource;)Ljava/lang/Object; 17 <adapter> ; # java/lang/invoke/LambdaForm$MH+0x000001f74b108000
# instanceKlass java/lang/invoke/LambdaForm$DMH+0x000001f74b105c00
instanceKlass  @bci org/springframework/boot/context/properties/bind/Binder lambda$bindAggregate$3 (Lorg/springframework/boot/context/properties/bind/AggregateBinder;Lorg/springframework/boot/context/properties/bind/BindHandler;Lorg/springframework/boot/context/properties/bind/Binder$Context;Lorg/springframework/boot/context/properties/source/ConfigurationPropertyName;Lorg/springframework/boot/context/properties/bind/Bindable;Lorg/springframework/boot/context/properties/source/ConfigurationPropertySource;)Ljava/lang/Object; 17 <appendix> form vmentry <vmtarget> ; # java/lang/invoke/LambdaForm$DMH+0x000001f74b105800
instanceKlass  @bci org/springframework/boot/context/properties/bind/Binder lambda$bindAggregate$3 (Lorg/springframework/boot/context/properties/bind/AggregateBinder;Lorg/springframework/boot/context/properties/bind/BindHandler;Lorg/springframework/boot/context/properties/bind/Binder$Context;Lorg/springframework/boot/context/properties/source/ConfigurationPropertyName;Lorg/springframework/boot/context/properties/bind/Bindable;Lorg/springframework/boot/context/properties/source/ConfigurationPropertySource;)Ljava/lang/Object; 17 <appendix> member <vmtarget> ; # org/springframework/boot/context/properties/bind/Binder$$Lambda+0x000001f74b107d28
instanceKlass  @cpi org/springframework/boot/context/properties/bind/Binder 718 form vmentry <vmtarget> ; # java/lang/invoke/LambdaForm$DMH+0x000001f74b105400
instanceKlass  @bci java/util/stream/StreamSpliterators$WrappingSpliterator initPartialTraversalState ()V 37 <appendix> member <vmtarget> ; # java/util/stream/StreamSpliterators$WrappingSpliterator$$Lambda+0x000001f74b098ff0
instanceKlass java/util/function/BooleanSupplier
instanceKlass  @bci java/util/stream/StreamSpliterators$WrappingSpliterator initPartialTraversalState ()V 24 <appendix> member <vmtarget> ; # java/util/stream/StreamSpliterators$WrappingSpliterator$$Lambda+0x000001f74b098d30
instanceKlass java/util/stream/StreamSpliterators
instanceKlass java/util/stream/StreamSpliterators$AbstractWrappingSpliterator
instanceKlass  @bci java/util/stream/AbstractPipeline spliterator ()Ljava/util/Spliterator; 103 <appendix> member <vmtarget> ; # java/util/stream/AbstractPipeline$$Lambda+0x000001f74b098638
instanceKlass  @bci org/springframework/boot/context/properties/source/SpringIterableConfigurationPropertySource stream ()Ljava/util/stream/Stream; 9 <appendix> argL0 ; # org/springframework/boot/context/properties/source/SpringIterableConfigurationPropertySource$$Lambda+0x000001f74b107ac8
instanceKlass org/springframework/boot/context/properties/source/FilteredConfigurationPropertiesSource
instanceKlass  @bci org/springframework/boot/context/properties/bind/IndexedElementsBinder getKnownIndexedChildren (Lorg/springframework/boot/context/properties/source/ConfigurationPropertySource;Lorg/springframework/boot/context/properties/source/ConfigurationPropertyName;)Lorg/springframework/util/MultiValueMap; 34 <appendix> member <vmtarget> ; # org/springframework/boot/context/properties/bind/IndexedElementsBinder$$Lambda+0x000001f74b107258
instanceKlass  @bci org/springframework/boot/context/properties/bind/ArrayBinder bindAggregate (Lorg/springframework/boot/context/properties/source/ConfigurationPropertyName;Lorg/springframework/boot/context/properties/bind/Bindable;Lorg/springframework/boot/context/properties/bind/AggregateElementBinder;)Ljava/lang/Object; 4 <appendix> argL0 ; # org/springframework/boot/context/properties/bind/ArrayBinder$$Lambda+0x000001f74b107028
instanceKlass org/springframework/boot/context/properties/bind/AggregateBinder$AggregateSupplier
instanceKlass  @bci org/springframework/boot/context/properties/bind/Binder bindAggregate (Lorg/springframework/boot/context/properties/source/ConfigurationPropertyName;Lorg/springframework/boot/context/properties/bind/Bindable;Lorg/springframework/boot/context/properties/bind/BindHandler;Lorg/springframework/boot/context/properties/bind/Binder$Context;Lorg/springframework/boot/context/properties/bind/AggregateBinder;)Ljava/lang/Object; 21 <appendix> member <vmtarget> ; # org/springframework/boot/context/properties/bind/Binder$$Lambda+0x000001f74b106990
instanceKlass  @bci org/springframework/boot/context/properties/bind/Binder bindAggregate (Lorg/springframework/boot/context/properties/source/ConfigurationPropertyName;Lorg/springframework/boot/context/properties/bind/Bindable;Lorg/springframework/boot/context/properties/bind/BindHandler;Lorg/springframework/boot/context/properties/bind/Binder$Context;Lorg/springframework/boot/context/properties/bind/AggregateBinder;)Ljava/lang/Object; 6 <appendix> member <vmtarget> ; # org/springframework/boot/context/properties/bind/Binder$$Lambda+0x000001f74b106748
instanceKlass org/springframework/boot/context/properties/bind/AggregateElementBinder
# instanceKlass java/lang/invoke/LambdaForm$MH+0x000001f74b105000
instanceKlass java/lang/invoke/ClassSpecializer$Factory$1$5$1
instanceKlass java/lang/invoke/ClassSpecializer$Factory$1$5
instanceKlass java/lang/invoke/ClassSpecializer$Factory$1$4
instanceKlass java/lang/invoke/ClassSpecializer$Factory$1$3
instanceKlass java/lang/invoke/ClassSpecializer$Factory$1$2
instanceKlass java/lang/invoke/ClassSpecializer$Factory$1$1Var
instanceKlass java/lang/invoke/ClassSpecializer$Factory$1$1
instanceKlass java/lang/invoke/ClassSpecializer$Factory$1
# instanceKlass java/lang/invoke/LambdaForm$MH+0x000001f74b104c00
# instanceKlass java/lang/invoke/LambdaForm$MH+0x000001f74b104800
instanceKlass  @bci java/util/regex/Pattern Range (II)Ljava/util/regex/Pattern$CharPredicate; 23 <appendix> member <vmtarget> ; # java/util/regex/Pattern$$Lambda+0x80000002c
instanceKlass org/springframework/boot/context/config/StandardConfigDataLocationResolver
instanceKlass  @bci org/springframework/boot/context/config/LocationResourceLoader <clinit> ()V 18 <appendix> argL0 ; # org/springframework/boot/context/config/LocationResourceLoader$$Lambda+0x000001f74b106000
instanceKlass  @bci org/springframework/boot/context/config/LocationResourceLoader <clinit> ()V 7 <appendix> argL0 ; # org/springframework/boot/context/config/LocationResourceLoader$$Lambda+0x000001f74b103ca8
instanceKlass org/springframework/boot/context/config/LocationResourceLoader
instanceKlass org/springframework/boot/context/config/ConfigTreeConfigDataLocationResolver
instanceKlass org/springframework/boot/context/config/ConfigDataLocationResolver
instanceKlass  @bci org/springframework/boot/context/config/ConfigDataLocationResolvers <init> (Lorg/springframework/boot/logging/DeferredLogFactory;Lorg/springframework/boot/ConfigurableBootstrapContext;Lorg/springframework/boot/context/properties/bind/Binder;Lorg/springframework/core/io/ResourceLoader;Lorg/springframework/core/io/support/SpringFactoriesLoader;)V 77 <appendix> argL0 ; # org/springframework/boot/context/config/ConfigDataLocationResolvers$$Lambda+0x000001f74b1035e0
instanceKlass org/springframework/boot/context/config/ConfigDataLocationResolvers
instanceKlass org/springframework/boot/context/properties/bind/BindResult
instanceKlass org/springframework/boot/context/properties/bind/JavaBeanBinder$BeanProperties
instanceKlass org/springframework/boot/context/properties/bind/ValueObjectBinder$ValueObject
instanceKlass  @bci org/springframework/boot/context/properties/bind/ValueObjectBinder$Discoverer <clinit> ()V 35 <appendix> argL0 ; # org/springframework/boot/context/properties/bind/ValueObjectBinder$Discoverer$$Lambda+0x000001f74b1021b8
instanceKlass  @bci org/springframework/boot/context/properties/bind/ValueObjectBinder$Discoverer <clinit> ()V 17 <appendix> argL0 ; # org/springframework/boot/context/properties/bind/ValueObjectBinder$Discoverer$$Lambda+0x000001f74b101f78
instanceKlass  @cpi org/springframework/boot/http/client/AbstractClientHttpRequestFactoryBuilder 161 form vmentry <vmtarget> ; # java/lang/invoke/LambdaForm$DMH+0x000001f74b104400
instanceKlass org/springframework/core/StandardReflectionParameterNameDiscoverer
instanceKlass org/springframework/core/PrioritizedParameterNameDiscoverer
instanceKlass org/springframework/boot/context/properties/bind/ValueObjectBinder$Discoverer
instanceKlass org/springframework/core/ParameterNameDiscoverer
instanceKlass  @bci org/springframework/boot/context/properties/bind/Binder fromDataObjectBinders (Lorg/springframework/boot/context/properties/bind/BindMethod;Ljava/util/function/Function;)Ljava/lang/Object; 24 <appendix> argL0 ; # org/springframework/boot/context/properties/bind/Binder$$Lambda+0x000001f74b1013e0
instanceKlass java/util/AbstractList$RandomAccessSpliterator
instanceKlass  @bci org/springframework/boot/context/properties/bind/Binder lambda$bindDataObject$7 (Lorg/springframework/boot/context/properties/bind/BindMethod;Lorg/springframework/boot/context/properties/source/ConfigurationPropertyName;Lorg/springframework/boot/context/properties/bind/Bindable;Lorg/springframework/boot/context/properties/bind/Binder$Context;Lorg/springframework/boot/context/properties/bind/DataObjectPropertyBinder;)Ljava/lang/Object; 8 <appendix> member <vmtarget> ; # org/springframework/boot/context/properties/bind/Binder$$Lambda+0x000001f74b101188
instanceKlass  @bci org/springframework/boot/context/properties/bind/Binder bindDataObject (Lorg/springframework/boot/context/properties/source/ConfigurationPropertyName;Lorg/springframework/boot/context/properties/bind/Bindable;Lorg/springframework/boot/context/properties/bind/BindHandler;Lorg/springframework/boot/context/properties/bind/Binder$Context;Z)Ljava/lang/Object; 72 <appendix> form vmentry <vmtarget> ; # java/lang/invoke/LambdaForm$DMH+0x000001f74b104000
instanceKlass  @bci org/springframework/boot/context/properties/bind/Binder bindDataObject (Lorg/springframework/boot/context/properties/source/ConfigurationPropertyName;Lorg/springframework/boot/context/properties/bind/Bindable;Lorg/springframework/boot/context/properties/bind/BindHandler;Lorg/springframework/boot/context/properties/bind/Binder$Context;Z)Ljava/lang/Object; 72 <appendix> member <vmtarget> ; # org/springframework/boot/context/properties/bind/Binder$$Lambda+0x000001f74b100f50
instanceKlass  @bci org/springframework/boot/context/properties/bind/Binder bindDataObject (Lorg/springframework/boot/context/properties/source/ConfigurationPropertyName;Lorg/springframework/boot/context/properties/bind/Bindable;Lorg/springframework/boot/context/properties/bind/BindHandler;Lorg/springframework/boot/context/properties/bind/Binder$Context;Z)Ljava/lang/Object; 52 <appendix> member <vmtarget> ; # org/springframework/boot/context/properties/bind/Binder$$Lambda+0x000001f74b100d18
instanceKlass org/springframework/boot/context/properties/bind/DataObjectPropertyBinder
instanceKlass org/springframework/boot/context/properties/bind/Binder$Context
instanceKlass org/springframework/boot/context/properties/bind/JavaBeanBinder
instanceKlass org/springframework/boot/context/properties/bind/ValueObjectBinder
instanceKlass org/springframework/boot/context/properties/bind/DataObjectBinder
instanceKlass org/springframework/boot/context/properties/bind/DefaultBindConstructorProvider
instanceKlass org/springframework/boot/context/properties/bind/BindConstructorProvider
instanceKlass org/springframework/boot/context/properties/bind/BindHandler$1
instanceKlass org/springframework/beans/TypeConverterDelegate
instanceKlass org/springframework/beans/PropertyEditorRegistrySupport
instanceKlass org/springframework/beans/PropertyEditorRegistry
instanceKlass org/springframework/beans/TypeConverter
instanceKlass java/beans/PropertyEditorSupport
instanceKlass java/beans/PropertyEditor
instanceKlass org/springframework/boot/context/properties/bind/BindConverter$TypeConverterConverter
instanceKlass org/springframework/boot/context/properties/bind/BindConverter
instanceKlass org/springframework/boot/context/properties/bind/PropertySourcesPlaceholdersResolver
instanceKlass org/springframework/boot/context/properties/bind/AggregateBinder
instanceKlass org/springframework/boot/context/properties/bind/BindContext
instanceKlass org/springframework/boot/context/properties/bind/Binder
instanceKlass org/springframework/boot/context/config/ConfigDataLocation
instanceKlass org/springframework/boot/context/properties/bind/PlaceholdersResolver
instanceKlass org/springframework/boot/origin/OriginProvider
instanceKlass org/springframework/boot/context/config/ConfigDataEnvironment
instanceKlass  @bci org/springframework/boot/env/SpringApplicationJsonEnvironmentPostProcessor postProcessEnvironment (Lorg/springframework/core/env/ConfigurableEnvironment;Lorg/springframework/boot/SpringApplication;)V 38 <appendix> member <vmtarget> ; # org/springframework/boot/env/SpringApplicationJsonEnvironmentPostProcessor$$Lambda+0x000001f74b0fb218
instanceKlass  @bci org/springframework/boot/env/SpringApplicationJsonEnvironmentPostProcessor postProcessEnvironment (Lorg/springframework/core/env/ConfigurableEnvironment;Lorg/springframework/boot/SpringApplication;)V 21 <appendix> argL0 ; # org/springframework/boot/env/SpringApplicationJsonEnvironmentPostProcessor$$Lambda+0x000001f74b0fafb8
instanceKlass  @bci org/springframework/boot/env/SpringApplicationJsonEnvironmentPostProcessor postProcessEnvironment (Lorg/springframework/core/env/ConfigurableEnvironment;Lorg/springframework/boot/SpringApplication;)V 11 <appendix> argL0 ; # org/springframework/boot/env/SpringApplicationJsonEnvironmentPostProcessor$$Lambda+0x000001f74b0fad68
instanceKlass org/springframework/boot/env/SpringApplicationJsonEnvironmentPostProcessor$JsonPropertyValue
instanceKlass org/springframework/boot/origin/Origin
instanceKlass org/springframework/aot/AotDetector
instanceKlass org/springframework/boot/autoconfigure/integration/IntegrationPropertiesEnvironmentPostProcessor
instanceKlass org/springframework/boot/reactor/ReactorEnvironmentPostProcessor
instanceKlass org/springframework/boot/env/SystemEnvironmentPropertySourceEnvironmentPostProcessor
instanceKlass org/springframework/boot/env/SpringApplicationJsonEnvironmentPostProcessor
instanceKlass org/springframework/boot/env/RandomValuePropertySourceEnvironmentPostProcessor
# instanceKlass java/lang/invoke/LambdaForm$MH+0x000001f74b0f1c00
# instanceKlass java/lang/invoke/LambdaForm$MH+0x000001f74b0f1800
instanceKlass org/springframework/boot/context/config/ConfigDataEnvironmentPostProcessor
instanceKlass  @bci org/springframework/boot/logging/DeferredLogs getLog (Ljava/lang/Class;)Lorg/apache/commons/logging/Log; 2 <appendix> member <vmtarget> ; # org/springframework/boot/logging/DeferredLogs$$Lambda+0x000001f74b0f3808
instanceKlass org/springframework/boot/cloud/CloudFoundryVcapEnvironmentPostProcessor
instanceKlass org/springframework/boot/devtools/env/DevToolsPropertyDefaultsPostProcessor
instanceKlass org/springframework/boot/env/YamlPropertySourceLoader
instanceKlass org/yaml/snakeyaml/Yaml
instanceKlass org/springframework/boot/env/PropertiesPropertySourceLoader
instanceKlass org/springframework/boot/env/PropertySourceLoader
instanceKlass org/springframework/boot/devtools/env/DevToolsHomePropertiesPostProcessor
instanceKlass org/springframework/cloud/client/HostInfoEnvironmentPostProcessor
instanceKlass org/springframework/cloud/util/random/CachedRandomPropertySourceEnvironmentPostProcessor
instanceKlass  @bci java/util/regex/Pattern negate (Ljava/util/regex/Pattern$CharPredicate;)Ljava/util/regex/Pattern$CharPredicate; 1 <appendix> member <vmtarget> ; # java/util/regex/Pattern$$Lambda+0x800000033
instanceKlass org/springframework/cloud/bootstrap/encrypt/AbstractEnvironmentDecrypt
instanceKlass  @bci java/util/Comparator comparing (Ljava/util/function/Function;)Ljava/util/Comparator; 6 <appendix> member <vmtarget> ; # java/util/Comparator$$Lambda+0x000001f74b097a60
instanceKlass  @cpi org/springframework/boot/validation/beanvalidation/MethodValidationExcludeFilter 57 form vmentry <vmtarget> ; # java/lang/invoke/LambdaForm$DMH+0x000001f74b0f1400
instanceKlass  @bci org/springframework/cloud/bootstrap/BootstrapConfigFileApplicationListener <clinit> ()V 49 <appendix> argL0 ; # org/springframework/cloud/bootstrap/BootstrapConfigFileApplicationListener$$Lambda+0x000001f74b0f7ce0
instanceKlass org/springframework/cloud/bootstrap/BootstrapConfigFileApplicationListener
instanceKlass org/springframework/boot/env/EnvironmentPostProcessor
instanceKlass org/springframework/boot/env/SpringFactoriesEnvironmentPostProcessorsFactory
instanceKlass  @bci org/springframework/boot/context/properties/source/ConfigurationPropertyName convertToUniformElement (Ljava/lang/CharSequence;)Ljava/lang/CharSequence; 3 <appendix> argL0 ; # org/springframework/boot/context/properties/source/ConfigurationPropertyName$$Lambda+0x000001f74b0f7158
instanceKlass org/springframework/boot/context/properties/source/ConfigurationPropertyName$ElementCharPredicate
instanceKlass java/util/stream/Sink$OfInt
instanceKlass java/util/function/IntConsumer
instanceKlass  @bci java/util/stream/MatchOps makeInt (Ljava/util/function/IntPredicate;Ljava/util/stream/MatchOps$MatchKind;)Ljava/util/stream/TerminalOp; 20 <appendix> member <vmtarget> ; # java/util/stream/MatchOps$$Lambda+0x000001f74b097500
instanceKlass  @bci org/springframework/boot/context/properties/source/SystemEnvironmentPropertyMapper isNumber (Ljava/lang/String;)Z 4 <appendix> argL0 ; # org/springframework/boot/context/properties/source/SystemEnvironmentPropertyMapper$$Lambda+0x000001f74b0f6ef8
instanceKlass java/util/function/IntPredicate
instanceKlass java/util/stream/IntStream
instanceKlass java/lang/StringLatin1$CharsSpliterator
instanceKlass java/util/Spliterator$OfInt
instanceKlass java/util/Spliterator$OfPrimitive
instanceKlass  @bci org/springframework/boot/context/properties/source/SystemEnvironmentPropertyMapper convertName (Ljava/lang/String;)Lorg/springframework/boot/context/properties/source/ConfigurationPropertyName; 4 <appendix> member <vmtarget> ; # org/springframework/boot/context/properties/source/SystemEnvironmentPropertyMapper$$Lambda+0x000001f74b0f6ca0
instanceKlass  @bci java/util/function/BiPredicate or (Ljava/util/function/BiPredicate;)Ljava/util/function/BiPredicate; 7 <appendix> member <vmtarget> ; # java/util/function/BiPredicate$$Lambda+0x000001f74b0965c8
instanceKlass  @cpi java/util/function/BiPredicate 60 form vmentry <vmtarget> ; # java/lang/invoke/LambdaForm$DMH+0x000001f74b0f1000
instanceKlass  @bci org/springframework/boot/context/properties/source/SystemEnvironmentPropertyMapper getAncestorOfCheck ()Ljava/util/function/BiPredicate; 1 <appendix> member <vmtarget> ; # org/springframework/boot/context/properties/source/SystemEnvironmentPropertyMapper$$Lambda+0x000001f74b0f65d8
instanceKlass  @cpi org/springframework/beans/factory/support/DefaultListableBeanFactory 1971 form vmentry <vmtarget> ; # java/lang/invoke/LambdaForm$DMH+0x000001f74b0f0c00
instanceKlass  @bci org/springframework/boot/context/properties/source/SpringIterableConfigurationPropertySource$Mappings add (Ljava/util/Map;Ljava/lang/Object;Ljava/lang/Object;)V 2 <appendix> argL0 ; # org/springframework/boot/context/properties/source/SpringIterableConfigurationPropertySource$Mappings$$Lambda+0x000001f74b0f6388
instanceKlass  @bci org/springframework/core/env/PropertiesPropertySource getPropertyNames ()[Ljava/lang/String; 37 <appendix> argL0 ; # org/springframework/core/env/PropertiesPropertySource$$Lambda+0x000001f74b0f6158
instanceKlass  @bci org/springframework/core/env/PropertiesPropertySource getPropertyNames ()[Ljava/lang/String; 27 <appendix> argL0 ; # org/springframework/core/env/PropertiesPropertySource$$Lambda+0x000001f74b0f5ef8
instanceKlass  @bci org/springframework/boot/context/properties/source/SpringIterableConfigurationPropertySource updateMappings (Lorg/springframework/boot/context/properties/source/SpringIterableConfigurationPropertySource$Mappings;)Lorg/springframework/boot/context/properties/source/SpringIterableConfigurationPropertySource$Mappings; 10 <appendix> member <vmtarget> ; # org/springframework/boot/context/properties/source/SpringIterableConfigurationPropertySource$$Lambda+0x000001f74b0f5cc0
instanceKlass  @bci org/springframework/boot/context/properties/source/SpringIterableConfigurationPropertySource getMappings ()Lorg/springframework/boot/context/properties/source/SpringIterableConfigurationPropertySource$Mappings; 11 <appendix> member <vmtarget> ; # org/springframework/boot/context/properties/source/SpringIterableConfigurationPropertySource$$Lambda+0x000001f74b0f5848
instanceKlass java/util/function/UnaryOperator
instanceKlass  @bci org/springframework/boot/context/properties/source/SpringIterableConfigurationPropertySource getMappings ()Lorg/springframework/boot/context/properties/source/SpringIterableConfigurationPropertySource$Mappings; 5 <appendix> member <vmtarget> ; # org/springframework/boot/context/properties/source/SpringIterableConfigurationPropertySource$$Lambda+0x000001f74b0f5610
instanceKlass org/springframework/boot/context/properties/source/SpringIterableConfigurationPropertySource$Mappings
instanceKlass org/springframework/boot/context/properties/source/DefaultPropertyMapper$LastMapping
instanceKlass java/time/Clock
instanceKlass java/time/InstantSource
instanceKlass org/springframework/boot/context/properties/source/SoftReferenceConfigurationPropertyCache
instanceKlass org/springframework/boot/context/properties/source/ConfigurationPropertyCaching
instanceKlass org/springframework/boot/context/properties/source/SystemEnvironmentPropertyMapper
instanceKlass  @bci org/springframework/boot/context/properties/source/PropertyMapper <clinit> ()V 0 <appendix> argL0 ; # org/springframework/boot/context/properties/source/PropertyMapper$$Lambda+0x000001f74b0f4a70
instanceKlass java/util/function/BiPredicate
instanceKlass org/springframework/boot/context/properties/source/DefaultPropertyMapper
instanceKlass org/springframework/boot/context/properties/source/PropertyMapper
instanceKlass org/springframework/boot/context/properties/source/CachingConfigurationPropertySource
instanceKlass org/springframework/boot/context/properties/source/IterableConfigurationPropertySource
instanceKlass org/springframework/boot/context/properties/source/SpringConfigurationPropertySource
instanceKlass  @bci org/springframework/boot/context/properties/source/SpringConfigurationPropertySources iterator ()Ljava/util/Iterator; 14 <appendix> member <vmtarget> ; # org/springframework/boot/context/properties/source/SpringConfigurationPropertySources$$Lambda+0x000001f74b0efba0
instanceKlass org/springframework/boot/context/properties/source/SpringConfigurationPropertySources$SourcesIterator
instanceKlass org/springframework/cloud/util/PropertyUtils
instanceKlass  @bci org/springframework/boot/SpringApplicationRunListeners environmentPrepared (Lorg/springframework/boot/ConfigurableBootstrapContext;Lorg/springframework/core/env/ConfigurableEnvironment;)V 5 <appendix> member <vmtarget> ; # org/springframework/boot/SpringApplicationRunListeners$$Lambda+0x000001f74b0ef6e0
instanceKlass org/springframework/boot/context/properties/source/ConfigurationPropertySource
instanceKlass org/springframework/boot/context/properties/source/SpringConfigurationPropertySources
instanceKlass jdk/internal/vm/ThreadContainers
instanceKlass jdk/internal/vm/StackableScope
instanceKlass java/util/concurrent/LinkedTransferQueue$DualNode
instanceKlass java/util/concurrent/ForkJoinPool$ManagedBlocker
instanceKlass java/util/concurrent/TransferQueue
instanceKlass java/util/concurrent/ThreadPoolExecutor$AbortPolicy
instanceKlass java/util/concurrent/RejectedExecutionHandler
instanceKlass java/util/concurrent/AbstractExecutorService
instanceKlass java/util/concurrent/Executors
instanceKlass  @bci java/lang/ProcessHandleImpl initReaper ()Ljava/util/concurrent/Executor; 45 <appendix> form vmentry <vmtarget> ; # java/lang/invoke/LambdaForm$DMH+0x000001f74b0f0800
instanceKlass  @bci java/lang/ProcessHandleImpl initReaper ()Ljava/util/concurrent/Executor; 45 <appendix> member <vmtarget> ; # java/lang/ProcessHandleImpl$$Lambda+0x000001f74b094140
instanceKlass  @cpi java/lang/ProcessHandleImpl 358 form vmentry <vmtarget> ; # java/lang/invoke/LambdaForm$DMH+0x000001f74b0f0400
# instanceKlass java/lang/invoke/LambdaForm$DMH+0x000001f74b0f0000
instanceKlass jdk/internal/util/random/RandomSupport
instanceKlass java/util/Random
instanceKlass java/util/random/RandomGenerator
instanceKlass java/lang/ProcessHandleImpl
instanceKlass java/lang/ProcessHandle
instanceKlass org/springframework/boot/system/ApplicationPid
instanceKlass org/springframework/boot/convert/CharSequenceToObjectConverter
instanceKlass org/springframework/boot/convert/LenientObjectToEnumConverterFactory
instanceKlass sun/reflect/generics/tree/ByteSignature
instanceKlass org/springframework/boot/convert/InputStreamSourceToByteArrayConverter
instanceKlass org/springframework/boot/convert/StringToFileConverter
instanceKlass org/springframework/boot/convert/NumberToDataSizeConverter
instanceKlass org/springframework/util/unit/DataSize
instanceKlass org/springframework/boot/convert/StringToDataSizeConverter
instanceKlass org/springframework/boot/convert/NumberToPeriodConverter
instanceKlass org/springframework/boot/convert/PeriodToStringConverter
instanceKlass org/springframework/boot/convert/StringToPeriodConverter
instanceKlass org/springframework/boot/convert/DurationToNumberConverter
instanceKlass org/springframework/boot/convert/NumberToDurationConverter
instanceKlass org/springframework/boot/convert/DurationToStringConverter
instanceKlass org/springframework/boot/convert/StringToDurationConverter
instanceKlass org/springframework/boot/convert/DelimitedStringToCollectionConverter
instanceKlass org/springframework/boot/convert/DelimitedStringToArrayConverter
instanceKlass org/springframework/boot/convert/CollectionToDelimitedStringConverter
instanceKlass org/springframework/boot/convert/ArrayToDelimitedStringConverter
instanceKlass org/springframework/boot/convert/IsoOffsetFormatter
instanceKlass org/springframework/boot/convert/InetAddressFormatter
instanceKlass  @bci org/springframework/format/support/FormattingConversionService getFieldType (Ljava/lang/Object;Ljava/lang/Class;)Ljava/lang/Class; 39 <appendix> member <vmtarget> ; # org/springframework/format/support/FormattingConversionService$$Lambda+0x000001f74b0ebfc8
instanceKlass sun/reflect/generics/tree/ArrayTypeSignature
instanceKlass sun/reflect/generics/tree/CharSignature
instanceKlass org/springframework/boot/convert/CharArrayFormatter
instanceKlass org/springframework/format/annotation/DurationFormat
instanceKlass org/springframework/format/annotation/DateTimeFormat
instanceKlass org/springframework/format/datetime/standard/MonthDayFormatter
instanceKlass java/time/MonthDay
instanceKlass org/springframework/format/datetime/standard/YearMonthFormatter
instanceKlass java/time/YearMonth
instanceKlass org/springframework/format/datetime/standard/MonthFormatter
instanceKlass org/springframework/format/datetime/standard/YearFormatter
instanceKlass java/time/Year
instanceKlass org/springframework/format/datetime/standard/DurationFormatter
instanceKlass org/springframework/format/datetime/standard/PeriodFormatter
instanceKlass org/springframework/format/datetime/standard/InstantFormatter
instanceKlass java/time/OffsetTime
instanceKlass org/springframework/format/support/FormattingConversionService$ParserConverter
instanceKlass org/springframework/format/support/FormattingConversionService$PrinterConverter
instanceKlass org/springframework/format/datetime/standard/TemporalAccessorParser
instanceKlass org/springframework/format/datetime/standard/TemporalAccessorPrinter
instanceKlass java/time/format/DateTimeFormatterBuilder$LocalizedPrinterParser
instanceKlass org/springframework/format/datetime/standard/DateTimeFormatterRegistrar$1
instanceKlass org/springframework/format/datetime/standard/DateTimeConverters$InstantToLongConverter
instanceKlass org/springframework/format/datetime/standard/DateTimeConverters$LongToInstantConverter
instanceKlass org/springframework/format/datetime/standard/DateTimeConverters$CalendarToInstantConverter
instanceKlass org/springframework/format/datetime/standard/DateTimeConverters$CalendarToLocalDateTimeConverter
instanceKlass org/springframework/format/datetime/standard/DateTimeConverters$CalendarToLocalTimeConverter
instanceKlass org/springframework/format/datetime/standard/DateTimeConverters$CalendarToLocalDateConverter
instanceKlass org/springframework/format/datetime/standard/DateTimeConverters$CalendarToOffsetDateTimeConverter
instanceKlass org/springframework/format/datetime/standard/DateTimeConverters$CalendarToZonedDateTimeConverter
instanceKlass org/springframework/format/datetime/standard/DateTimeConverters$OffsetDateTimeToInstantConverter
instanceKlass org/springframework/format/datetime/standard/DateTimeConverters$OffsetDateTimeToZonedDateTimeConverter
instanceKlass org/springframework/format/datetime/standard/DateTimeConverters$OffsetDateTimeToLocalDateTimeConverter
instanceKlass org/springframework/format/datetime/standard/DateTimeConverters$OffsetDateTimeToLocalTimeConverter
instanceKlass org/springframework/format/datetime/standard/DateTimeConverters$OffsetDateTimeToLocalDateConverter
instanceKlass org/springframework/format/datetime/standard/DateTimeConverters$ZonedDateTimeToInstantConverter
instanceKlass java/time/OffsetDateTime
instanceKlass org/springframework/format/datetime/standard/DateTimeConverters$ZonedDateTimeToOffsetDateTimeConverter
instanceKlass org/springframework/format/datetime/standard/DateTimeConverters$ZonedDateTimeToLocalDateTimeConverter
instanceKlass org/springframework/format/datetime/standard/DateTimeConverters$ZonedDateTimeToLocalTimeConverter
instanceKlass org/springframework/format/datetime/standard/DateTimeConverters$ZonedDateTimeToLocalDateConverter
instanceKlass org/springframework/format/datetime/standard/DateTimeConverters$LocalDateTimeToLocalTimeConverter
instanceKlass org/springframework/format/datetime/standard/DateTimeConverters$LocalDateTimeToLocalDateConverter
instanceKlass org/springframework/format/datetime/DateFormatterRegistrar$LongToCalendarConverter
instanceKlass org/springframework/format/datetime/DateFormatterRegistrar$LongToDateConverter
instanceKlass org/springframework/format/datetime/DateFormatterRegistrar$CalendarToLongConverter
instanceKlass org/springframework/format/datetime/DateFormatterRegistrar$CalendarToDateConverter
instanceKlass org/springframework/format/datetime/DateFormatterRegistrar$DateToCalendarConverter
instanceKlass org/springframework/format/datetime/DateFormatterRegistrar$DateToLongConverter
instanceKlass org/springframework/format/datetime/DateFormatterRegistrar
instanceKlass org/springframework/format/datetime/standard/DateTimeConverters
instanceKlass org/springframework/format/datetime/standard/DateTimeFormatterFactory
instanceKlass org/springframework/format/datetime/standard/DateTimeFormatterRegistrar
instanceKlass org/springframework/format/FormatterRegistrar
instanceKlass org/springframework/format/support/FormattingConversionService$AnnotationParserConverter
instanceKlass org/springframework/format/support/FormattingConversionService$AnnotationPrinterConverter
instanceKlass org/springframework/util/NumberUtils
instanceKlass  @bci org/springframework/core/GenericTypeResolver getSingleGeneric (Lorg/springframework/core/ResolvableType;)Ljava/lang/Class; 15 <appendix> member <vmtarget> ; # org/springframework/core/GenericTypeResolver$$Lambda+0x000001f74b0e4278
instanceKlass org/springframework/format/annotation/NumberFormat
instanceKlass org/springframework/core/GenericTypeResolver
instanceKlass org/springframework/context/support/EmbeddedValueResolutionSupport
instanceKlass org/springframework/format/AnnotationFormatterFactory
instanceKlass org/springframework/core/convert/support/ObjectToOptionalConverter
instanceKlass org/springframework/core/convert/support/FallbackObjectToStringConverter
instanceKlass org/springframework/core/convert/support/IdToEntityConverter
instanceKlass org/springframework/core/convert/support/ObjectToObjectConverter
instanceKlass java/util/Calendar
instanceKlass org/springframework/core/convert/support/ZonedDateTimeToCalendarConverter
instanceKlass org/springframework/core/convert/support/ZoneIdToTimeZoneConverter
instanceKlass org/springframework/core/convert/support/StringToTimeZoneConverter
instanceKlass org/springframework/core/convert/support/InstantToDateConverter
instanceKlass org/springframework/core/convert/support/DateToInstantConverter
instanceKlass org/springframework/core/convert/support/ByteBufferConverter
instanceKlass  @bci org/springframework/core/convert/TypeDescriptor <init> (Lorg/springframework/core/ResolvableType;Ljava/lang/Class;[Ljava/lang/annotation/Annotation;)V 27 <appendix> member <vmtarget> ; # org/springframework/core/convert/TypeDescriptor$$Lambda+0x000001f74b0e1b20
instanceKlass java/lang/invoke/TypeConvertingMethodAdapter$1
instanceKlass java/lang/classfile/constantpool/IntegerEntry
instanceKlass sun/invoke/util/BytecodeDescriptor
instanceKlass java/lang/invoke/InnerClassLambdaMetafactory$4
instanceKlass java/lang/invoke/InnerClassLambdaMetafactory$SerializationSupport
instanceKlass org/springframework/core/convert/TypeDescriptor$AnnotatedElementAdapter
instanceKlass org/springframework/core/convert/TypeDescriptor$AnnotatedElementSupplier
instanceKlass org/springframework/core/convert/TypeDescriptor
instanceKlass org/springframework/core/convert/support/StreamConverter
instanceKlass org/springframework/core/convert/support/ObjectToCollectionConverter
instanceKlass org/springframework/core/convert/support/CollectionToObjectConverter
instanceKlass org/springframework/core/convert/support/StringToCollectionConverter
instanceKlass org/springframework/core/convert/support/ObjectToArrayConverter
instanceKlass org/springframework/core/convert/support/ArrayToObjectConverter
instanceKlass org/springframework/core/convert/support/StringToArrayConverter
instanceKlass org/springframework/core/convert/support/CollectionToStringConverter
instanceKlass org/springframework/core/convert/support/ArrayToStringConverter
instanceKlass org/springframework/core/convert/support/MapToMapConverter
instanceKlass org/springframework/core/convert/support/CollectionToCollectionConverter
instanceKlass org/springframework/core/convert/support/ArrayToArrayConverter
instanceKlass org/springframework/core/convert/support/CollectionToArrayConverter
instanceKlass org/springframework/core/convert/support/ArrayToCollectionConverter
instanceKlass org/springframework/core/convert/support/StringToPatternConverter
instanceKlass java/util/UUID
instanceKlass org/springframework/core/convert/support/StringToUUIDConverter
instanceKlass org/springframework/core/convert/support/PropertiesToStringConverter
instanceKlass org/springframework/core/convert/support/StringToPropertiesConverter
instanceKlass java/util/Currency
instanceKlass org/springframework/core/convert/support/StringToCurrencyConverter
instanceKlass org/springframework/core/convert/support/StringToCharsetConverter
instanceKlass org/springframework/core/convert/support/StringToLocaleConverter
instanceKlass org/springframework/core/convert/support/IntegerToEnumConverterFactory
instanceKlass sun/reflect/generics/tree/Wildcard
instanceKlass sun/reflect/generics/tree/BottomSignature
instanceKlass org/springframework/core/convert/support/AbstractConditionalEnumConverter
instanceKlass org/springframework/core/convert/support/StringToEnumConverterFactory
instanceKlass org/springframework/core/convert/support/StringToBooleanConverter
instanceKlass org/springframework/core/convert/support/CharacterToNumberFactory
instanceKlass org/springframework/core/convert/support/NumberToCharacterConverter
instanceKlass org/springframework/core/convert/support/StringToCharacterConverter
instanceKlass org/springframework/core/convert/support/GenericConversionService$ConverterAdapter
instanceKlass org/springframework/core/convert/support/ObjectToStringConverter
instanceKlass org/springframework/core/convert/support/StringToNumberConverterFactory
instanceKlass java/util/concurrent/ConcurrentLinkedDeque$Node
instanceKlass  @bci org/springframework/core/convert/support/GenericConversionService$Converters getMatchableConverters (Lorg/springframework/core/convert/converter/GenericConverter$ConvertiblePair;)Lorg/springframework/core/convert/support/GenericConversionService$ConvertersForPair; 5 <appendix> argL0 ; # org/springframework/core/convert/support/GenericConversionService$Converters$$Lambda+0x000001f74b0dc818
instanceKlass org/springframework/core/convert/support/GenericConversionService$ConvertersForPair
instanceKlass org/springframework/core/convert/converter/GenericConverter$ConvertiblePair
instanceKlass org/springframework/core/convert/support/GenericConversionService$ConverterFactoryAdapter
instanceKlass org/springframework/core/convert/converter/ConditionalGenericConverter
instanceKlass org/springframework/core/convert/support/NumberToNumberConverterFactory
instanceKlass org/springframework/core/convert/converter/ConditionalConverter
instanceKlass org/springframework/core/convert/support/GenericConversionService$Converters
instanceKlass org/springframework/core/convert/support/GenericConversionService$NoOpConverter
instanceKlass org/springframework/core/convert/converter/ConverterFactory
instanceKlass org/springframework/core/convert/converter/Converter
instanceKlass org/springframework/format/Formatter
instanceKlass org/springframework/format/Parser
instanceKlass org/springframework/format/Printer
instanceKlass org/springframework/core/convert/converter/GenericConverter
instanceKlass org/springframework/core/convert/support/GenericConversionService
instanceKlass org/springframework/context/EmbeddedValueResolverAware
instanceKlass org/springframework/format/FormatterRegistry
instanceKlass java/lang/ProcessEnvironment$CheckedEntry
instanceKlass java/lang/ProcessEnvironment$CheckedEntrySet$1
instanceKlass java/lang/ProcessEnvironment$EntryComparator
instanceKlass java/lang/ProcessEnvironment$NameComparator
instanceKlass javax/naming/spi/NamingManager
instanceKlass com/sun/naming/internal/VersionHelper$InputStreamEnumeration
instanceKlass javax/naming/NamingEnumeration
instanceKlass jdk/internal/foreign/MemorySessionImpl
instanceKlass java/lang/foreign/MemorySegment$Scope
instanceKlass com/sun/naming/internal/VersionHelper
instanceKlass com/sun/naming/internal/ResourceManager
instanceKlass org/springframework/jndi/JndiAccessor
instanceKlass org/springframework/util/PlaceholderParser
instanceKlass org/springframework/util/PropertyPlaceholderHelper
instanceKlass org/springframework/util/PropertyPlaceholderHelper$PlaceholderResolver
instanceKlass org/springframework/util/SystemPropertyUtils
instanceKlass org/springframework/core/SpringProperties
instanceKlass org/springframework/core/env/AbstractPropertyResolver
instanceKlass org/springframework/boot/context/properties/source/ConfigurationPropertySources
instanceKlass org/springframework/core/env/MutablePropertySources
instanceKlass javax/naming/InitialContext
instanceKlass javax/naming/Context
instanceKlass org/springframework/core/env/AbstractEnvironment
instanceKlass org/springframework/web/context/ConfigurableWebEnvironment
instanceKlass org/springframework/boot/web/servlet/context/ServletWebServerApplicationContextFactory
instanceKlass org/springframework/boot/web/reactive/context/ReactiveWebServerApplicationContextFactory
instanceKlass  @bci org/springframework/boot/DefaultApplicationContextFactory createEnvironment (Lorg/springframework/boot/WebApplicationType;)Lorg/springframework/core/env/ConfigurableEnvironment; 2 <appendix> argL0 ; # org/springframework/boot/DefaultApplicationContextFactory$$Lambda+0x000001f74b0d77d0
instanceKlass org/springframework/core/env/CommandLineArgs
instanceKlass org/springframework/core/env/SimpleCommandLineArgsParser
instanceKlass org/springframework/boot/DefaultApplicationArguments
instanceKlass java/util/logging/LogManager$CloseOnReset
instanceKlass java/util/logging/ErrorManager
instanceKlass jdk/internal/logger/SimpleConsoleLogger$Formatting
instanceKlass sun/util/logging/PlatformLogger
instanceKlass sun/util/logging/PlatformLogger$ConfigurableBridge$LoggerConfiguration
instanceKlass  @bci java/util/logging/SimpleFormatter <init> ()V 5 <appendix> argL0 ; # java/util/logging/SimpleFormatter$$Lambda+0x000001f74b08a5b0
instanceKlass java/util/logging/Formatter
instanceKlass jdk/internal/logger/BootstrapLogger$BootstrapExecutors
instanceKlass jdk/internal/logger/BootstrapLogger$RedirectedLoggers
instanceKlass jdk/internal/logger/BootstrapLogger$DetectBackend
instanceKlass jdk/internal/logger/BootstrapLogger
instanceKlass sun/util/logging/PlatformLogger$ConfigurableBridge
instanceKlass sun/util/logging/PlatformLogger$Bridge
instanceKlass  @bci java/util/stream/MatchOps makeRef (Ljava/util/function/Predicate;Ljava/util/stream/MatchOps$MatchKind;)Ljava/util/stream/TerminalOp; 20 <appendix> member <vmtarget> ; # java/util/stream/MatchOps$$Lambda+0x800000005
instanceKlass java/util/stream/MatchOps$BooleanTerminalSink
instanceKlass java/util/stream/MatchOps$MatchOp
instanceKlass java/util/stream/MatchOps
instanceKlass java/util/stream/Streams
instanceKlass java/util/stream/Stream$Builder
instanceKlass java/util/stream/Streams$AbstractStreamBuilderImpl
instanceKlass java/util/stream/ReferencePipeline$7$1FlatMap
instanceKlass  @bci java/util/logging/Level$KnownLevel findByName (Ljava/lang/String;Ljava/util/function/Function;)Ljava/util/Optional; 29 <appendix> argL0 ; # java/util/logging/Level$KnownLevel$$Lambda+0x800000024
instanceKlass  @bci java/util/logging/Level findLevel (Ljava/lang/String;)Ljava/util/logging/Level; 13 <appendix> argL0 ; # java/util/logging/Level$$Lambda+0x800000020
instanceKlass java/util/Hashtable$Enumerator
instanceKlass java/util/Collections$SynchronizedCollection
instanceKlass java/util/Properties$EntrySet
instanceKlass java/util/Collections$3
instanceKlass java/util/logging/LogManager$VisitedLoggers
instanceKlass java/util/logging/Logger$ConfigurationData
instanceKlass java/util/logging/Logger$LoggerBundle
instanceKlass java/util/logging/Logger
instanceKlass java/lang/System$LoggerFinder
instanceKlass java/util/logging/LogManager$LoggingProviderAccess
instanceKlass sun/util/logging/internal/LoggingProviderImpl$LogManagerAccess
instanceKlass java/lang/Shutdown$Lock
instanceKlass java/lang/Shutdown
instanceKlass java/lang/ApplicationShutdownHooks$1
instanceKlass java/lang/ApplicationShutdownHooks
instanceKlass java/util/logging/LogManager$LogNode
instanceKlass java/util/logging/LogManager$LoggerContext
instanceKlass  @bci java/util/logging/Level$KnownLevel add (Ljava/util/logging/Level;)V 49 <appendix> argL0 ; # java/util/logging/Level$KnownLevel$$Lambda+0x800000023
instanceKlass  @bci java/util/logging/Level$KnownLevel add (Ljava/util/logging/Level;)V 19 <appendix> argL0 ; # java/util/logging/Level$KnownLevel$$Lambda+0x800000022
instanceKlass java/util/logging/Level
instanceKlass java/util/logging/Handler
instanceKlass  @bci org/springframework/boot/logging/logback/LogbackLoggingSystem getLoggerContext ()Lch/qos/logback/classic/LoggerContext; 10 <appendix> member <vmtarget> ; # org/springframework/boot/logging/logback/LogbackLoggingSystem$$Lambda+0x000001f74b0d6500
instanceKlass org/springframework/boot/logging/AbstractLoggingSystem$LogLevels
instanceKlass org/springframework/boot/logging/LoggerConfigurationComparator
instanceKlass org/springframework/boot/logging/logback/LogbackConfigurator
instanceKlass ch/qos/logback/classic/spi/LoggerContextListener
instanceKlass org/springframework/boot/logging/LoggingSystemProperties
instanceKlass  @bci org/springframework/core/annotation/TypeMappedAnnotation createIfPossible (Lorg/springframework/core/annotation/AnnotationTypeMapping;Ljava/lang/Object;Ljava/lang/annotation/Annotation;ILorg/springframework/core/annotation/IntrospectionFailureLogger;)Lorg/springframework/core/annotation/TypeMappedAnnotation; 3 <appendix> argL0 ; # org/springframework/core/annotation/TypeMappedAnnotation$$Lambda+0x000001f74b0d2710
instanceKlass  @cpi org/springframework/boot/autoconfigure/ssl/SslPropertiesBundleRegistrar 315 form vmentry <vmtarget> ; # java/lang/invoke/LambdaForm$DMH+0x000001f74b0d4400
instanceKlass org/springframework/core/annotation/AnnotationUtils
instanceKlass org/springframework/core/annotation/ValueExtractor
instanceKlass  @bci org/springframework/core/annotation/AnnotationTypeMappings <init> (Lorg/springframework/core/annotation/RepeatableContainers;Lorg/springframework/core/annotation/AnnotationFilter;Ljava/lang/Class;Ljava/util/Set;)V 36 <appendix> argL0 ; # org/springframework/core/annotation/AnnotationTypeMappings$$Lambda+0x000001f74b0d1f88
instanceKlass  @bci software/amazon/awssdk/regions/servicemetadata/EnhancedS3ServiceMetadata <init> (Lsoftware/amazon/awssdk/regions/ServiceMetadataConfiguration;)V 63 <appendix> form vmentry <vmtarget> ; # java/lang/invoke/LambdaForm$DMH+0x000001f74b0d4000
instanceKlass  @bci sun/reflect/annotation/AnnotationParser parseEnumArray (ILjava/lang/Class;Ljava/nio/ByteBuffer;Ljdk/internal/reflect/ConstantPool;Ljava/lang/Class;)Ljava/lang/Object; 16 <appendix> member <vmtarget> ; # sun/reflect/annotation/AnnotationParser$$Lambda+0x000001f74b088ce8
instanceKlass org/springframework/core/annotation/AliasFor
instanceKlass org/springframework/core/annotation/AnnotationTypeMapping$MirrorSets
instanceKlass org/springframework/core/annotation/AnnotationTypeMapping$MirrorSets$MirrorSet
instanceKlass  @bci org/springframework/core/annotation/AnnotationTypeMapping <clinit> ()V 8 <appendix> argL0 ; # org/springframework/core/annotation/AnnotationTypeMapping$$Lambda+0x000001f74b0d1488
instanceKlass org/springframework/core/annotation/AnnotationTypeMapping
instanceKlass  @bci org/springframework/core/annotation/AnnotationTypeMappings$Cache get (Ljava/lang/Class;Ljava/util/Set;)Lorg/springframework/core/annotation/AnnotationTypeMappings; 7 <appendix> member <vmtarget> ; # org/springframework/core/annotation/AnnotationTypeMappings$Cache$$Lambda+0x000001f74b0d0d88
instanceKlass  @bci org/springframework/core/annotation/AnnotationTypeMappings forAnnotationType (Ljava/lang/Class;Lorg/springframework/core/annotation/RepeatableContainers;Lorg/springframework/core/annotation/AnnotationFilter;Ljava/util/Set;)Lorg/springframework/core/annotation/AnnotationTypeMappings; 12 <appendix> member <vmtarget> ; # org/springframework/core/annotation/AnnotationTypeMappings$$Lambda+0x000001f74b0d0b30
instanceKlass org/springframework/core/annotation/AnnotationTypeMappings$Cache
instanceKlass org/springframework/core/annotation/AnnotationTypeMappings
instanceKlass  @bci org/springframework/core/annotation/RepeatableContainers$StandardRepeatableContainers getRepeatedAnnotationsMethod (Ljava/lang/Class;)Ljava/lang/reflect/Method; 4 <appendix> argL0 ; # org/springframework/core/annotation/RepeatableContainers$StandardRepeatableContainers$$Lambda+0x000001f74b0cecf8
instanceKlass  @bci org/springframework/core/annotation/AttributeMethods forAnnotationType (Ljava/lang/Class;)Lorg/springframework/core/annotation/AttributeMethods; 12 <appendix> argL0 ; # org/springframework/core/annotation/AttributeMethods$$Lambda+0x000001f74b0ceaa8
instanceKlass  @bci org/springframework/core/annotation/AttributeMethods <clinit> ()V 25 <appendix> argL0 ; # org/springframework/core/annotation/AttributeMethods$$Lambda+0x000001f74b0ce800
instanceKlass  @cpi org/springframework/beans/factory/support/AutowireUtils 366 form vmentry <vmtarget> ; # java/lang/invoke/LambdaForm$DMH+0x000001f74b0ce400
instanceKlass org/springframework/core/annotation/AttributeMethods
instanceKlass org/springframework/beans/factory/aot/BeanFactoryInitializationAotProcessor
instanceKlass org/springframework/boot/logging/logback/LogbackLoggingSystem$Factory
instanceKlass org/springframework/boot/logging/log4j2/Log4J2LoggingSystem$Factory
instanceKlass org/springframework/boot/logging/java/JavaLoggingSystem$Factory
instanceKlass  @bci org/springframework/boot/logging/LoggingSystemFactory fromSpringFactories ()Lorg/springframework/boot/logging/LoggingSystemFactory; 4 <appendix> argL0 ; # org/springframework/boot/logging/LoggingSystemFactory$$Lambda+0x000001f74b0cb800
instanceKlass org/springframework/boot/logging/DelegatingLoggingSystemFactory
instanceKlass org/springframework/boot/logging/LoggingSystemFactory
instanceKlass org/springframework/boot/logging/LoggingSystem
# instanceKlass java/lang/invoke/LambdaForm$MH+0x000001f74b0ce000
# instanceKlass java/lang/invoke/LambdaForm$MH+0x000001f74b0cdc00
# instanceKlass java/lang/invoke/LambdaForm$MH+0x000001f74b0cd800
instanceKlass com/plant_fetlilizer_ai/image_storage_service/ImageStorageServiceApplication
instanceKlass  @bci org/apache/catalina/core/ApplicationFilterConfig registerJMX ()V 74 <appendix> form vmentry <vmtarget> ; # java/lang/invoke/LambdaForm$MH+0x000001f74b0ccc00
instanceKlass  @bci org/springframework/boot/devtools/restart/FailureHandler <clinit> ()V 0 <appendix> argL0 ; # org/springframework/boot/devtools/restart/FailureHandler$$Lambda+0x000001f74b0cab78
instanceKlass org/springframework/boot/devtools/restart/FailureHandler
instanceKlass  @bci org/springframework/boot/devtools/restart/Restarter immediateRestart ()V 5 <appendix> member <vmtarget> ; # org/springframework/boot/devtools/restart/Restarter$$Lambda+0x000001f74b0ca6e8
instanceKlass jdk/internal/reflect/FieldAccessorImpl
instanceKlass jdk/internal/reflect/FieldAccessor
# instanceKlass java/lang/invoke/LambdaForm$MH+0x000001f74b0cc400
instanceKlass org/springframework/asm/ClassVisitor
instanceKlass org/springframework/cglib/core/ClassNameReader
instanceKlass java/util/concurrent/LinkedBlockingDeque$Node
instanceKlass java/lang/Thread$ThreadNumbering
instanceKlass org/springframework/boot/devtools/restart/MainMethod
instanceKlass  @bci java/util/regex/Pattern union (Ljava/util/regex/Pattern$CharPredicate;Ljava/util/regex/Pattern$CharPredicate;Z)Ljava/util/regex/Pattern$CharPredicate; 6 <appendix> member <vmtarget> ; # java/util/regex/Pattern$$Lambda+0x800000034
instanceKlass  @bci java/util/regex/CharPredicates ASCII_WORD ()Ljava/util/regex/Pattern$BmpCharPredicate; 0 <appendix> argL0 ; # java/util/regex/CharPredicates$$Lambda+0x000001f74b087df8
instanceKlass  @bci org/springframework/boot/devtools/settings/DevToolsSettings getPatterns (Ljava/util/Map;Ljava/lang/String;)Ljava/util/Map; 11 <appendix> member <vmtarget> ; # org/springframework/boot/devtools/settings/DevToolsSettings$$Lambda+0x000001f74b0c9808
instanceKlass org/springframework/boot/devtools/settings/DevToolsSettings
instanceKlass  @bci org/springframework/boot/devtools/restart/ChangeableUrls urlsFromClassLoader (Ljava/lang/ClassLoader;)[Ljava/net/URL; 44 <appendix> argL0 ; # org/springframework/boot/devtools/restart/ChangeableUrls$$Lambda+0x000001f74b0c93a0
instanceKlass  @bci org/springframework/boot/devtools/restart/ChangeableUrls urlsFromClassLoader (Ljava/lang/ClassLoader;)[Ljava/net/URL; 34 <appendix> argL0 ; # org/springframework/boot/devtools/restart/ChangeableUrls$$Lambda+0x000001f74b0c9150
instanceKlass  @bci java/util/stream/Collectors toList ()Ljava/util/stream/Collector; 14 <appendix> argL0 ; # java/util/stream/Collectors$$Lambda+0x000001f74b087ba0
instanceKlass  @bci java/util/stream/Collectors toList ()Ljava/util/stream/Collector; 9 <appendix> argL0 ; # java/util/stream/Collectors$$Lambda+0x000001f74b087960
instanceKlass  @bci java/util/stream/Collectors toList ()Ljava/util/stream/Collector; 4 <appendix> argL0 ; # java/util/stream/Collectors$$Lambda+0x000001f74b087730
instanceKlass  @bci sun/management/spi/PlatformMBeanProvider$PlatformComponent getMBeans (Ljava/lang/Class;)Ljava/util/List; 63 <appendix> member <vmtarget> ; # sun/management/spi/PlatformMBeanProvider$PlatformComponent$$Lambda+0x000001f74b0874d8
instanceKlass  @bci sun/management/spi/PlatformMBeanProvider$PlatformComponent getMBeans (Ljava/lang/Class;)Ljava/util/List; 47 <appendix> member <vmtarget> ; # sun/management/spi/PlatformMBeanProvider$PlatformComponent$$Lambda+0x000001f74b087270
instanceKlass  @cpi org/springframework/web/client/RestTemplate$AcceptHeaderRequestCallback 237 form vmentry <vmtarget> ; # java/lang/invoke/LambdaForm$DMH+0x000001f74b0cc000
instanceKlass java/util/Collections$2
instanceKlass sun/management/RuntimeImpl
instanceKlass java/util/stream/ReduceOps$2ReducingSink
instanceKlass  @bci java/lang/management/ManagementFactory$PlatformMBeanFinder findSingleton (Ljava/lang/Class;)Lsun/management/spi/PlatformMBeanProvider$PlatformComponent; 30 <appendix> member <vmtarget> ; # java/lang/management/ManagementFactory$PlatformMBeanFinder$$Lambda+0x000001f74b086430
instanceKlass  @bci java/lang/management/ManagementFactory$PlatformMBeanFinder findSingleton (Ljava/lang/Class;)Lsun/management/spi/PlatformMBeanProvider$PlatformComponent; 19 <appendix> member <vmtarget> ; # java/lang/management/ManagementFactory$PlatformMBeanFinder$$Lambda+0x000001f74b0861c8
instanceKlass java/util/HashMap$HashMapSpliterator
instanceKlass jdk/management/jfr/internal/FlightRecorderMXBeanProvider$SingleMBeanComponent
instanceKlass jdk/management/jfr/FlightRecorderMXBean
instanceKlass java/lang/management/DefaultPlatformMBeanProvider$11
instanceKlass java/lang/management/DefaultPlatformMBeanProvider$10
instanceKlass java/lang/management/DefaultPlatformMBeanProvider$9
instanceKlass java/util/logging/LogManager
instanceKlass sun/management/ManagementFactoryHelper$LoggingMXBeanAccess
instanceKlass java/lang/management/DefaultPlatformMBeanProvider$8
instanceKlass java/lang/management/DefaultPlatformMBeanProvider$7
instanceKlass java/lang/management/DefaultPlatformMBeanProvider$6
instanceKlass java/lang/management/DefaultPlatformMBeanProvider$5
instanceKlass java/lang/management/DefaultPlatformMBeanProvider$4
instanceKlass java/lang/management/DefaultPlatformMBeanProvider$3
instanceKlass java/lang/management/DefaultPlatformMBeanProvider$2
instanceKlass java/lang/management/DefaultPlatformMBeanProvider$1
instanceKlass java/util/concurrent/Callable
instanceKlass com/sun/management/internal/PlatformMBeanProviderImpl$6
instanceKlass sun/management/VMManagementImpl
instanceKlass sun/management/VMManagement
instanceKlass sun/management/ManagementFactoryHelper
instanceKlass sun/management/NotificationEmitterSupport
instanceKlass javax/management/NotificationEmitter
instanceKlass javax/management/NotificationBroadcaster
instanceKlass com/sun/management/DiagnosticCommandMBean
instanceKlass javax/management/DynamicMBean
instanceKlass com/sun/management/internal/PlatformMBeanProviderImpl$5
instanceKlass com/sun/management/internal/PlatformMBeanProviderImpl$4
instanceKlass jdk/management/VirtualThreadSchedulerMXBean
instanceKlass com/sun/management/internal/PlatformMBeanProviderImpl$3
instanceKlass com/sun/management/internal/PlatformMBeanProviderImpl$2
instanceKlass com/sun/management/internal/PlatformMBeanProviderImpl$1
instanceKlass sun/management/spi/PlatformMBeanProvider$PlatformComponent
instanceKlass java/util/concurrent/CopyOnWriteArrayList$COWIterator
instanceKlass sun/management/spi/PlatformMBeanProvider
instanceKlass java/lang/management/ManagementFactory$PlatformMBeanFinder
instanceKlass java/lang/management/RuntimeMXBean
instanceKlass java/lang/management/PlatformManagedObject
instanceKlass java/lang/management/ManagementFactory
instanceKlass org/springframework/boot/devtools/logger/DevToolsLogFactory
instanceKlass org/springframework/boot/devtools/restart/ChangeableUrls
instanceKlass org/springframework/boot/devtools/restart/SilentExitExceptionHandler
instanceKlass org/springframework/boot/logging/DeferredLog$Line
instanceKlass org/springframework/boot/logging/DeferredLog
instanceKlass org/springframework/boot/devtools/restart/classloader/ClassLoaderFiles
instanceKlass org/springframework/core/SmartClassLoader
instanceKlass org/springframework/boot/devtools/restart/classloader/ClassLoaderFileRepository
instanceKlass org/springframework/beans/factory/support/BeanDefinitionRegistry
instanceKlass org/springframework/core/AliasRegistry
instanceKlass org/springframework/core/io/DefaultResourceLoader
instanceKlass java/util/concurrent/BlockingDeque
instanceKlass org/springframework/boot/devtools/restart/Restarter
instanceKlass org/springframework/boot/devtools/restart/AgentReloader
instanceKlass org/springframework/boot/devtools/restart/DefaultRestartInitializer
instanceKlass java/lang/StackTraceElement$HashedModules
instanceKlass org/springframework/core/NativeDetector
instanceKlass org/springframework/context/aot/AbstractAotProcessor
instanceKlass org/springframework/boot/devtools/system/DevToolsEnablementDeducer
instanceKlass org/springframework/aop/SpringProxy
instanceKlass org/springframework/aop/support/AopUtils
instanceKlass org/springframework/context/event/GenericApplicationListenerAdapter
instanceKlass org/springframework/context/event/AbstractApplicationEventMulticaster$CachedListenerRetriever
instanceKlass org/springframework/context/event/AbstractApplicationEventMulticaster$ListenerCacheKey
instanceKlass org/springframework/core/ResolvableTypeProvider
instanceKlass  @bci org/springframework/boot/context/event/EventPublishingRunListener refreshApplicationListeners ()V 16 <appendix> member <vmtarget> ; # org/springframework/boot/context/event/EventPublishingRunListener$$Lambda+0x000001f74b0c7d70
instanceKlass  @bci org/springframework/boot/SpringApplicationRunListeners starting (Lorg/springframework/boot/ConfigurableBootstrapContext;Ljava/lang/Class;)V 10 <appendix> member <vmtarget> ; # org/springframework/boot/SpringApplicationRunListeners$$Lambda+0x000001f74b0c7b28
instanceKlass  @bci org/springframework/boot/SpringApplicationRunListeners starting (Lorg/springframework/boot/ConfigurableBootstrapContext;Ljava/lang/Class;)V 4 <appendix> member <vmtarget> ; # org/springframework/boot/SpringApplicationRunListeners$$Lambda+0x000001f74b0c78e0
instanceKlass org/springframework/boot/SpringApplicationRunListeners
# instanceKlass java/lang/invoke/LambdaForm$MH+0x000001f74b0c0c00
instanceKlass java/util/stream/Nodes$ArrayNode
instanceKlass  @bci org/springframework/core/io/support/SpringFactoriesLoader$FactoryInstantiator resolveArgs (Lorg/springframework/core/io/support/SpringFactoriesLoader$ArgumentResolver;)[Ljava/lang/Object; 22 <appendix> member <vmtarget> ; # org/springframework/core/io/support/SpringFactoriesLoader$FactoryInstantiator$$Lambda+0x000001f74b0c7430
instanceKlass  @cpi org/springframework/web/servlet/function/support/RouterFunctionMapping 364 form vmentry <vmtarget> ; # java/lang/invoke/LambdaForm$DMH+0x000001f74b0c0800
instanceKlass org/springframework/util/ErrorHandler
instanceKlass org/springframework/boot/availability/AvailabilityState
instanceKlass org/springframework/boot/context/event/EventPublishingRunListener
instanceKlass org/springframework/boot/SpringApplicationRunListener
instanceKlass  @bci org/springframework/core/io/support/SpringFactoriesLoader$ArgumentResolver and (Lorg/springframework/core/io/support/SpringFactoriesLoader$ArgumentResolver;)Lorg/springframework/core/io/support/SpringFactoriesLoader$ArgumentResolver; 2 <appendix> member <vmtarget> ; # org/springframework/core/io/support/SpringFactoriesLoader$ArgumentResolver$$Lambda+0x000001f74b0c6848
instanceKlass  @cpi org/springframework/core/io/support/SpringFactoriesLoader$ArgumentResolver 109 form vmentry <vmtarget> ; # java/lang/invoke/LambdaForm$DMH+0x000001f74b0c0400
instanceKlass org/springframework/core/io/support/SpringFactoriesLoader$ArgumentResolver$1
instanceKlass  @bci org/springframework/core/io/support/SpringFactoriesLoader$ArgumentResolver ofSupplied (Ljava/lang/Class;Ljava/util/function/Supplier;)Lorg/springframework/core/io/support/SpringFactoriesLoader$ArgumentResolver; 2 <appendix> member <vmtarget> ; # org/springframework/core/io/support/SpringFactoriesLoader$ArgumentResolver$$Lambda+0x000001f74b0c6380
instanceKlass  @bci org/springframework/core/io/support/SpringFactoriesLoader$ArgumentResolver of (Ljava/lang/Class;Ljava/lang/Object;)Lorg/springframework/core/io/support/SpringFactoriesLoader$ArgumentResolver; 2 <appendix> member <vmtarget> ; # org/springframework/core/io/support/SpringFactoriesLoader$ArgumentResolver$$Lambda+0x000001f74b0c6148
instanceKlass org/springframework/core/io/support/SpringFactoriesLoader$ArgumentResolver
instanceKlass  @bci org/springframework/cloud/bootstrap/TextEncryptorConfigBootstrapper initialize (Lorg/springframework/boot/BootstrapRegistry;)V 53 <appendix> argL0 ; # org/springframework/cloud/bootstrap/TextEncryptorConfigBootstrapper$$Lambda+0x000001f74b0c5f08
instanceKlass  @bci org/springframework/cloud/bootstrap/encrypt/TextEncryptorUtils register (Lorg/springframework/boot/BootstrapRegistry;)V 16 <appendix> argL0 ; # org/springframework/cloud/bootstrap/encrypt/TextEncryptorUtils$$Lambda+0x000001f74b0c5cb8
instanceKlass  @bci org/springframework/cloud/bootstrap/encrypt/TextEncryptorUtils register (Lorg/springframework/boot/BootstrapRegistry;)V 3 <appendix> argL0 ; # org/springframework/cloud/bootstrap/encrypt/TextEncryptorUtils$$Lambda+0x000001f74b0c5a68
instanceKlass org/springframework/boot/context/properties/bind/BindHandler
instanceKlass org/springframework/core/env/PropertySources
instanceKlass org/springframework/cloud/bootstrap/encrypt/TextEncryptorUtils
instanceKlass  @bci org/springframework/cloud/bootstrap/TextEncryptorConfigBootstrapper initialize (Lorg/springframework/boot/BootstrapRegistry;)V 38 <appendix> argL0 ; # org/springframework/cloud/bootstrap/TextEncryptorConfigBootstrapper$$Lambda+0x000001f74b0c5818
instanceKlass org/springframework/cloud/bootstrap/encrypt/RsaProperties
instanceKlass  @bci org/springframework/boot/DefaultBootstrapContext register (Ljava/lang/Class;Lorg/springframework/boot/BootstrapRegistry$InstanceSupplier;Z)V 60 <appendix> member <vmtarget> ; # org/springframework/boot/DefaultBootstrapContext$$Lambda+0x000001f74b0c5390
instanceKlass  @bci org/springframework/cloud/bootstrap/TextEncryptorConfigBootstrapper initialize (Lorg/springframework/boot/BootstrapRegistry;)V 13 <appendix> argL0 ; # org/springframework/cloud/bootstrap/TextEncryptorConfigBootstrapper$$Lambda+0x000001f74b0c5140
instanceKlass org/springframework/boot/BootstrapRegistry$InstanceSupplier
instanceKlass org/springframework/cloud/bootstrap/encrypt/KeyProperties
instanceKlass org/springframework/aop/framework/Advised
instanceKlass org/springframework/aop/TargetClassAware
instanceKlass org/springframework/aop/framework/AopProxyUtils
instanceKlass  @bci org/springframework/cloud/bootstrap/RefreshBootstrapRegistryInitializer initialize (Lorg/springframework/boot/BootstrapRegistry;)V 1 <appendix> argL0 ; # org/springframework/cloud/bootstrap/RefreshBootstrapRegistryInitializer$$Lambda+0x000001f74b0c4ca0
instanceKlass  @bci org/springframework/boot/SpringApplication createBootstrapContext ()Lorg/springframework/boot/DefaultBootstrapContext; 13 <appendix> member <vmtarget> ; # org/springframework/boot/SpringApplication$$Lambda+0x000001f74b0c4a58
instanceKlass org/springframework/context/event/AbstractApplicationEventMulticaster$DefaultListenerRetriever
instanceKlass org/springframework/context/event/AbstractApplicationEventMulticaster
instanceKlass org/springframework/beans/factory/BeanFactoryAware
instanceKlass org/springframework/beans/factory/BeanClassLoaderAware
instanceKlass org/springframework/context/event/ApplicationEventMulticaster
instanceKlass org/springframework/boot/DefaultBootstrapContext
instanceKlass org/springframework/boot/SpringApplication$Startup
instanceKlass  @bci org/springframework/boot/SpringApplication findMainClass (Ljava/util/stream/Stream;)Ljava/util/Optional; 16 <appendix> argL0 ; # org/springframework/boot/SpringApplication$$Lambda+0x000001f74b02f5a8
instanceKlass  @cpi software/amazon/awssdk/regions/servicemetadata/EnhancedS3ServiceMetadata 158 form vmentry <vmtarget> ; # java/lang/invoke/LambdaForm$DMH+0x000001f74b0c0000
instanceKlass  @bci org/springframework/boot/SpringApplication findMainClass (Ljava/util/stream/Stream;)Ljava/util/Optional; 1 <appendix> argL0 ; # org/springframework/boot/SpringApplication$$Lambda+0x000001f74b02f348
instanceKlass java/lang/StackStreamFactory$FrameBuffer
instanceKlass java/lang/StackStreamFactory
instanceKlass  @bci org/springframework/boot/SpringApplication deduceMainApplicationClass ()Ljava/lang/Class; 7 <appendix> member <vmtarget> ; # org/springframework/boot/SpringApplication$$Lambda+0x000001f74b02f0f0
instanceKlass java/util/concurrent/CountDownLatch
instanceKlass org/springframework/boot/autoconfigure/BackgroundPreinitializer
instanceKlass org/springframework/boot/logging/DeferredLog$Lines
instanceKlass org/springframework/boot/logging/DeferredLogs
instanceKlass  @bci org/springframework/boot/env/EnvironmentPostProcessorApplicationListener <init> ()V 1 <appendix> argL0 ; # org/springframework/boot/env/EnvironmentPostProcessorApplicationListener$$Lambda+0x000001f74b02e758
instanceKlass org/springframework/boot/env/EnvironmentPostProcessorsFactory
instanceKlass org/springframework/boot/logging/DeferredLogFactory
instanceKlass org/springframework/boot/env/EnvironmentPostProcessorApplicationListener
instanceKlass  @bci org/springframework/util/MultiValueMapAdapter add (Ljava/lang/Object;Ljava/lang/Object;)V 5 <appendix> argL0 ; # org/springframework/util/MultiValueMapAdapter$$Lambda+0x000001f74b02d1d8
instanceKlass org/springframework/util/MultiValueMapAdapter
instanceKlass org/springframework/core/ResolvableType$DefaultVariableResolver
instanceKlass sun/reflect/generics/reflectiveObjects/ParameterizedTypeImpl
instanceKlass sun/reflect/generics/tree/TypeVariableSignature
instanceKlass org/springframework/core/ResolvableType$TypeVariablesVariableResolver
instanceKlass org/springframework/core/ResolvableType$SyntheticParameterizedType
instanceKlass org/springframework/core/SerializableTypeWrapper$SerializableTypeProxy
instanceKlass java/lang/reflect/WildcardType
instanceKlass java/lang/reflect/ParameterizedType
instanceKlass org/springframework/core/SerializableTypeWrapper
instanceKlass  @bci org/springframework/core/ResolvableType forClassWithGenerics (Ljava/lang/Class;[Lorg/springframework/core/ResolvableType;)Lorg/springframework/core/ResolvableType; 29 <appendix> member <vmtarget> ; # org/springframework/core/ResolvableType$$Lambda+0x000001f74b02bcd8
instanceKlass sun/reflect/generics/reflectiveObjects/LazyReflectiveObjectGenerator
instanceKlass sun/reflect/generics/tree/ClassSignature
instanceKlass sun/reflect/generics/tree/Signature
instanceKlass sun/reflect/generics/tree/FormalTypeParameter
instanceKlass java/lang/reflect/TypeVariable
instanceKlass sun/reflect/generics/repository/AbstractRepository
instanceKlass org/springframework/core/ResolvableType$EmptyType
instanceKlass org/springframework/core/ResolvableType$VariableResolver
instanceKlass org/springframework/core/SerializableTypeWrapper$TypeProvider
instanceKlass org/springframework/core/ResolvableType
instanceKlass org/springframework/boot/context/properties/bind/Bindable
instanceKlass org/springframework/boot/context/properties/source/ConfigurationPropertyName$ElementsParser
instanceKlass org/springframework/boot/context/properties/source/ConfigurationPropertyName$Elements
instanceKlass org/springframework/boot/context/properties/source/ConfigurationPropertyName
instanceKlass org/springframework/boot/context/logging/LoggingApplicationListener
instanceKlass org/springframework/context/event/GenericApplicationListener
instanceKlass org/springframework/boot/context/config/AnsiOutputApplicationListener
instanceKlass org/springframework/boot/context/FileEncodingApplicationListener
instanceKlass org/springframework/boot/builder/ParentContextCloserApplicationListener
instanceKlass org/springframework/context/ApplicationContextAware
instanceKlass org/springframework/beans/factory/Aware
instanceKlass org/springframework/boot/ClearCachesApplicationListener
instanceKlass org/springframework/boot/devtools/restart/RestartInitializer
instanceKlass org/springframework/boot/devtools/restart/RestartApplicationListener
instanceKlass org/springframework/boot/devtools/logger/DevToolsLogFactory$Listener
instanceKlass org/springframework/cloud/context/restart/RestartListener
instanceKlass org/springframework/context/event/SmartApplicationListener
instanceKlass org/springframework/cloud/bootstrap/LoggingSystemShutdownListener
instanceKlass org/springframework/boot/origin/OriginLookup
instanceKlass org/springframework/cloud/bootstrap/BootstrapApplicationListener
instanceKlass  @bci org/springframework/boot/logging/LogLevel <clinit> ()V 97 <appendix> argL0 ; # org/springframework/boot/logging/LogLevel$$Lambda+0x000001f74b027b40
instanceKlass  @bci org/springframework/boot/logging/LogLevel <clinit> ()V 79 <appendix> argL0 ; # org/springframework/boot/logging/LogLevel$$Lambda+0x000001f74b027910
instanceKlass  @bci org/springframework/boot/logging/LogLevel <clinit> ()V 61 <appendix> argL0 ; # org/springframework/boot/logging/LogLevel$$Lambda+0x000001f74b0276e0
instanceKlass  @bci org/springframework/boot/logging/LogLevel <clinit> ()V 43 <appendix> argL0 ; # org/springframework/boot/logging/LogLevel$$Lambda+0x000001f74b0274b0
instanceKlass  @bci org/springframework/boot/logging/LogLevel <clinit> ()V 25 <appendix> argL0 ; # org/springframework/boot/logging/LogLevel$$Lambda+0x000001f74b027280
instanceKlass  @bci org/springframework/boot/logging/LogLevel <clinit> ()V 7 <appendix> argL0 ; # org/springframework/boot/logging/LogLevel$$Lambda+0x000001f74b027050
instanceKlass  @cpi org/springframework/core/annotation/MergedAnnotationCollectors 265 form vmentry <vmtarget> ; # java/lang/invoke/LambdaForm$DMH+0x000001f74b025800
instanceKlass org/springframework/boot/logging/LogLevel$LogMethod
instanceKlass org/springframework/boot/autoconfigure/logging/ConditionEvaluationReportLoggingListener
instanceKlass org/springframework/boot/autoconfigure/SharedMetadataReaderFactoryContextInitializer
instanceKlass org/springframework/beans/factory/aot/BeanRegistrationExcludeFilter
instanceKlass org/springframework/boot/web/context/ServerPortInfoApplicationContextInitializer
instanceKlass org/springframework/boot/rsocket/context/RSocketPortInfoApplicationContextInitializer
instanceKlass org/springframework/boot/io/ProtocolResolverApplicationContextInitializer
instanceKlass org/springframework/boot/context/ContextIdApplicationContextInitializer
instanceKlass org/springframework/boot/context/ConfigurationWarningsApplicationContextInitializer
instanceKlass org/springframework/beans/factory/config/Scope
instanceKlass org/springframework/boot/devtools/restart/RestartScopeInitializer
instanceKlass org/springframework/context/ApplicationContextInitializer
instanceKlass org/springframework/core/DecoratingProxy
instanceKlass org/springframework/util/ObjectUtils
instanceKlass org/springframework/core/annotation/AbstractMergedAnnotation
instanceKlass java/lang/annotation/Target
# instanceKlass java/lang/invoke/LambdaForm$MH+0x000001f74b025400
instanceKlass jdk/internal/classfile/impl/StackMapDecoder$1
instanceKlass jdk/internal/classfile/impl/StackMapDecoder
instanceKlass jdk/internal/classfile/impl/StackCounter
instanceKlass  @bci java/lang/reflect/ProxyGenerator lambda$generateLookupAccessor$0 (Ljava/lang/classfile/MethodBuilder;)V 30 <appendix> member <vmtarget> ; # java/lang/reflect/ProxyGenerator$$Lambda+0x000001f74b03ab58
instanceKlass  @bci java/lang/reflect/ProxyGenerator generateLookupAccessor (Ljava/lang/classfile/ClassBuilder;)V 10 <appendix> member <vmtarget> ; # java/lang/reflect/ProxyGenerator$$Lambda+0x000001f74b03a910
instanceKlass java/lang/classfile/constantpool/StringEntry
instanceKlass java/lang/classfile/constantpool/ConstantValueEntry
instanceKlass  @bci java/lang/reflect/ProxyGenerator generateStaticInitializer (Ljava/lang/classfile/ClassBuilder;)V 10 <appendix> member <vmtarget> ; # java/lang/reflect/ProxyGenerator$$Lambda+0x000001f74b03a370
instanceKlass java/lang/classfile/attribute/StackMapTableAttribute
instanceKlass java/lang/classfile/attribute/StackMapFrameInfo
instanceKlass  @bci java/lang/reflect/ProxyGenerator$ProxyMethod lambda$generateMethod$0 (Ljava/lang/classfile/MethodBuilder;)V 30 <appendix> member <vmtarget> ; # java/lang/reflect/ProxyGenerator$ProxyMethod$$Lambda+0x000001f74b0397c0
instanceKlass java/lang/classfile/attribute/ExceptionsAttribute
instanceKlass  @bci java/lang/reflect/ProxyGenerator$ProxyMethod generateMethod (Ljava/lang/classfile/ClassBuilder;)V 42 <appendix> member <vmtarget> ; # java/lang/reflect/ProxyGenerator$ProxyMethod$$Lambda+0x000001f74b039578
instanceKlass  @bci java/lang/reflect/ProxyGenerator generateConstructor (Ljava/lang/classfile/ClassBuilder;)V 8 <appendix> member <vmtarget> ; # java/lang/reflect/ProxyGenerator$$Lambda+0x000001f74b039330
instanceKlass  @bci java/lang/reflect/ProxyGenerator generateClassFile ()[B 197 <appendix> member <vmtarget> ; # java/lang/reflect/ProxyGenerator$$Lambda+0x000001f74b0390e8
instanceKlass  @cpi org/springframework/web/cors/CorsConfiguration 456 form vmentry <vmtarget> ; # java/lang/invoke/LambdaForm$DMH+0x000001f74b025000
instanceKlass  @bci java/lang/reflect/ProxyGenerator proxyMethodsFor (Ljava/lang/String;)Ljava/util/List; 5 <appendix> argL0 ; # java/lang/reflect/ProxyGenerator$$Lambda+0x000001f74b038e98
instanceKlass java/lang/reflect/ProxyGenerator$ProxyMethod
instanceKlass java/lang/classfile/attribute/StackMapFrameInfo$ObjectVerificationTypeInfo
instanceKlass java/lang/classfile/attribute/StackMapFrameInfo$VerificationTypeInfo
instanceKlass java/lang/classfile/ClassFile$Option
instanceKlass java/lang/reflect/ProxyGenerator
instanceKlass  @bci java/lang/WeakPairMap computeIfAbsent (Ljava/lang/Object;Ljava/lang/Object;Ljava/util/function/BiFunction;)Ljava/lang/Object; 18 <appendix> member <vmtarget> ; # java/lang/WeakPairMap$$Lambda+0x000001f74b037d10
instanceKlass  @bci java/lang/Module implAddExportsOrOpens (Ljava/lang/String;Ljava/lang/Module;ZZ)V 145 <appendix> argL0 ; # java/lang/Module$$Lambda+0x000001f74b037ad0
instanceKlass  @bci java/lang/module/ModuleDescriptor$Builder packages (Ljava/util/Set;)Ljava/lang/module/ModuleDescriptor$Builder; 17 <appendix> argL0 ; # java/lang/module/ModuleDescriptor$Builder$$Lambda+0x80000000f
instanceKlass java/lang/module/ModuleDescriptor$Builder
instanceKlass  @bci java/lang/reflect/Proxy$ProxyBuilder getDynamicModule (Ljava/lang/ClassLoader;)Ljava/lang/Module; 4 <appendix> argL0 ; # java/lang/reflect/Proxy$ProxyBuilder$$Lambda+0x000001f74b037388
instanceKlass java/lang/PublicMethods
instanceKlass java/lang/reflect/Proxy$ProxyBuilder
instanceKlass  @bci java/lang/reflect/Proxy getProxyConstructor (Ljava/lang/ClassLoader;[Ljava/lang/Class;)Ljava/lang/reflect/Constructor; 18 <appendix> argL0 ; # java/lang/reflect/Proxy$$Lambda+0x000001f74b036ab0
instanceKlass java/lang/ClassValue$Version
instanceKlass java/lang/ClassValue$Identity
instanceKlass java/lang/ClassValue
instanceKlass java/lang/reflect/Proxy
instanceKlass sun/reflect/annotation/AnnotationInvocationHandler
instanceKlass java/lang/reflect/InvocationHandler
instanceKlass sun/reflect/annotation/ExceptionProxy
instanceKlass java/lang/annotation/Documented
instanceKlass java/lang/annotation/Inherited
instanceKlass java/lang/annotation/Retention
instanceKlass sun/reflect/annotation/AnnotationType
instanceKlass java/lang/reflect/GenericArrayType
instanceKlass java/lang/FunctionalInterface
instanceKlass sun/reflect/generics/visitor/Reifier
instanceKlass sun/reflect/generics/visitor/TypeTreeVisitor
instanceKlass sun/reflect/generics/factory/CoreReflectionFactory
instanceKlass sun/reflect/generics/factory/GenericsFactory
instanceKlass sun/reflect/generics/scope/AbstractScope
instanceKlass sun/reflect/generics/scope/Scope
instanceKlass sun/reflect/generics/tree/ClassTypeSignature
instanceKlass sun/reflect/generics/tree/SimpleClassTypeSignature
instanceKlass sun/reflect/generics/tree/FieldTypeSignature
instanceKlass sun/reflect/generics/tree/BaseType
instanceKlass sun/reflect/generics/tree/TypeSignature
instanceKlass sun/reflect/generics/tree/ReturnType
instanceKlass sun/reflect/generics/tree/TypeArgument
instanceKlass sun/reflect/generics/tree/TypeTree
instanceKlass sun/reflect/generics/tree/Tree
instanceKlass sun/reflect/generics/parser/SignatureParser
instanceKlass java/lang/Class$AnnotationData
instanceKlass org/springframework/core/annotation/AnnotationsScanner$1
instanceKlass org/springframework/core/annotation/MergedAnnotationSelectors$FirstDirectlyDeclared
instanceKlass org/springframework/core/annotation/MergedAnnotationSelectors$Nearest
instanceKlass org/springframework/core/annotation/MergedAnnotationSelector
instanceKlass org/springframework/core/annotation/MergedAnnotationSelectors
instanceKlass org/springframework/core/annotation/MergedAnnotation
instanceKlass org/springframework/core/annotation/TypeMappedAnnotations$MergedAnnotationFinder
instanceKlass org/springframework/core/annotation/Order
instanceKlass org/springframework/core/annotation/OrderUtils
instanceKlass org/springframework/core/annotation/AnnotationsScanner
instanceKlass org/springframework/core/annotation/AnnotationsProcessor
instanceKlass org/springframework/core/annotation/TypeMappedAnnotations
instanceKlass  @bci org/springframework/core/annotation/MergedAnnotations$Search <clinit> ()V 8 <appendix> argL0 ; # org/springframework/core/annotation/MergedAnnotations$Search$$Lambda+0x000001f74b022228
instanceKlass  @bci org/springframework/core/annotation/MergedAnnotations$Search <clinit> ()V 0 <appendix> argL0 ; # org/springframework/core/annotation/MergedAnnotations$Search$$Lambda+0x000001f74b021fc8
instanceKlass org/springframework/core/annotation/MergedAnnotations$Search
instanceKlass org/springframework/core/annotation/AnnotationFilter$2
instanceKlass org/springframework/core/annotation/AnnotationFilter$1
instanceKlass java/util/ComparableTimSort
instanceKlass org/springframework/core/annotation/PackagesAnnotationFilter
instanceKlass org/springframework/core/annotation/AnnotationFilter
instanceKlass org/springframework/core/annotation/RepeatableContainers
instanceKlass org/springframework/core/annotation/MergedAnnotations
instanceKlass org/springframework/core/PriorityOrdered
instanceKlass org/springframework/core/Ordered
instanceKlass com/netflix/discovery/shared/resolver/EurekaEndpoint
instanceKlass com/netflix/discovery/EurekaClientConfig
instanceKlass org/springframework/cloud/netflix/eureka/TimeoutProperties
instanceKlass org/springframework/cloud/netflix/eureka/config/EurekaConfigServerBootstrapper
instanceKlass org/bouncycastle/asn1/ASN1Object
instanceKlass org/bouncycastle/util/Encodable
instanceKlass org/bouncycastle/asn1/ASN1Encodable
instanceKlass org/bouncycastle/util/Iterable
instanceKlass sun/security/util/ManifestEntryVerifier$SunProviderHolder
instanceKlass java/util/Base64$Encoder
instanceKlass java/util/Base64$Decoder
instanceKlass java/util/Base64
instanceKlass javax/crypto/SecretKey
instanceKlass sun/security/util/Length
instanceKlass sun/security/util/KeyUtil
instanceKlass java/security/interfaces/XECKey
instanceKlass java/security/interfaces/ECKey
instanceKlass sun/security/util/JarConstraintsParameters
instanceKlass sun/security/util/ConstraintsParameters
instanceKlass java/security/CodeSigner
instanceKlass java/security/spec/DSAParameterSpec
instanceKlass java/security/interfaces/DSAParams
instanceKlass java/security/interfaces/DSAPrivateKey
instanceKlass java/security/Timestamp
instanceKlass sun/security/timestamp/TimestampToken
instanceKlass java/security/cert/CertPath
instanceKlass javax/security/auth/x500/X500Principal$1
instanceKlass jdk/internal/access/JavaxSecurityAccess
instanceKlass javax/security/auth/x500/X500Principal
instanceKlass java/math/MutableBigInteger
instanceKlass sun/security/rsa/RSAPadding
instanceKlass sun/security/rsa/RSACore
instanceKlass java/security/interfaces/RSAPrivateCrtKey
instanceKlass sun/security/pkcs/PKCS8Key
instanceKlass sun/security/util/InternalPrivateKey
instanceKlass java/security/interfaces/RSAPrivateKey
instanceKlass java/security/PrivateKey
instanceKlass javax/security/auth/Destroyable
instanceKlass jdk/internal/icu/util/CodePointTrie$Data
instanceKlass jdk/internal/icu/util/CodePointMap
instanceKlass jdk/internal/icu/util/VersionInfo
instanceKlass  @bci jdk/internal/module/SystemModuleFinders$SystemModuleReader open (Ljava/lang/String;)Ljava/util/Optional; 6 <appendix> member <vmtarget> ; # jdk/internal/module/SystemModuleFinders$SystemModuleReader$$Lambda+0x000001f74b07d1d8
instanceKlass jdk/internal/module/Checks
instanceKlass jdk/internal/icu/impl/ICUBinary
instanceKlass jdk/internal/icu/impl/NormalizerImpl$IsAcceptable
instanceKlass jdk/internal/icu/impl/ICUBinary$Authenticate
instanceKlass jdk/internal/icu/impl/NormalizerImpl
instanceKlass jdk/internal/icu/impl/Norm2AllModes$Norm2AllModesSingleton
instanceKlass jdk/internal/icu/impl/Norm2AllModes$NFKCSingleton
instanceKlass jdk/internal/icu/impl/Norm2AllModes
instanceKlass jdk/internal/icu/text/Normalizer2
instanceKlass jdk/internal/icu/text/NormalizerBase$ModeImpl
instanceKlass jdk/internal/icu/text/NormalizerBase$NFKDModeImpl
instanceKlass jdk/internal/icu/text/NormalizerBase$1
instanceKlass jdk/internal/icu/text/NormalizerBase$Mode
instanceKlass jdk/internal/icu/text/NormalizerBase
instanceKlass java/text/Normalizer
instanceKlass sun/security/x509/AVAKeyword
instanceKlass java/util/StringJoiner
instanceKlass sun/security/jca/ServiceId
instanceKlass java/security/Signature$1
instanceKlass jdk/internal/access/JavaSecuritySignatureAccess
instanceKlass java/security/SignatureSpi
instanceKlass sun/security/util/SignatureUtil
instanceKlass sun/security/provider/ByteArrayAccess$BE
instanceKlass sun/security/provider/ByteArrayAccess
instanceKlass sun/security/util/MessageDigestSpi2
instanceKlass java/security/MessageDigestSpi
instanceKlass sun/security/pkcs/SigningCertificateInfo$ESSCertId
instanceKlass sun/security/x509/AccessDescription
instanceKlass sun/security/x509/DNSName
instanceKlass sun/security/x509/URIName
instanceKlass sun/security/x509/GeneralName
instanceKlass sun/security/x509/DistributionPoint
instanceKlass sun/security/x509/CertificatePolicyId
instanceKlass sun/security/x509/PolicyInformation
instanceKlass  @bci sun/security/pkcs/PKCS9Attribute <clinit> ()V 531 <appendix> argL0 ; # sun/security/pkcs/PKCS9Attribute$$Lambda+0x000001f74b077068
instanceKlass  @bci sun/security/pkcs/PKCS9Attribute <clinit> ()V 526 <appendix> argL0 ; # sun/security/pkcs/PKCS9Attribute$$Lambda+0x000001f74b076e38
instanceKlass  @bci sun/security/pkcs/PKCS9Attribute <clinit> ()V 504 <appendix> argL0 ; # sun/security/pkcs/PKCS9Attribute$$Lambda+0x000001f74b076c08
instanceKlass  @bci sun/security/pkcs/PKCS9Attribute <clinit> ()V 499 <appendix> argL0 ; # sun/security/pkcs/PKCS9Attribute$$Lambda+0x000001f74b0769d8
instanceKlass  @bci sun/security/pkcs/PKCS9Attribute <clinit> ()V 477 <appendix> argL0 ; # sun/security/pkcs/PKCS9Attribute$$Lambda+0x000001f74b0767a8
instanceKlass  @bci sun/security/pkcs/PKCS9Attribute <clinit> ()V 472 <appendix> argL0 ; # sun/security/pkcs/PKCS9Attribute$$Lambda+0x000001f74b076578
instanceKlass sun/security/pkcs/SigningCertificateInfo
instanceKlass  @bci sun/security/pkcs/PKCS9Attribute <clinit> ()V 449 <appendix> argL0 ; # sun/security/pkcs/PKCS9Attribute$$Lambda+0x000001f74b076120
instanceKlass  @cpi org/springframework/boot/logging/LoggingSystemProperties 303 form vmentry <vmtarget> ; # java/lang/invoke/LambdaForm$DMH+0x000001f74b024c00
instanceKlass  @bci sun/security/pkcs/PKCS9Attribute <clinit> ()V 444 <appendix> argL0 ; # sun/security/pkcs/PKCS9Attribute$$Lambda+0x000001f74b075ef0
instanceKlass  @bci sun/security/pkcs/PKCS9Attribute <clinit> ()V 401 <appendix> argL0 ; # sun/security/pkcs/PKCS9Attribute$$Lambda+0x000001f74b075cc0
instanceKlass  @bci sun/security/pkcs/PKCS9Attribute <clinit> ()V 396 <appendix> argL0 ; # sun/security/pkcs/PKCS9Attribute$$Lambda+0x000001f74b075a90
instanceKlass  @bci sun/security/pkcs/PKCS9Attribute <clinit> ()V 353 <appendix> argL0 ; # sun/security/pkcs/PKCS9Attribute$$Lambda+0x000001f74b075860
instanceKlass  @bci sun/security/pkcs/PKCS9Attribute <clinit> ()V 348 <appendix> argL0 ; # sun/security/pkcs/PKCS9Attribute$$Lambda+0x000001f74b075630
instanceKlass  @bci sun/security/pkcs/PKCS9Attribute <clinit> ()V 325 <appendix> argL0 ; # sun/security/pkcs/PKCS9Attribute$$Lambda+0x000001f74b075400
instanceKlass  @bci sun/security/pkcs/PKCS9Attribute <clinit> ()V 320 <appendix> argL0 ; # sun/security/pkcs/PKCS9Attribute$$Lambda+0x000001f74b0751d0
instanceKlass  @bci sun/security/pkcs/PKCS9Attribute <clinit> ()V 292 <appendix> argL0 ; # sun/security/pkcs/PKCS9Attribute$$Lambda+0x000001f74b074fa0
instanceKlass  @bci sun/security/pkcs/PKCS9Attribute <clinit> ()V 287 <appendix> argL0 ; # sun/security/pkcs/PKCS9Attribute$$Lambda+0x000001f74b074d70
instanceKlass  @bci sun/security/pkcs/PKCS9Attribute <clinit> ()V 265 <appendix> argL0 ; # sun/security/pkcs/PKCS9Attribute$$Lambda+0x000001f74b074b40
instanceKlass  @bci sun/security/pkcs/PKCS9Attribute <clinit> ()V 260 <appendix> argL0 ; # sun/security/pkcs/PKCS9Attribute$$Lambda+0x000001f74b074910
instanceKlass  @bci sun/security/pkcs/PKCS9Attribute <clinit> ()V 238 <appendix> argL0 ; # sun/security/pkcs/PKCS9Attribute$$Lambda+0x000001f74b0746e0
instanceKlass  @bci sun/security/pkcs/PKCS9Attribute <clinit> ()V 233 <appendix> argL0 ; # sun/security/pkcs/PKCS9Attribute$$Lambda+0x000001f74b0744b0
instanceKlass  @bci sun/security/pkcs/PKCS9Attribute <clinit> ()V 185 <appendix> argL0 ; # sun/security/pkcs/PKCS9Attribute$$Lambda+0x000001f74b074280
instanceKlass  @bci sun/security/pkcs/PKCS9Attribute <clinit> ()V 180 <appendix> argL0 ; # sun/security/pkcs/PKCS9Attribute$$Lambda+0x000001f74b074050
instanceKlass  @bci sun/security/pkcs/PKCS9Attribute <clinit> ()V 157 <appendix> argL0 ; # sun/security/pkcs/PKCS9Attribute$$Lambda+0x000001f74b073c00
instanceKlass sun/security/pkcs/PKCS9Attribute$Encoder
instanceKlass  @bci sun/security/pkcs/PKCS9Attribute <clinit> ()V 152 <appendix> argL0 ; # sun/security/pkcs/PKCS9Attribute$$Lambda+0x000001f74b0739d0
instanceKlass java/lang/WeakPairMap$Pair$Lookup
instanceKlass java/lang/WeakPairMap$Pair
instanceKlass java/lang/WeakPairMap
instanceKlass java/lang/Module$ReflectionData
instanceKlass sun/security/pkcs/PKCS9Attribute$Decoder
instanceKlass sun/security/pkcs/PKCS9Attribute
instanceKlass sun/security/pkcs/PKCS9Attributes
instanceKlass java/time/ZonedDateTime
instanceKlass java/time/chrono/ChronoZonedDateTime
instanceKlass  @bci java/util/regex/CharPredicates ASCII_DIGIT ()Ljava/util/regex/Pattern$BmpCharPredicate; 0 <appendix> argL0 ; # java/util/regex/CharPredicates$$Lambda+0x800000026
instanceKlass  @bci java/util/regex/CharPredicates ASCII_SPACE ()Ljava/util/regex/Pattern$BmpCharPredicate; 0 <appendix> argL0 ; # java/util/regex/CharPredicates$$Lambda+0x800000027
instanceKlass java/util/regex/CharPredicates
instanceKlass sun/security/util/DisabledAlgorithmConstraints$Constraints$Holder
instanceKlass sun/security/util/DisabledAlgorithmConstraints$Constraint
instanceKlass java/util/StringTokenizer
instanceKlass java/security/spec/ECFieldF2m
instanceKlass java/security/spec/ECParameterSpec
instanceKlass java/security/spec/ECPoint
instanceKlass java/security/spec/EllipticCurve
instanceKlass java/security/spec/ECFieldFp
instanceKlass java/security/spec/ECField
instanceKlass sun/security/util/CurveDB
instanceKlass sun/security/util/DisabledAlgorithmConstraints$Constraints
instanceKlass java/util/regex/IntHashSet
instanceKlass java/util/regex/Matcher
instanceKlass java/util/regex/MatchResult
instanceKlass java/util/TreeMap$PrivateEntryIterator
instanceKlass sun/security/util/AlgorithmDecomposer
instanceKlass sun/security/util/DisabledAlgorithmConstraints$JarHolder
instanceKlass  @bci java/util/regex/Pattern DOT ()Ljava/util/regex/Pattern$CharPredicate; 0 <appendix> argL0 ; # java/util/regex/Pattern$$Lambda+0x000001f74b06f308
instanceKlass sun/security/util/AbstractAlgorithmConstraints
instanceKlass java/security/AlgorithmConstraints
instanceKlass sun/security/pkcs/SignerInfo
instanceKlass java/security/interfaces/DSAPublicKey
instanceKlass java/security/interfaces/DSAKey
instanceKlass java/security/spec/DSAPublicKeySpec
instanceKlass java/security/AlgorithmParametersSpi
instanceKlass java/security/AlgorithmParameters
instanceKlass java/lang/System$Logger
instanceKlass jdk/internal/event/EventHelper
instanceKlass sun/security/jca/JCAUtil
instanceKlass sun/security/util/MemoryCache$CacheEntry
instanceKlass sun/security/x509/GeneralNames
instanceKlass java/util/TreeMap$Entry
instanceKlass sun/security/x509/KeyIdentifier
# instanceKlass java/lang/invoke/LambdaForm$MH+0x000001f74b024800
instanceKlass sun/security/x509/OIDMap$OIDInfo
instanceKlass sun/security/x509/PKIXExtensions
instanceKlass sun/security/x509/OIDMap
instanceKlass sun/security/x509/Extension
instanceKlass java/security/cert/Extension
instanceKlass java/util/Collections$SynchronizedMap
instanceKlass sun/security/x509/CertificateExtensions
instanceKlass sun/security/rsa/RSAUtil
instanceKlass java/security/interfaces/RSAPublicKey
instanceKlass java/security/interfaces/RSAKey
instanceKlass java/security/spec/PSSParameterSpec
instanceKlass java/security/spec/AlgorithmParameterSpec
instanceKlass java/security/spec/RSAPrivateKeySpec
instanceKlass java/security/spec/RSAPublicKeySpec
instanceKlass java/security/KeyFactorySpi
instanceKlass sun/security/rsa/SunRsaSignEntries
instanceKlass sun/security/jca/ProviderList$ServiceIterator
instanceKlass java/security/KeyFactory
instanceKlass  @bci java/security/spec/EncodedKeySpec <clinit> ()V 0 <appendix> argL0 ; # java/security/spec/EncodedKeySpec$$Lambda+0x000001f74b067618
instanceKlass  @cpi org/apache/coyote/AbstractProtocol 654 form vmentry <vmtarget> ; # java/lang/invoke/LambdaForm$DMH+0x000001f74b024400
instanceKlass jdk/internal/access/JavaSecuritySpecAccess
instanceKlass java/security/spec/EncodedKeySpec
instanceKlass java/security/spec/KeySpec
instanceKlass sun/security/util/BitArray
instanceKlass sun/security/x509/X509Key
instanceKlass java/security/PublicKey
instanceKlass java/security/AsymmetricKey
instanceKlass java/security/Key
instanceKlass sun/security/x509/CertificateX509Key
instanceKlass sun/util/calendar/CalendarUtils
instanceKlass sun/util/calendar/CalendarDate
instanceKlass sun/security/x509/CertificateValidity
instanceKlass sun/security/x509/AVA
instanceKlass sun/security/x509/RDN
instanceKlass sun/security/x509/X500Name
instanceKlass sun/security/x509/GeneralNameInterface
instanceKlass sun/security/x509/CertificateAlgorithmId
instanceKlass sun/security/x509/SerialNumber
instanceKlass sun/security/x509/CertificateSerialNumber
instanceKlass sun/security/x509/CertificateVersion
instanceKlass sun/security/x509/X509CertInfo
instanceKlass sun/security/util/Cache$EqualByteArray
instanceKlass java/security/cert/X509Extension
instanceKlass  @bci sun/security/util/DerInputStream seeOptionalContextSpecific (I)Z 2 <appendix> member <vmtarget> ; # sun/security/util/DerInputStream$$Lambda+0x000001f74b064498
instanceKlass  @cpi sun/security/util/DerInputStream 298 form vmentry <vmtarget> ; # java/lang/invoke/LambdaForm$DMH+0x000001f74b024000
instanceKlass sun/security/jca/GetInstance$Instance
instanceKlass sun/security/util/Cache
instanceKlass sun/security/jca/GetInstance
instanceKlass java/security/cert/CertificateFactorySpi
instanceKlass java/security/cert/CertificateFactory
instanceKlass sun/security/x509/AlgorithmId
instanceKlass sun/util/calendar/CalendarSystem$GregorianHolder
instanceKlass sun/util/calendar/CalendarSystem
instanceKlass java/util/Date
instanceKlass sun/security/util/ByteArrayTagOrder
instanceKlass sun/security/util/ByteArrayLexOrder
instanceKlass sun/security/util/DerValue
instanceKlass sun/security/util/ObjectIdentifier
instanceKlass sun/security/pkcs/ContentInfo
instanceKlass sun/security/util/DerEncoder
instanceKlass sun/security/util/DerInputStream
instanceKlass sun/security/pkcs/PKCS7
instanceKlass sun/security/util/SecurityProviderConstants
instanceKlass java/security/Provider$UString
instanceKlass java/security/Provider$Service
instanceKlass sun/security/provider/NativePRNG$NonBlocking
instanceKlass sun/security/provider/NativePRNG$Blocking
instanceKlass sun/security/provider/NativePRNG
instanceKlass sun/security/provider/SunEntries
instanceKlass java/security/Permission
instanceKlass java/security/Guard
instanceKlass sun/security/util/SecurityConstants
instanceKlass java/security/Security$2
instanceKlass jdk/internal/access/JavaSecurityPropertiesAccess
instanceKlass java/util/concurrent/ConcurrentHashMap$MapEntry
instanceKlass sun/nio/ch/IOStatus
instanceKlass jdk/internal/misc/Blocker
instanceKlass java/nio/channels/NetworkChannel
instanceKlass sun/nio/ch/SelChImpl
instanceKlass sun/nio/ch/Streams
instanceKlass java/nio/channels/Channels
instanceKlass sun/nio/ch/FileChannelImpl$Closer
instanceKlass sun/nio/ch/NativeThreadSet
instanceKlass java/nio/channels/spi/AbstractInterruptibleChannel$1
instanceKlass sun/nio/ch/Interruptible
instanceKlass java/nio/channels/spi/AbstractInterruptibleChannel
instanceKlass java/nio/channels/InterruptibleChannel
instanceKlass java/nio/channels/ScatteringByteChannel
instanceKlass java/nio/channels/GatheringByteChannel
instanceKlass java/nio/channels/SeekableByteChannel
instanceKlass java/nio/channels/ByteChannel
instanceKlass java/nio/channels/WritableByteChannel
instanceKlass java/util/Collections$EmptyIterator
instanceKlass sun/nio/fs/WindowsChannelFactory$Flags
instanceKlass sun/nio/fs/WindowsChannelFactory$1
instanceKlass sun/nio/fs/WindowsChannelFactory
instanceKlass sun/nio/fs/WindowsSecurityDescriptor
instanceKlass java/nio/file/attribute/FileAttribute
instanceKlass sun/nio/fs/WindowsLinkSupport
instanceKlass java/security/Security$SecPropLoader
instanceKlass java/security/Security
instanceKlass jdk/internal/math/FloatingDecimal$ASCIIToBinaryBuffer
instanceKlass jdk/internal/math/FloatingDecimal$PreparedASCIIToBinaryBuffer
instanceKlass jdk/internal/math/FloatingDecimal$ASCIIToBinaryConverter
instanceKlass jdk/internal/math/FloatingDecimal$BinaryToASCIIBuffer
instanceKlass jdk/internal/math/FloatingDecimal$ExceptionalBinaryToASCIIBuffer
instanceKlass jdk/internal/math/FloatingDecimal$BinaryToASCIIConverter
instanceKlass jdk/internal/math/FloatingDecimal
instanceKlass javax/security/auth/login/Configuration$Parameters
instanceKlass java/security/Policy$Parameters
instanceKlass javax/crypto/KDFParameters
instanceKlass java/security/cert/CertStoreParameters
instanceKlass java/security/SecureRandomParameters
instanceKlass java/security/Provider$EngineDescription
instanceKlass  @bci java/security/Provider <clinit> ()V 28 <appendix> argL0 ; # java/security/Provider$$Lambda+0x000001f74b059520
instanceKlass java/security/Provider$ServiceKey
instanceKlass sun/security/jca/ProviderConfig
instanceKlass sun/security/jca/ProviderList
instanceKlass sun/security/jca/Providers
instanceKlass  @bci sun/security/util/ManifestDigester <init> ([B)V 350 <appendix> argL0 ; # sun/security/util/ManifestDigester$$Lambda+0x000001f74b057330
instanceKlass sun/security/util/ManifestDigester$Section
instanceKlass sun/security/util/ManifestDigester$Entry
instanceKlass sun/security/util/ManifestDigester$Position
instanceKlass sun/security/util/ManifestDigester
instanceKlass sun/security/util/ManifestEntryVerifier
instanceKlass jdk/internal/misc/ThreadTracker
instanceKlass java/util/jar/JarFile$ThreadTrackHolder
instanceKlass java/util/jar/JarVerifier
instanceKlass org/springframework/security/crypto/encrypt/RsaSecretEncryptor
instanceKlass org/springframework/security/crypto/encrypt/RsaKeyHolder
instanceKlass org/springframework/security/crypto/encrypt/TextEncryptor
instanceKlass org/springframework/security/crypto/encrypt/BytesEncryptor
instanceKlass org/springframework/cloud/bootstrap/TextEncryptorConfigBootstrapper
instanceKlass  @bci org/springframework/util/ReflectionUtils <clinit> ()V 8 <appendix> argL0 ; # org/springframework/util/ReflectionUtils$$Lambda+0x000001f74b020000
instanceKlass org/springframework/util/ReflectionUtils$FieldFilter
instanceKlass  @bci org/springframework/util/ReflectionUtils <clinit> ()V 0 <appendix> argL0 ; # org/springframework/util/ReflectionUtils$$Lambda+0x000001f74b01dc00
instanceKlass  @cpi io/micrometer/observation/ObservationConvention 52 form vmentry <vmtarget> ; # java/lang/invoke/LambdaForm$DMH+0x000001f74b01d800
instanceKlass org/springframework/util/ReflectionUtils$MethodFilter
instanceKlass org/springframework/util/ReflectionUtils
instanceKlass  @bci org/springframework/core/io/support/SpringFactoriesLoader$FactoryInstantiator forClass (Ljava/lang/Class;)Lorg/springframework/core/io/support/SpringFactoriesLoader$FactoryInstantiator; 15 <appendix> member <vmtarget> ; # org/springframework/core/io/support/SpringFactoriesLoader$FactoryInstantiator$$Lambda+0x000001f74b01fcf0
instanceKlass org/springframework/core/KotlinDetector
instanceKlass org/springframework/core/io/support/SpringFactoriesLoader$FactoryInstantiator
instanceKlass  @bci org/springframework/core/io/support/SpringFactoriesLoader instantiateFactory (Ljava/lang/String;Ljava/lang/Class;Lorg/springframework/core/io/support/SpringFactoriesLoader$ArgumentResolver;Lorg/springframework/core/io/support/SpringFactoriesLoader$FailureHandler;)Ljava/lang/Object; 18 <appendix> member <vmtarget> ; # org/springframework/core/io/support/SpringFactoriesLoader$$Lambda+0x000001f74b01f898
instanceKlass org/springframework/cloud/bootstrap/RefreshBootstrapRegistryInitializer
instanceKlass org/springframework/core/log/LogMessage
instanceKlass java/util/stream/Node$Builder
instanceKlass java/util/stream/AbstractSpinedBuffer
instanceKlass java/util/stream/Node$OfDouble
instanceKlass java/util/stream/Node$OfLong
instanceKlass java/util/stream/Node$OfInt
instanceKlass java/util/stream/Node$OfPrimitive
instanceKlass java/util/stream/Nodes$EmptyNode
instanceKlass java/util/stream/Node
instanceKlass java/util/stream/Nodes
instanceKlass  @bci java/util/stream/ReferencePipeline toArray ()[Ljava/lang/Object; 1 <appendix> argL0 ; # java/util/stream/ReferencePipeline$$Lambda+0x000001f74b055b00
instanceKlass java/util/function/IntFunction
instanceKlass java/util/stream/DistinctOps
instanceKlass java/util/ArrayList$ArrayListSpliterator
instanceKlass  @bci org/springframework/core/io/support/SpringFactoriesLoader loadFactoriesResource (Ljava/lang/ClassLoader;Ljava/lang/String;)Ljava/util/Map; 63 <appendix> argL0 ; # org/springframework/core/io/support/SpringFactoriesLoader$$Lambda+0x000001f74b01e000
instanceKlass java/util/stream/ForEachOps$ForEachOp
instanceKlass java/util/stream/ForEachOps
instanceKlass  @bci org/springframework/core/io/support/SpringFactoriesLoader lambda$loadFactoriesResource$4 (Ljava/util/Map;Ljava/lang/Object;Ljava/lang/Object;)V 53 <appendix> member <vmtarget> ; # org/springframework/core/io/support/SpringFactoriesLoader$$Lambda+0x000001f74b01bc38
instanceKlass  @bci org/springframework/core/io/support/SpringFactoriesLoader lambda$loadFactoriesResource$4 (Ljava/util/Map;Ljava/lang/Object;Ljava/lang/Object;)V 36 <appendix> argL0 ; # org/springframework/core/io/support/SpringFactoriesLoader$$Lambda+0x000001f74b01b9e8
instanceKlass  @bci org/springframework/core/io/support/SpringFactoriesLoader lambda$loadFactoriesResource$4 (Ljava/util/Map;Ljava/lang/Object;Ljava/lang/Object;)V 17 <appendix> member <vmtarget> ; # org/springframework/core/io/support/SpringFactoriesLoader$$Lambda+0x000001f74b01b790
instanceKlass  @bci org/springframework/core/io/support/SpringFactoriesLoader loadFactoriesResource (Ljava/lang/ClassLoader;Ljava/lang/String;)Ljava/util/Map; 51 <appendix> member <vmtarget> ; # org/springframework/core/io/support/SpringFactoriesLoader$$Lambda+0x000001f74b01b548
instanceKlass java/net/URLDecoder
instanceKlass org/springframework/util/MultiValueMap
instanceKlass org/springframework/util/CollectionUtils
instanceKlass  @bci org/springframework/cloud/netflix/eureka/InstanceInfoFactory create (Lcom/netflix/appinfo/EurekaInstanceConfig;)Lcom/netflix/appinfo/InstanceInfo; 46 <appendix> form vmentry <vmtarget> ; # java/lang/invoke/LambdaForm$MH+0x000001f74b01d400
instanceKlass org/springframework/util/ResourceUtils
instanceKlass org/springframework/util/PropertiesPersister
instanceKlass org/springframework/core/io/support/PropertiesLoaderUtils
instanceKlass java/nio/channels/ReadableByteChannel
instanceKlass java/nio/channels/Channel
instanceKlass org/springframework/core/io/AbstractResource
instanceKlass  @bci org/springframework/core/io/support/SpringFactoriesLoader forResourceLocation (Ljava/lang/String;Ljava/lang/ClassLoader;)Lorg/springframework/core/io/support/SpringFactoriesLoader; 42 <appendix> member <vmtarget> ; # org/springframework/core/io/support/SpringFactoriesLoader$$Lambda+0x000001f74b01af58
instanceKlass org/springframework/util/ConcurrentReferenceHashMap$Entry
instanceKlass  @bci org/springframework/util/ConcurrentReferenceHashMap$Segment doTask (ILjava/lang/Object;Lorg/springframework/util/ConcurrentReferenceHashMap$Task;)Ljava/lang/Object; 112 <adapter> ; # java/lang/invoke/LambdaForm$MH+0x000001f74b01d000
# instanceKlass java/lang/invoke/LambdaForm$DMH+0x000001f74b01cc00
instanceKlass  @bci org/springframework/util/ConcurrentReferenceHashMap$Segment doTask (ILjava/lang/Object;Lorg/springframework/util/ConcurrentReferenceHashMap$Task;)Ljava/lang/Object; 112 <appendix> form vmentry <vmtarget> ; # java/lang/invoke/LambdaForm$DMH+0x000001f74b01c800
instanceKlass  @bci org/springframework/util/ConcurrentReferenceHashMap$Segment doTask (ILjava/lang/Object;Lorg/springframework/util/ConcurrentReferenceHashMap$Task;)Ljava/lang/Object; 112 <appendix> member <vmtarget> ; # org/springframework/util/ConcurrentReferenceHashMap$Segment$$Lambda+0x000001f74b01a610
instanceKlass  @cpi org/springframework/util/ConcurrentReferenceHashMap$Segment 264 form vmentry <vmtarget> ; # java/lang/invoke/LambdaForm$DMH+0x000001f74b01c400
instanceKlass org/springframework/util/ConcurrentReferenceHashMap$Entries
instanceKlass  @bci org/springframework/core/io/support/SpringFactoriesLoader forResourceLocation (Ljava/lang/String;Ljava/lang/ClassLoader;)Lorg/springframework/core/io/support/SpringFactoriesLoader; 24 <appendix> argL0 ; # org/springframework/core/io/support/SpringFactoriesLoader$$Lambda+0x000001f74b019f60
instanceKlass org/springframework/util/StringUtils
instanceKlass  @bci org/springframework/core/io/support/SpringFactoriesLoader$FailureHandler handleMessage (Ljava/util/function/BiConsumer;)Lorg/springframework/core/io/support/SpringFactoriesLoader$FailureHandler; 1 <appendix> member <vmtarget> ; # org/springframework/core/io/support/SpringFactoriesLoader$FailureHandler$$Lambda+0x000001f74b019d28
instanceKlass  @bci org/springframework/core/io/support/SpringFactoriesLoader$FailureHandler throwing (Ljava/util/function/BiFunction;)Lorg/springframework/core/io/support/SpringFactoriesLoader$FailureHandler; 1 <appendix> member <vmtarget> ; # org/springframework/core/io/support/SpringFactoriesLoader$FailureHandler$$Lambda+0x000001f74b019ae0
instanceKlass java/lang/classfile/constantpool/InterfaceMethodRefEntry
instanceKlass  @cpi org/springframework/http/client/InterceptingClientHttpRequest$InterceptingRequestExecution 186 form vmentry <vmtarget> ; # java/lang/invoke/LambdaForm$DMH+0x000001f74b01c000
instanceKlass  @bci org/springframework/core/io/support/SpringFactoriesLoader$FailureHandler throwing ()Lorg/springframework/core/io/support/SpringFactoriesLoader$FailureHandler; 0 <appendix> argL0 ; # org/springframework/core/io/support/SpringFactoriesLoader$FailureHandler$$Lambda+0x000001f74b0198a0
instanceKlass org/springframework/core/io/support/SpringFactoriesLoader$FailureHandler
instanceKlass org/springframework/core/io/Resource
instanceKlass org/springframework/core/io/InputStreamSource
instanceKlass org/springframework/core/io/support/SpringFactoriesLoader
instanceKlass org/springframework/boot/BootstrapRegistryInitializer
instanceKlass org/springframework/web/context/ConfigurableWebApplicationContext
instanceKlass org/springframework/web/context/WebApplicationContext
instanceKlass jakarta/servlet/Servlet
instanceKlass java/util/IdentityHashMap$EntryIterator$Entry
instanceKlass java/util/IdentityHashMap$IdentityHashMapIterator
instanceKlass org/springframework/util/ConcurrentReferenceHashMap$Reference
instanceKlass org/springframework/util/ConcurrentReferenceHashMap$ReferenceManager
instanceKlass org/springframework/util/ConcurrentReferenceHashMap$Task
instanceKlass org/springframework/util/ClassUtils
instanceKlass org/springframework/util/Assert
instanceKlass org/springframework/boot/ApplicationProperties
instanceKlass org/springframework/core/metrics/DefaultApplicationStartup$DefaultStartupStep$DefaultTags
instanceKlass org/springframework/core/metrics/StartupStep$Tags
instanceKlass org/springframework/core/metrics/DefaultApplicationStartup$DefaultStartupStep
instanceKlass org/springframework/core/metrics/StartupStep
instanceKlass org/springframework/core/metrics/DefaultApplicationStartup
instanceKlass org/springframework/core/metrics/ApplicationStartup
instanceKlass org/springframework/context/ConfigurableApplicationContext
instanceKlass org/springframework/context/Lifecycle
instanceKlass org/springframework/boot/DefaultApplicationContextFactory
instanceKlass org/springframework/boot/ApplicationContextFactory
instanceKlass org/springframework/boot/SpringApplicationShutdownHook$ApplicationContextClosedListener
instanceKlass org/springframework/boot/SpringApplicationShutdownHook$Handlers
instanceKlass org/springframework/boot/SpringApplicationShutdownHandlers
instanceKlass org/springframework/boot/SpringApplicationShutdownHook
instanceKlass org/apache/commons/logging/LogAdapter$Slf4jLog
instanceKlass ch/qos/logback/classic/util/LoggerNameUtil
instanceKlass org/slf4j/helpers/Reporter
instanceKlass ch/qos/logback/core/util/StatusPrinter2
instanceKlass ch/qos/logback/core/util/StatusPrinter
instanceKlass ch/qos/logback/core/status/StatusUtil
instanceKlass ch/qos/logback/core/spi/AppenderAttachableImpl
instanceKlass ch/qos/logback/core/util/ReentryGuard$ReentryGuardImpl
instanceKlass ch/qos/logback/core/util/ReentryGuard
instanceKlass ch/qos/logback/core/util/ReentryGuardFactory
instanceKlass ch/qos/logback/core/pattern/Converter
instanceKlass java/util/concurrent/atomic/AtomicReference
instanceKlass ch/qos/logback/core/util/CachingDateFormatter$CacheTuple
instanceKlass  @bci java/time/format/DateTimeFormatter <clinit> ()V 1075 <appendix> argL0 ; # java/time/format/DateTimeFormatter$$Lambda+0x80000001c
instanceKlass  @bci java/time/format/DateTimeFormatter <clinit> ()V 1067 <appendix> argL0 ; # java/time/format/DateTimeFormatter$$Lambda+0x80000001b
instanceKlass java/time/Period
instanceKlass java/time/chrono/ChronoPeriod
instanceKlass java/time/format/DateTimeFormatterBuilder$TextPrinterParser
instanceKlass java/time/format/DateTimeTextProvider$1
instanceKlass java/time/format/DateTimeTextProvider
instanceKlass java/util/Collections$1
instanceKlass java/util/AbstractMap$SimpleImmutableEntry
instanceKlass java/time/format/DateTimeTextProvider$LocaleStore
instanceKlass java/time/format/DateTimeFormatterBuilder$InstantPrinterParser
instanceKlass java/time/format/DateTimeFormatterBuilder$StringLiteralPrinterParser
instanceKlass java/time/format/DateTimeFormatterBuilder$ZoneIdPrinterParser
instanceKlass java/time/format/DateTimeFormatterBuilder$OffsetIdPrinterParser
instanceKlass java/time/format/DecimalStyle
instanceKlass java/time/format/DateTimeFormatterBuilder$CompositePrinterParser
instanceKlass java/time/chrono/AbstractChronology
instanceKlass java/time/chrono/Chronology
instanceKlass java/time/format/DateTimeFormatterBuilder$CharLiteralPrinterParser
instanceKlass java/time/format/DateTimeFormatterBuilder$NumberPrinterParser
instanceKlass java/time/format/DateTimeFormatterBuilder$DateTimePrinterParser
instanceKlass java/time/temporal/JulianFields
instanceKlass java/time/temporal/IsoFields
instanceKlass java/util/regex/Pattern$TreeInfo
instanceKlass java/util/regex/Pattern$BitClass
instanceKlass java/util/regex/ASCII
instanceKlass  @bci java/util/regex/Pattern Single (I)Ljava/util/regex/Pattern$BmpCharPredicate; 1 <appendix> member <vmtarget> ; # java/util/regex/Pattern$$Lambda+0x80000002b
instanceKlass java/util/regex/Pattern$BmpCharPredicate
instanceKlass java/util/regex/Pattern$CharPredicate
instanceKlass java/util/regex/Pattern$Node
instanceKlass java/util/regex/Pattern
instanceKlass  @bci java/time/format/DateTimeFormatterBuilder <clinit> ()V 0 <appendix> argL0 ; # java/time/format/DateTimeFormatterBuilder$$Lambda+0x80000001d
instanceKlass java/time/temporal/TemporalQuery
instanceKlass java/time/format/DateTimeFormatterBuilder
instanceKlass java/time/format/DateTimeFormatter
instanceKlass java/time/LocalTime
instanceKlass java/time/Instant
instanceKlass java/time/temporal/ValueRange
instanceKlass java/time/Duration
instanceKlass java/time/temporal/TemporalAmount
instanceKlass java/time/temporal/TemporalUnit
instanceKlass java/time/temporal/TemporalField
instanceKlass java/time/LocalDate
instanceKlass java/time/chrono/ChronoLocalDate
instanceKlass java/time/zone/ZoneOffsetTransition
instanceKlass  @bci java/time/ZoneOffset ofTotalSeconds (I)Ljava/time/ZoneOffset; 37 <appendix> argL0 ; # java/time/ZoneOffset$$Lambda+0x80000001a
instanceKlass java/time/LocalDateTime
instanceKlass java/time/chrono/ChronoLocalDateTime
instanceKlass java/time/temporal/TemporalAdjuster
instanceKlass java/time/temporal/Temporal
instanceKlass java/time/zone/ZoneOffsetTransitionRule
instanceKlass java/time/zone/ZoneRules
instanceKlass java/time/zone/Ser
instanceKlass java/io/Externalizable
instanceKlass java/util/Arrays$ArrayItr
instanceKlass java/time/zone/ZoneRulesProvider
instanceKlass sun/util/calendar/ZoneInfoFile$ZoneOffsetTransitionRule
instanceKlass jdk/internal/util/ByteArray
instanceKlass sun/util/calendar/ZoneInfoFile
instanceKlass java/util/TimeZone
instanceKlass java/time/ZoneId
instanceKlass java/time/temporal/TemporalAccessor
instanceKlass ch/qos/logback/core/util/CachingDateFormatter
instanceKlass java/util/concurrent/atomic/AtomicBoolean
instanceKlass ch/qos/logback/core/util/COWArrayList
instanceKlass ch/qos/logback/core/spi/FilterAttachableImpl
instanceKlass ch/qos/logback/core/Appender
instanceKlass ch/qos/logback/core/spi/FilterAttachable
instanceKlass ch/qos/logback/core/encoder/Encoder
instanceKlass ch/qos/logback/core/Layout
instanceKlass  @bci ch/qos/logback/classic/util/ContextInitializer printDuration (JLch/qos/logback/classic/spi/Configurator;Lch/qos/logback/classic/spi/Configurator$ExecutionStatus;)V 31 <adapter> ; # java/lang/invoke/LambdaForm$MH+0x000001f74b011400
instanceKlass  @bci ch/qos/logback/classic/util/ContextInitializer printDuration (JLch/qos/logback/classic/spi/Configurator;Lch/qos/logback/classic/spi/Configurator$ExecutionStatus;)V 31 <appendix> form vmentry <vmtarget> ; # java/lang/invoke/LambdaForm$MH+0x000001f74b011000
# instanceKlass java/lang/invoke/LambdaForm$BMH+0x000001f74b010c00
instanceKlass  @bci ch/qos/logback/classic/util/ContextInitializer printDuration (JLch/qos/logback/classic/spi/Configurator;Lch/qos/logback/classic/spi/Configurator$ExecutionStatus;)V 31 <appendix> form names 6 function resolvedHandle form vmentry <vmtarget> ; # java/lang/invoke/LambdaForm$DMH+0x000001f74b010800
instanceKlass  @bci ch/qos/logback/classic/util/ContextInitializer printDuration (JLch/qos/logback/classic/spi/Configurator;Lch/qos/logback/classic/spi/Configurator$ExecutionStatus;)V 31 <appendix> argL0 form vmentry <vmtarget> ; # java/lang/invoke/LambdaForm$DMH+0x000001f74b010400
instanceKlass java/lang/StringConcatHelper$StringConcatBase
instanceKlass java/lang/invoke/StringConcatFactory$InlineHiddenClassStrategy$6
instanceKlass java/lang/invoke/StringConcatFactory$InlineHiddenClassStrategy$3$4
instanceKlass java/lang/invoke/StringConcatFactory$InlineHiddenClassStrategy$4
instanceKlass java/lang/invoke/StringConcatFactory$InlineHiddenClassStrategy$3$1
instanceKlass jdk/internal/classfile/impl/BytecodeHelpers$1
instanceKlass java/lang/invoke/StringConcatFactory$InlineHiddenClassStrategy$7
instanceKlass java/lang/invoke/StringConcatFactory$InlineHiddenClassStrategy$3$2
instanceKlass java/lang/invoke/StringConcatFactory$InlineHiddenClassStrategy$5
instanceKlass java/lang/invoke/StringConcatFactory$InlineHiddenClassStrategy$3$3
instanceKlass java/lang/invoke/StringConcatFactory$InlineHiddenClassStrategy$3
instanceKlass java/lang/invoke/StringConcatFactory$InlineHiddenClassStrategy$2
instanceKlass java/lang/invoke/StringConcatFactory$InlineHiddenClassStrategy$1
instanceKlass java/lang/invoke/StringConcatFactory$InlineHiddenClassStrategy
instanceKlass java/util/TimSort
instanceKlass java/util/Arrays$LegacyMergeSort
instanceKlass ch/qos/logback/core/spi/ContextAwareBase
instanceKlass ch/qos/logback/core/status/StatusListener
instanceKlass ch/qos/logback/core/util/StatusListenerConfigHelper
instanceKlass java/lang/invoke/StringConcatFactory
instanceKlass ch/qos/logback/core/status/StatusBase
instanceKlass ch/qos/logback/core/util/EnvUtil
instanceKlass ch/qos/logback/classic/util/ClassicEnvUtil
instanceKlass ch/qos/logback/core/util/OptionHelper
instanceKlass ch/qos/logback/core/util/Loader
instanceKlass ch/qos/logback/classic/spi/Configurator
instanceKlass ch/qos/logback/core/spi/ContextAwareImpl
instanceKlass ch/qos/logback/classic/util/ContextInitializer$1
instanceKlass ch/qos/logback/core/spi/ContextAware
instanceKlass ch/qos/logback/classic/util/ContextInitializer
instanceKlass org/slf4j/MDC
instanceKlass ch/qos/logback/classic/util/LogbackMDCAdapter
instanceKlass ch/qos/logback/classic/Level
instanceKlass ch/qos/logback/classic/spi/ILoggingEvent
instanceKlass ch/qos/logback/core/spi/DeferredProcessingAware
instanceKlass org/slf4j/spi/LoggingEventBuilder
instanceKlass ch/qos/logback/classic/Logger
instanceKlass ch/qos/logback/core/spi/AppenderAttachable
instanceKlass org/slf4j/spi/LoggingEventAware
instanceKlass ch/qos/logback/classic/spi/LoggerContextVO
instanceKlass ch/qos/logback/core/spi/LogbackLock
instanceKlass ch/qos/logback/core/helpers/CyclicBuffer
instanceKlass ch/qos/logback/core/BasicStatusManager
instanceKlass java/util/concurrent/ExecutorService
instanceKlass java/util/concurrent/Executor
instanceKlass ch/qos/logback/core/status/Status
instanceKlass ch/qos/logback/core/status/StatusManager
instanceKlass ch/qos/logback/core/ContextBase
instanceKlass ch/qos/logback/core/spi/LifeCycle
instanceKlass java/util/ServiceLoader$ProviderImpl
instanceKlass java/util/ServiceLoader$Provider
instanceKlass ch/qos/logback/core/Context
instanceKlass ch/qos/logback/core/spi/PropertyContainer
instanceKlass ch/qos/logback/classic/spi/LogbackServiceProvider
instanceKlass java/util/LinkedHashMap$LinkedHashIterator
instanceKlass sun/net/www/MessageHeader
instanceKlass sun/net/www/protocol/jar/JarFileFactory
instanceKlass sun/net/www/protocol/jar/URLJarFile$URLJarFileCloseController
instanceKlass java/net/URLConnection
instanceKlass jdk/internal/loader/URLClassPath$1
instanceKlass java/lang/CompoundEnumeration
instanceKlass jdk/internal/loader/BuiltinClassLoader$1
instanceKlass java/util/Collections$EmptyEnumeration
instanceKlass jdk/internal/jimage/ImageLocation
instanceKlass jdk/internal/jimage/decompressor/Decompressor
instanceKlass jdk/internal/jimage/ImageStringsReader
instanceKlass jdk/internal/jimage/ImageStrings
instanceKlass jdk/internal/jimage/ImageHeader
instanceKlass jdk/internal/jimage/NativeImageBuffer$1
instanceKlass jdk/internal/jimage/NativeImageBuffer
instanceKlass java/security/AccessControlContext
instanceKlass java/security/AccessController
instanceKlass jdk/internal/jimage/BasicImageReader$1
instanceKlass java/security/PrivilegedAction
instanceKlass jdk/internal/jimage/BasicImageReader
instanceKlass jdk/internal/jimage/ImageReader
instanceKlass jdk/internal/jimage/ImageReaderFactory$1
instanceKlass java/nio/file/FileSystems$DefaultFileSystemHolder
instanceKlass java/nio/file/FileSystems
instanceKlass java/nio/file/Paths
instanceKlass jdk/internal/jimage/ImageReaderFactory
instanceKlass jdk/internal/module/SystemModuleFinders$SystemImage
instanceKlass jdk/internal/module/SystemModuleFinders$SystemModuleReader
instanceKlass java/lang/module/ModuleReader
instanceKlass jdk/internal/loader/BuiltinClassLoader$2
instanceKlass jdk/internal/module/Resources
instanceKlass java/util/ServiceLoader$2
instanceKlass java/util/ServiceLoader$1
instanceKlass java/util/ServiceLoader$LazyClassPathLookupIterator
instanceKlass java/util/Spliterators$1Adapter
instanceKlass java/util/Spliterators$ArraySpliterator
instanceKlass java/util/ServiceLoader$ModuleServicesLookupIterator
instanceKlass java/util/ServiceLoader
instanceKlass org/slf4j/helpers/Util
instanceKlass org/slf4j/helpers/NOPMDCAdapter
instanceKlass org/slf4j/helpers/NOPLoggerFactory
instanceKlass org/slf4j/helpers/NOP_FallbackServiceProvider
instanceKlass org/slf4j/helpers/ThreadLocalMapOfStacks
instanceKlass org/slf4j/helpers/BasicMDCAdapter
instanceKlass org/slf4j/Marker
instanceKlass org/slf4j/helpers/BasicMarkerFactory
instanceKlass java/util/concurrent/LinkedBlockingQueue$Node
instanceKlass java/util/concurrent/locks/AbstractQueuedSynchronizer$ConditionObject
instanceKlass java/util/concurrent/locks/Condition
instanceKlass java/util/concurrent/BlockingQueue
instanceKlass org/slf4j/helpers/SubstituteLoggerFactory
instanceKlass org/slf4j/ILoggerFactory
instanceKlass org/slf4j/spi/MDCAdapter
instanceKlass org/slf4j/IMarkerFactory
instanceKlass org/slf4j/helpers/SubstituteServiceProvider
instanceKlass org/slf4j/event/LoggingEvent
instanceKlass org/slf4j/spi/SLF4JServiceProvider
instanceKlass org/slf4j/LoggerFactory
instanceKlass  @bci org/apache/commons/logging/LogAdapter <clinit> ()V 50 <appendix> argL0 ; # org/apache/commons/logging/LogAdapter$$Lambda+0x000001f74b007cc0
instanceKlass org/apache/commons/logging/Log
instanceKlass org/apache/commons/logging/LogAdapter$Slf4jAdapter
instanceKlass org/slf4j/spi/LocationAwareLogger
instanceKlass org/slf4j/Logger
instanceKlass org/apache/logging/log4j/spi/Provider
instanceKlass org/apache/logging/log4j/spi/ExtendedLogger
instanceKlass org/apache/logging/log4j/Logger
instanceKlass org/apache/commons/logging/LogAdapter
instanceKlass org/apache/commons/logging/LogFactory
instanceKlass org/springframework/context/ApplicationContext
instanceKlass org/springframework/core/io/support/ResourcePatternResolver
instanceKlass org/springframework/context/ApplicationEventPublisher
instanceKlass org/springframework/context/MessageSource
instanceKlass org/springframework/beans/factory/ListableBeanFactory
instanceKlass org/springframework/core/env/EnvironmentCapable
instanceKlass org/springframework/context/ApplicationListener
instanceKlass java/util/EventListener
instanceKlass org/springframework/beans/factory/config/BeanFactoryPostProcessor
instanceKlass org/springframework/core/io/ResourceLoader
instanceKlass org/springframework/core/OrderComparator
instanceKlass org/springframework/core/env/PropertySource
instanceKlass org/springframework/core/OrderComparator$OrderSourceProvider
instanceKlass org/springframework/beans/factory/config/ConfigurableBeanFactory
instanceKlass org/springframework/beans/factory/config/SingletonBeanRegistry
instanceKlass org/springframework/beans/factory/HierarchicalBeanFactory
instanceKlass org/springframework/beans/factory/BeanFactory
instanceKlass org/springframework/core/env/ConfigurableEnvironment
instanceKlass org/springframework/core/env/ConfigurablePropertyResolver
instanceKlass org/springframework/core/convert/support/ConfigurableConversionService
instanceKlass org/springframework/core/convert/converter/ConverterRegistry
instanceKlass org/springframework/core/convert/ConversionService
instanceKlass java/util/EventObject
instanceKlass org/springframework/core/env/Environment
instanceKlass org/springframework/core/env/PropertyResolver
instanceKlass org/springframework/boot/ApplicationArguments
instanceKlass org/springframework/boot/ConfigurableBootstrapContext
instanceKlass org/springframework/boot/BootstrapContext
instanceKlass org/springframework/boot/BootstrapRegistry
instanceKlass sun/nio/ch/Util$BufferCache
instanceKlass org/springframework/boot/SpringApplication
instanceKlass sun/nio/ch/Util
instanceKlass jdk/internal/event/Event
instanceKlass java/lang/invoke/VarHandle$AccessDescriptor
instanceKlass jdk/internal/misc/PreviewFeatures
instanceKlass jdk/internal/misc/MethodFinder
instanceKlass com/plant_fetlilizer_ai/image_storage_service/ImageStorageServiceApplication
instanceKlass sun/nio/ch/NativeThread
instanceKlass sun/net/NetHooks
instanceKlass sun/net/spi/DefaultProxySelector$NonProxyInfo
instanceKlass java/net/URI$Parser
instanceKlass java/io/FileInputStream$1
instanceKlass java/util/Properties$LineReader
instanceKlass sun/net/NetProperties
instanceKlass java/net/Proxy
instanceKlass java/net/ProxySelector
instanceKlass  @bci sun/nio/ch/NioSocketImpl closerFor (Ljava/io/FileDescriptor;Z)Ljava/lang/Runnable; 5 <appendix> member <vmtarget> ; # sun/nio/ch/NioSocketImpl$$Lambda+0x000001f74b046e80
instanceKlass  @cpi com/netflix/spectator/api/patterns/GaugePoller 90 form vmentry <vmtarget> ; # java/lang/invoke/LambdaForm$DMH+0x000001f74b004400
instanceKlass  @cpi org/springframework/core/ReactiveAdapterRegistry$ReactorRegistrar 126 form vmentry <vmtarget> ; # java/lang/invoke/LambdaForm$DMH+0x000001f74b004000
instanceKlass jdk/net/ExtendedSocketOptions$2
instanceKlass jdk/net/ExtendedSocketOptions$PlatformSocketOptions
instanceKlass jdk/net/ExtendedSocketOptions$ExtSocketOption
instanceKlass java/net/SocketOption
instanceKlass jdk/net/ExtendedSocketOptions
instanceKlass sun/net/ext/ExtendedSocketOptions
instanceKlass java/net/Inet6Address$Inet6AddressHolder
instanceKlass sun/nio/ch/Net$1
instanceKlass java/net/ProtocolFamily
instanceKlass sun/nio/ch/Net
instanceKlass java/net/SocksConsts
instanceKlass sun/nio/ch/IOUtil
instanceKlass sun/nio/ch/NativeDispatcher
instanceKlass sun/net/PlatformSocketImpl
instanceKlass java/net/SocketImpl
instanceKlass java/net/SocketOptions
instanceKlass java/net/InetSocketAddress$InetSocketAddressHolder
instanceKlass java/net/InetAddress$PlatformResolver
instanceKlass java/net/spi/InetAddressResolver
instanceKlass java/net/spi/InetAddressResolver$LookupPolicy
instanceKlass java/net/Inet4AddressImpl
instanceKlass java/net/Inet6AddressImpl
instanceKlass java/net/InetAddressImpl
instanceKlass java/util/concurrent/ConcurrentSkipListMap$Node
instanceKlass java/util/concurrent/ConcurrentSkipListMap$Index
instanceKlass java/util/concurrent/ConcurrentNavigableMap
instanceKlass java/util/NavigableMap
instanceKlass java/util/SortedMap
instanceKlass java/util/NavigableSet
instanceKlass java/util/SortedSet
instanceKlass java/net/InetAddress$InetAddressHolder
instanceKlass java/net/InetAddress$1
instanceKlass jdk/internal/access/JavaNetInetAddressAccess
instanceKlass java/net/InetAddress
instanceKlass java/net/SocketAddress
instanceKlass java/lang/invoke/VarForm
instanceKlass java/lang/invoke/VarHandleGuards
instanceKlass java/lang/invoke/VarHandles
instanceKlass jdk/internal/invoke/MhUtil
instanceKlass java/net/Socket
instanceKlass sun/nio/cs/SingleByte
instanceKlass sun/nio/cs/MS1252$Holder
instanceKlass sun/nio/cs/ArrayDecoder
instanceKlass sun/launcher/LauncherHelper
instanceKlass java/io/Reader
instanceKlass com/intellij/rt/execution/application/AppMainV2
instanceKlass  @bci jdk/internal/reflect/DirectConstructorHandleAccessor invokeImpl ([Ljava/lang/Object;)Ljava/lang/Object; 88 <adapter> ; # java/lang/invoke/LambdaForm$MH+0x000001f74b002800
# instanceKlass java/lang/invoke/LambdaForm$MH+0x000001f74b002400
# instanceKlass java/lang/invoke/LambdaForm$MH+0x000001f74b002000
# instanceKlass java/lang/invoke/LambdaForm$MH+0x000001f74b001c00
instanceKlass  @bci org/springframework/cloud/netflix/eureka/InstanceInfoFactory create (Lcom/netflix/appinfo/EurekaInstanceConfig;)Lcom/netflix/appinfo/InstanceInfo; 265 <appendix> form vmentry <vmtarget> ; # java/lang/invoke/LambdaForm$MH+0x000001f74b001800
# instanceKlass java/lang/invoke/LambdaForm$MH+0x000001f74b001400
instanceKlass  @cpi com/netflix/spectator/api/patterns/PolledMeter$AbstractMeterState 89 form vmentry <vmtarget> ; # java/lang/invoke/LambdaForm$DMH+0x000001f74b001000
instanceKlass com/intellij/rt/execution/application/AppMainV2$Agent
instanceKlass java/security/SecureClassLoader$DebugHolder
instanceKlass java/security/PermissionCollection
instanceKlass java/security/SecureClassLoader$1
instanceKlass java/util/zip/Checksum$1
instanceKlass java/util/zip/CRC32
instanceKlass java/util/zip/Checksum
instanceKlass sun/nio/ByteBuffered
instanceKlass java/lang/Package$VersionInfo
instanceKlass java/lang/NamedPackage
instanceKlass jdk/internal/loader/Resource
instanceKlass java/nio/charset/CoderResult
instanceKlass java/nio/charset/CharsetDecoder
instanceKlass java/lang/Readable
instanceKlass java/util/jar/Attributes
instanceKlass  @bci java/util/zip/ZipFile$Source initCEN (I)V 482 <appendix> argL0 ; # java/util/zip/ZipFile$Source$$Lambda+0x000001f74b0420c8
instanceKlass java/lang/invoke/TypeConvertingMethodAdapter
instanceKlass java/lang/invoke/InnerClassLambdaMetafactory$6
instanceKlass java/lang/invoke/InnerClassLambdaMetafactory$3
instanceKlass java/lang/classfile/Interfaces
instanceKlass java/util/ImmutableCollections$Access$1
instanceKlass jdk/internal/access/JavaUtilCollectionAccess
instanceKlass java/util/ImmutableCollections$Access
instanceKlass java/lang/invoke/InnerClassLambdaMetafactory$1
instanceKlass sun/security/util/Debug
instanceKlass sun/security/util/SignatureFileVerifier
instanceKlass java/util/zip/ZipFile$InflaterCleanupAction
instanceKlass java/util/zip/Inflater$InflaterZStreamRef
instanceKlass java/util/zip/Inflater
instanceKlass java/util/zip/ZipEntry
instanceKlass java/nio/Bits$1
instanceKlass jdk/internal/misc/VM$BufferPool
instanceKlass java/nio/Bits
instanceKlass sun/nio/ch/DirectBuffer
instanceKlass jdk/internal/perf/PerfCounter$CoreCounters
instanceKlass jdk/internal/perf/Perf
instanceKlass jdk/internal/perf/PerfCounter
instanceKlass sun/util/locale/LocaleUtils
instanceKlass java/util/Locale
instanceKlass java/nio/file/attribute/FileTime
instanceKlass java/util/zip/ZipUtils
instanceKlass java/util/zip/ZipFile$Source$End
instanceKlass java/io/RandomAccessFile$2
instanceKlass jdk/internal/access/JavaIORandomAccessFileAccess
instanceKlass java/io/RandomAccessFile
instanceKlass java/io/DataInput
instanceKlass java/io/DataOutput
instanceKlass sun/nio/fs/WindowsNativeDispatcher$CompletionStatus
instanceKlass sun/nio/fs/WindowsNativeDispatcher$AclInformation
instanceKlass sun/nio/fs/WindowsNativeDispatcher$Account
instanceKlass sun/nio/fs/WindowsNativeDispatcher$DiskFreeSpace
instanceKlass sun/nio/fs/WindowsNativeDispatcher$VolumeInformation
instanceKlass sun/nio/fs/WindowsNativeDispatcher$FirstStream
instanceKlass sun/nio/fs/WindowsNativeDispatcher$FirstFile
instanceKlass java/util/Enumeration
instanceKlass java/util/concurrent/ConcurrentHashMap$Traverser
instanceKlass sun/nio/fs/WindowsNativeDispatcher
instanceKlass sun/nio/fs/NativeBuffer$Deallocator
instanceKlass sun/nio/fs/NativeBuffer
instanceKlass java/lang/ThreadLocal$ThreadLocalMap
instanceKlass java/lang/ThreadLocal
instanceKlass sun/nio/fs/NativeBuffers
instanceKlass sun/nio/fs/WindowsFileAttributes
instanceKlass java/nio/file/attribute/DosFileAttributes
instanceKlass sun/nio/fs/AbstractBasicFileAttributeView
instanceKlass sun/nio/fs/DynamicFileAttributeView
instanceKlass sun/nio/fs/WindowsFileAttributeViews
instanceKlass sun/nio/fs/Util
instanceKlass java/nio/file/attribute/BasicFileAttributeView
instanceKlass java/nio/file/attribute/FileAttributeView
instanceKlass java/nio/file/attribute/AttributeView
instanceKlass java/nio/file/Files
instanceKlass java/nio/file/CopyOption
instanceKlass java/nio/file/attribute/BasicFileAttributes
instanceKlass sun/nio/fs/WindowsPath
instanceKlass java/util/zip/ZipFile$Source$Key
instanceKlass sun/nio/fs/WindowsPathParser$Result
instanceKlass sun/nio/fs/WindowsPathParser
instanceKlass java/nio/file/FileSystem
instanceKlass java/nio/file/OpenOption
instanceKlass java/nio/file/spi/FileSystemProvider
instanceKlass sun/nio/fs/DefaultFileSystemProvider
instanceKlass java/util/zip/ZipFile$Source
instanceKlass java/lang/ref/Cleaner$Cleanable
instanceKlass jdk/internal/ref/CleanerImpl$CleanableList$Node
instanceKlass jdk/internal/ref/CleanerImpl$CleanableList
instanceKlass jdk/internal/ref/CleanerImpl
instanceKlass java/lang/ref/Cleaner$1
instanceKlass java/lang/ref/Cleaner
instanceKlass jdk/internal/ref/CleanerFactory$1
instanceKlass java/util/concurrent/ThreadFactory
instanceKlass jdk/internal/ref/CleanerFactory
instanceKlass java/util/zip/ZipCoder
instanceKlass java/util/zip/ZipFile$CleanableResource
instanceKlass java/lang/Runtime$Version
instanceKlass java/util/jar/JavaUtilJarAccessImpl
instanceKlass jdk/internal/access/JavaUtilJarAccess
instanceKlass jdk/internal/loader/FileURLMapper
instanceKlass java/util/zip/ZipFile$1
instanceKlass jdk/internal/access/JavaUtilZipFileAccess
instanceKlass java/util/BitSet
instanceKlass java/util/zip/ZipFile
instanceKlass java/util/zip/ZipConstants
instanceKlass jdk/internal/loader/URLClassPath$Loader
instanceKlass sun/net/util/URLUtil
instanceKlass sun/instrument/TransformerManager$TransformerInfo
instanceKlass sun/instrument/TransformerManager
instanceKlass jdk/internal/loader/NativeLibraries$2
instanceKlass jdk/internal/loader/NativeLibrary
instanceKlass java/util/ArrayDeque$DeqIterator
instanceKlass jdk/internal/loader/NativeLibraries$NativeLibraryContext$1
instanceKlass jdk/internal/loader/NativeLibraries$NativeLibraryContext
instanceKlass jdk/internal/loader/NativeLibraries$1
instanceKlass jdk/internal/loader/NativeLibraries$LibraryPaths
instanceKlass jdk/internal/reflect/Reflection$1Holder
instanceKlass sun/instrument/InstrumentationImpl
instanceKlass java/lang/instrument/Instrumentation
instanceKlass jdk/internal/vm/ContinuationSupport
instanceKlass jdk/internal/module/ModuleBootstrap$SafeModuleFinder
instanceKlass java/lang/ModuleLayer$Controller
instanceKlass java/util/concurrent/CopyOnWriteArrayList
instanceKlass jdk/internal/module/ServicesCatalog$ServiceProvider
instanceKlass jdk/internal/loader/AbstractClassLoaderValue$Memoizer
instanceKlass java/util/ArrayList$Itr
instanceKlass java/util/Collections$UnmodifiableCollection$1
instanceKlass java/util/SequencedMap
instanceKlass java/util/SequencedSet
instanceKlass java/lang/module/ModuleFinder$1
instanceKlass java/nio/file/Path
instanceKlass java/nio/file/Watchable
instanceKlass java/lang/module/Resolver
instanceKlass java/util/stream/FindOps$FindOp
instanceKlass  @bci java/util/stream/FindOps$FindSink$OfRef <clinit> ()V 6 <appendix> argL0 ; # java/util/stream/FindOps$FindSink$OfRef$$Lambda+0x80000004c
instanceKlass  @bci java/util/stream/FindOps$FindSink$OfRef <clinit> ()V 0 <appendix> argL0 ; # java/util/stream/FindOps$FindSink$OfRef$$Lambda+0x80000004d
instanceKlass java/util/stream/FindOps$FindSink
instanceKlass java/util/stream/FindOps
instanceKlass  @bci jdk/internal/module/DefaultRoots exportsAPI (Ljava/lang/module/ModuleDescriptor;)Z 9 <appendix> argL0 ; # jdk/internal/module/DefaultRoots$$Lambda+0x800000053
instanceKlass java/util/stream/Sink$ChainedReference
instanceKlass java/util/stream/ReduceOps$AccumulatingSink
instanceKlass java/util/stream/TerminalSink
instanceKlass java/util/stream/Sink
instanceKlass java/util/stream/ReduceOps$Box
instanceKlass java/util/stream/ReduceOps$ReduceOp
instanceKlass java/util/stream/TerminalOp
instanceKlass java/util/stream/ReduceOps
instanceKlass  @bci java/util/stream/Collectors castingIdentity ()Ljava/util/function/Function; 0 <appendix> argL0 ; # java/util/stream/Collectors$$Lambda+0x800000046
instanceKlass  @bci java/util/stream/Collectors toSet ()Ljava/util/stream/Collector; 14 <appendix> argL0 ; # java/util/stream/Collectors$$Lambda+0x800000044
instanceKlass java/util/function/BinaryOperator
instanceKlass  @bci java/util/stream/Collectors toSet ()Ljava/util/stream/Collector; 9 <appendix> argL0 ; # java/util/stream/Collectors$$Lambda+0x80000003c
instanceKlass java/util/function/BiConsumer
instanceKlass  @bci java/util/stream/Collectors toSet ()Ljava/util/stream/Collector; 4 <appendix> argL0 ; # java/util/stream/Collectors$$Lambda+0x800000049
instanceKlass java/util/stream/Collector
instanceKlass java/util/Collections$UnmodifiableCollection
instanceKlass java/util/stream/Collectors
instanceKlass  @bci jdk/internal/module/DefaultRoots compute (Ljava/lang/module/ModuleFinder;Ljava/lang/module/ModuleFinder;)Ljava/util/Set; 42 <appendix> argL0 ; # jdk/internal/module/DefaultRoots$$Lambda+0x800000050
instanceKlass  @bci jdk/internal/module/DefaultRoots compute (Ljava/lang/module/ModuleFinder;Ljava/lang/module/ModuleFinder;)Ljava/util/Set; 32 <appendix> member <vmtarget> ; # jdk/internal/module/DefaultRoots$$Lambda+0x800000054
instanceKlass  @bci jdk/internal/module/DefaultRoots compute (Ljava/lang/module/ModuleFinder;Ljava/lang/module/ModuleFinder;)Ljava/util/Set; 21 <appendix> argL0 ; # jdk/internal/module/DefaultRoots$$Lambda+0x800000051
instanceKlass  @bci org/springframework/web/client/RestTemplate$AcceptHeaderRequestCallback getSupportedMediaTypes (Ljava/lang/reflect/Type;Lorg/springframework/http/converter/HttpMessageConverter;)Ljava/util/stream/Stream; 73 <appendix> form vmentry <vmtarget> ; # java/lang/invoke/LambdaForm$MH+0x000001f74b000800
instanceKlass  @bci jdk/internal/module/DefaultRoots compute (Ljava/lang/module/ModuleFinder;Ljava/lang/module/ModuleFinder;)Ljava/util/Set; 11 <appendix> argL0 ; # jdk/internal/module/DefaultRoots$$Lambda+0x800000052
instanceKlass java/lang/invoke/LambdaProxyClassArchive
instanceKlass java/lang/invoke/InfoFromMemberName
instanceKlass java/lang/invoke/MethodHandleInfo
instanceKlass java/lang/invoke/AbstractValidatingLambdaMetafactory
instanceKlass java/lang/invoke/BootstrapMethodInvoker
instanceKlass java/util/function/Predicate
instanceKlass java/lang/invoke/LambdaMetafactory
# instanceKlass java/lang/invoke/LambdaForm$MH+0x000001f74b000400
instanceKlass jdk/internal/util/ModifiedUtf
instanceKlass java/lang/StringCoding
instanceKlass jdk/internal/classfile/impl/ClassReaderImpl
instanceKlass java/lang/classfile/ClassReader
instanceKlass jdk/internal/classfile/impl/ClassHierarchyImpl$CachedClassHierarchyResolver$1
instanceKlass java/lang/classfile/ClassHierarchyResolver$ClassHierarchyInfo
instanceKlass jdk/internal/classfile/impl/ClassHierarchyImpl$CachedClassHierarchyResolver
instanceKlass jdk/internal/classfile/impl/ClassHierarchyImpl$ClassLoadingClassHierarchyResolver$1
instanceKlass jdk/internal/classfile/impl/ClassHierarchyImpl$ClassLoadingClassHierarchyResolver
instanceKlass java/lang/classfile/ClassHierarchyResolver
instanceKlass jdk/internal/classfile/impl/ClassHierarchyImpl
instanceKlass jdk/internal/classfile/impl/RawBytecodeHelper$1
instanceKlass jdk/internal/classfile/impl/RawBytecodeHelper
instanceKlass jdk/internal/classfile/impl/StackMapGenerator$Frame
instanceKlass jdk/internal/classfile/impl/StackMapGenerator
instanceKlass java/util/ImmutableCollections$ListItr
instanceKlass java/util/ListIterator
instanceKlass jdk/internal/classfile/impl/AnnotationReader
instanceKlass java/lang/classfile/CustomAttribute
instanceKlass jdk/internal/classfile/impl/TerminalFieldBuilder
instanceKlass java/lang/classfile/FieldBuilder
instanceKlass java/lang/invoke/InvokerBytecodeGenerator$2
instanceKlass jdk/internal/classfile/impl/BytecodeHelpers
instanceKlass java/lang/classfile/constantpool/MethodRefEntry
instanceKlass sun/invoke/empty/Empty
instanceKlass sun/invoke/util/VerifyType
instanceKlass jdk/internal/classfile/impl/DirectCodeBuilder$8
instanceKlass java/lang/classfile/instruction/LabelTarget
instanceKlass java/lang/classfile/Label
instanceKlass jdk/internal/classfile/impl/BufWriterImpl
instanceKlass java/lang/classfile/BufWriter
instanceKlass java/lang/classfile/instruction/ExceptionCatch
instanceKlass java/lang/classfile/instruction/LocalVariableType
instanceKlass java/lang/classfile/instruction/LocalVariable
instanceKlass java/lang/classfile/instruction/CharacterRange
instanceKlass java/lang/classfile/PseudoInstruction
instanceKlass java/lang/classfile/CodeElement
instanceKlass jdk/internal/classfile/impl/TerminalCodeBuilder
instanceKlass jdk/internal/classfile/impl/LabelContext
instanceKlass java/lang/classfile/CodeBuilder
instanceKlass java/lang/invoke/InvokerBytecodeGenerator$4$1
instanceKlass java/lang/classfile/constantpool/FieldRefEntry
instanceKlass java/lang/classfile/constantpool/MemberRefEntry
instanceKlass java/lang/classfile/constantpool/NameAndTypeEntry
instanceKlass jdk/internal/classfile/impl/TerminalMethodBuilder
instanceKlass jdk/internal/classfile/impl/MethodInfo
instanceKlass java/lang/classfile/MethodBuilder
instanceKlass java/lang/invoke/InvokerBytecodeGenerator$4
instanceKlass java/lang/classfile/attribute/SourceFileAttribute
instanceKlass java/lang/classfile/Superclass
instanceKlass jdk/internal/classfile/impl/AttributeHolder
instanceKlass java/lang/classfile/ClassBuilder
instanceKlass java/lang/classfile/ClassFileBuilder
instanceKlass jdk/internal/classfile/impl/AbstractDirectBuilder
instanceKlass java/lang/invoke/InvokerBytecodeGenerator$1
instanceKlass jdk/internal/classfile/impl/ClassFileImpl
instanceKlass java/lang/classfile/ClassFile
instanceKlass java/lang/invoke/InvokerBytecodeGenerator$3
instanceKlass java/util/function/Consumer
instanceKlass java/lang/classfile/constantpool/ClassEntry
instanceKlass java/lang/classfile/constantpool/LoadableConstantEntry
instanceKlass jdk/internal/classfile/impl/Util
instanceKlass jdk/internal/classfile/impl/EntryMap
instanceKlass jdk/internal/classfile/impl/BootstrapMethodEntryImpl
instanceKlass java/lang/classfile/BootstrapMethodEntry
instanceKlass jdk/internal/classfile/impl/SplitConstantPool
instanceKlass java/lang/invoke/LambdaFormEditor$Transform
instanceKlass java/lang/invoke/LambdaFormBuffer
instanceKlass java/lang/invoke/LambdaFormEditor$TransformKey
instanceKlass java/lang/invoke/LambdaFormEditor
instanceKlass java/lang/invoke/Invokers$Holder
instanceKlass java/lang/invoke/DelegatingMethodHandle$Holder
instanceKlass java/lang/invoke/DirectMethodHandle$2
instanceKlass java/lang/invoke/ClassSpecializer$Factory
instanceKlass java/lang/invoke/ClassSpecializer$SpeciesData
instanceKlass java/lang/invoke/ClassSpecializer$1
instanceKlass jdk/internal/vm/annotation/Stable
instanceKlass java/lang/invoke/ClassSpecializer
instanceKlass java/lang/invoke/InvokerBytecodeGenerator$8
instanceKlass jdk/internal/classfile/impl/AbstractAttributeMapper
instanceKlass java/lang/classfile/AttributeMapper
instanceKlass java/lang/classfile/Attributes
instanceKlass jdk/internal/classfile/impl/Util$Writable
instanceKlass jdk/internal/classfile/impl/AbstractElement
instanceKlass java/lang/classfile/attribute/RuntimeVisibleAnnotationsAttribute
instanceKlass java/lang/classfile/FieldElement
instanceKlass java/lang/classfile/MethodElement
instanceKlass java/lang/classfile/ClassElement
instanceKlass java/lang/classfile/Attribute
instanceKlass java/lang/classfile/ClassFileElement
instanceKlass java/lang/classfile/constantpool/Utf8Entry
instanceKlass java/lang/classfile/constantpool/AnnotationConstantValueEntry
instanceKlass java/lang/classfile/constantpool/PoolEntry
instanceKlass jdk/internal/classfile/impl/AbstractPoolEntry
instanceKlass jdk/internal/classfile/impl/TemporaryConstantPool
instanceKlass java/lang/classfile/constantpool/ConstantPoolBuilder
instanceKlass java/lang/classfile/constantpool/ConstantPool
instanceKlass java/lang/classfile/Annotation
instanceKlass java/lang/classfile/AnnotationElement
instanceKlass java/lang/invoke/InvokerBytecodeGenerator
instanceKlass java/lang/invoke/LambdaForm$Holder
instanceKlass java/lang/invoke/LambdaForm$Name
instanceKlass java/lang/reflect/Array
instanceKlass java/lang/invoke/Invokers
instanceKlass sun/invoke/util/ValueConversions
instanceKlass java/lang/invoke/DirectMethodHandle$Holder
instanceKlass java/lang/constant/DynamicConstantDesc
instanceKlass jdk/internal/constant/DirectMethodHandleDescImpl$1
instanceKlass jdk/internal/constant/DirectMethodHandleDescImpl
instanceKlass java/lang/constant/DirectMethodHandleDesc
instanceKlass java/lang/constant/MethodHandleDesc$1
instanceKlass java/lang/constant/MethodHandleDesc
instanceKlass jdk/internal/constant/MethodTypeDescImpl
instanceKlass java/lang/constant/MethodTypeDesc
instanceKlass jdk/internal/constant/ConstantUtils
instanceKlass jdk/internal/constant/ArrayClassDescImpl
instanceKlass jdk/internal/constant/ClassOrInterfaceDescImpl
instanceKlass java/lang/constant/ClassDesc
instanceKlass java/lang/constant/ConstantDescs
instanceKlass sun/invoke/util/Wrapper$Format
instanceKlass java/lang/invoke/MethodHandleImpl$1
instanceKlass jdk/internal/access/JavaLangInvokeAccess
instanceKlass java/lang/invoke/LambdaForm$NamedFunction
instanceKlass java/lang/invoke/MethodHandleImpl
instanceKlass jdk/internal/reflect/MethodHandleAccessorFactory$LazyStaticHolder
instanceKlass java/lang/invoke/MethodTypeForm
instanceKlass jdk/internal/util/StrongReferenceKey
instanceKlass jdk/internal/util/ReferenceKey
instanceKlass jdk/internal/util/ReferencedKeyMap
instanceKlass java/lang/invoke/MethodType$1
instanceKlass sun/reflect/annotation/AnnotationParser
instanceKlass java/lang/PublicMethods$Key
instanceKlass java/lang/PublicMethods$MethodList
instanceKlass java/util/EnumMap$1
instanceKlass java/util/stream/StreamOpFlag$MaskBuilder
instanceKlass java/util/stream/Stream
instanceKlass java/util/stream/BaseStream
instanceKlass java/util/stream/PipelineHelper
instanceKlass java/util/stream/StreamSupport
instanceKlass java/util/Spliterators$IteratorSpliterator
instanceKlass java/util/Spliterator
instanceKlass java/util/Spliterators
instanceKlass jdk/internal/module/DefaultRoots
instanceKlass jdk/internal/loader/BuiltinClassLoader$LoadedModule
instanceKlass java/lang/Module$EnableNativeAccess
instanceKlass jdk/internal/loader/BootLoader
instanceKlass java/util/Optional
instanceKlass jdk/internal/module/ModuleResolution
instanceKlass jdk/internal/module/ModuleHashes$Builder
instanceKlass java/util/ImmutableCollections$Set12$1
instanceKlass java/lang/reflect/AccessFlag$18
instanceKlass java/lang/reflect/AccessFlag$17
instanceKlass java/lang/reflect/AccessFlag$16
instanceKlass java/lang/reflect/AccessFlag$15
instanceKlass java/lang/reflect/AccessFlag$14
instanceKlass java/lang/reflect/AccessFlag$13
instanceKlass java/lang/reflect/AccessFlag$12
instanceKlass java/lang/reflect/AccessFlag$11
instanceKlass java/lang/reflect/AccessFlag$10
instanceKlass java/lang/reflect/AccessFlag$9
instanceKlass java/lang/reflect/AccessFlag$8
instanceKlass java/lang/reflect/AccessFlag$7
instanceKlass java/lang/reflect/AccessFlag$6
instanceKlass java/lang/reflect/AccessFlag$5
instanceKlass java/lang/reflect/AccessFlag$4
instanceKlass java/lang/reflect/AccessFlag$3
instanceKlass java/lang/reflect/AccessFlag$2
instanceKlass java/lang/reflect/AccessFlag$1
instanceKlass java/util/ImmutableCollections$SetN$SetNIterator
instanceKlass jdk/internal/module/Builder
instanceKlass jdk/internal/module/SystemModules$all
instanceKlass jdk/internal/module/SystemModules
instanceKlass jdk/internal/module/SystemModulesMap
instanceKlass jdk/internal/module/SystemModuleFinders
instanceKlass jdk/internal/loader/AbstractClassLoaderValue
instanceKlass jdk/internal/module/ServicesCatalog
instanceKlass java/util/Deque
instanceKlass java/util/Queue
instanceKlass sun/net/util/IPAddressUtil$MASKS
instanceKlass sun/net/util/IPAddressUtil
instanceKlass java/net/URLStreamHandler
instanceKlass java/lang/StringUTF16
instanceKlass sun/net/www/ParseUtil
instanceKlass java/net/URL$1
instanceKlass jdk/internal/access/JavaNetURLAccess
instanceKlass java/net/URL$DefaultFactory
instanceKlass java/net/URLStreamHandlerFactory
instanceKlass jdk/internal/loader/URLClassPath
instanceKlass java/util/concurrent/ConcurrentHashMap$CollectionView
instanceKlass jdk/internal/loader/ClassLoaderHelper
instanceKlass jdk/internal/loader/NativeLibraries
instanceKlass java/security/Principal
instanceKlass java/lang/ClassLoader$ParallelLoaders
instanceKlass java/security/cert/Certificate
instanceKlass jdk/internal/loader/ArchivedClassLoaders
instanceKlass java/net/URI$1
instanceKlass jdk/internal/access/JavaNetUriAccess
instanceKlass jdk/internal/module/ArchivedBootLayer
instanceKlass jdk/internal/module/ModuleBootstrap$Counters
instanceKlass jdk/internal/module/ModuleLoaderMap$Modules
instanceKlass jdk/internal/module/ModuleLoaderMap
instanceKlass jdk/internal/module/ModulePatcher
instanceKlass jdk/internal/util/DecimalDigits
instanceKlass java/io/FileSystem
instanceKlass java/io/DefaultFileSystem
instanceKlass java/io/File
instanceKlass java/lang/module/ModuleDescriptor$1
instanceKlass jdk/internal/access/JavaLangModuleAccess
instanceKlass sun/invoke/util/VerifyAccess
instanceKlass java/util/KeyValueHolder
instanceKlass java/util/ImmutableCollections$MapN$MapNIterator
instanceKlass java/lang/StrictMath
instanceKlass java/lang/invoke/MethodHandles$Lookup
instanceKlass java/lang/invoke/MemberName$Factory
instanceKlass java/lang/invoke/MethodHandles
instanceKlass jdk/internal/module/ModuleBootstrap
instanceKlass java/util/HexFormat
instanceKlass jdk/internal/util/ClassFileDumper
instanceKlass java/lang/CharacterData
instanceKlass java/lang/invoke/MethodHandleStatics
instanceKlass java/util/Collections
instanceKlass java/lang/Thread$ThreadIdentifiers
instanceKlass sun/io/Win32ErrorMode
instanceKlass jdk/internal/misc/OSEnvironment
instanceKlass jdk/internal/misc/Signal$NativeHandler
instanceKlass java/util/Hashtable$Entry
instanceKlass jdk/internal/misc/Signal
instanceKlass java/lang/Terminator$1
instanceKlass jdk/internal/misc/Signal$Handler
instanceKlass java/lang/Terminator
instanceKlass java/nio/ByteOrder
instanceKlass java/nio/Buffer$2
instanceKlass jdk/internal/access/JavaNioAccess
instanceKlass java/nio/Buffer$1
instanceKlass jdk/internal/misc/ScopedMemoryAccess
instanceKlass java/nio/charset/CodingErrorAction
instanceKlass java/nio/charset/CharsetEncoder
instanceKlass java/io/Writer
instanceKlass java/io/OutputStream
instanceKlass java/io/Flushable
instanceKlass java/io/FileDescriptor$1
instanceKlass jdk/internal/access/JavaIOFileDescriptorAccess
instanceKlass java/io/FileDescriptor
instanceKlass jdk/internal/util/StaticProperty
instanceKlass jdk/internal/reflect/MethodHandleAccessorFactory
instanceKlass java/lang/reflect/Modifier
instanceKlass jdk/internal/reflect/Reflection
instanceKlass java/lang/Class$Atomic
instanceKlass java/lang/Class$ReflectionData
instanceKlass java/nio/charset/StandardCharsets
instanceKlass sun/nio/cs/HistoricallyNamedCharset
instanceKlass java/util/Arrays
instanceKlass jdk/internal/util/Preconditions$3
instanceKlass jdk/internal/util/Preconditions$2
instanceKlass jdk/internal/util/Preconditions$4
instanceKlass java/util/function/BiFunction
instanceKlass jdk/internal/util/Preconditions$1
instanceKlass jdk/internal/util/Preconditions
instanceKlass java/nio/charset/spi/CharsetProvider
instanceKlass java/nio/charset/Charset
instanceKlass java/util/HashMap$HashIterator
instanceKlass java/util/concurrent/locks/LockSupport
instanceKlass java/util/concurrent/ConcurrentHashMap$Node
instanceKlass java/util/concurrent/ConcurrentHashMap$CounterCell
instanceKlass java/util/concurrent/locks/ReentrantLock
instanceKlass java/util/concurrent/locks/Lock
instanceKlass java/lang/Runtime
instanceKlass java/lang/VersionProps
instanceKlass java/lang/StringConcatHelper
instanceKlass jdk/internal/util/ArraysSupport
instanceKlass java/lang/StringLatin1
instanceKlass jdk/internal/util/SystemProps$Raw
instanceKlass jdk/internal/util/SystemProps
instanceKlass java/lang/System$1
instanceKlass jdk/internal/access/JavaLangAccess
instanceKlass java/lang/ref/ReferenceQueue$Lock
instanceKlass java/lang/ref/ReferenceQueue
instanceKlass java/lang/ref/Reference$1
instanceKlass jdk/internal/access/JavaLangRefAccess
instanceKlass java/lang/Math
instanceKlass java/io/ObjectStreamClass
instanceKlass jdk/internal/reflect/ReflectionFactory
instanceKlass jdk/internal/access/SharedSecrets
instanceKlass java/lang/reflect/ReflectAccess
instanceKlass jdk/internal/access/JavaLangReflectAccess
instanceKlass java/util/Objects
instanceKlass jdk/internal/misc/CDS
instanceKlass java/lang/Module$ArchivedData
instanceKlass jdk/internal/misc/VM
instanceKlass java/lang/String$CaseInsensitiveComparator
instanceKlass java/util/Comparator
instanceKlass java/io/ObjectStreamField
instanceKlass jdk/internal/math/FDBigInteger
instanceKlass java/lang/ModuleLayer
instanceKlass java/util/ImmutableCollections
instanceKlass jdk/internal/module/ModuleLoaderMap$Mapper
instanceKlass java/util/function/Function
instanceKlass java/lang/module/ResolvedModule
instanceKlass java/lang/module/Configuration
instanceKlass java/util/HashMap$Node
instanceKlass java/util/Map$Entry
instanceKlass java/util/Collections$UnmodifiableMap
instanceKlass jdk/internal/module/ModuleHashes
instanceKlass jdk/internal/module/ModuleTarget
instanceKlass java/lang/module/ModuleDescriptor$Opens
instanceKlass jdk/internal/module/SystemModuleFinders$2
instanceKlass jdk/internal/module/ModuleHashes$HashSupplier
instanceKlass jdk/internal/module/SystemModuleFinders$1
instanceKlass java/util/function/Supplier
instanceKlass java/net/URI
instanceKlass java/lang/module/ModuleDescriptor$Provides
instanceKlass java/lang/module/ModuleDescriptor$Exports
instanceKlass java/lang/module/ModuleDescriptor$Requires
instanceKlass java/lang/module/ModuleDescriptor$Version
instanceKlass java/lang/module/ModuleDescriptor
instanceKlass java/lang/module/ModuleReference
instanceKlass java/util/Set
instanceKlass jdk/internal/module/SystemModuleFinders$SystemModuleFinder
instanceKlass java/lang/module/ModuleFinder
instanceKlass jdk/internal/module/ArchivedModuleGraph
instanceKlass sun/util/locale/BaseLocale
instanceKlass java/util/jar/Attributes$Name
instanceKlass java/lang/Character$CharacterCache
instanceKlass java/lang/Short$ShortCache
instanceKlass java/lang/Byte$ByteCache
instanceKlass java/lang/Long$LongCache
instanceKlass java/lang/Integer$IntegerCache
instanceKlass jdk/internal/vm/FillerObject
instanceKlass jdk/internal/vm/vector/VectorSupport$VectorPayload
instanceKlass jdk/internal/vm/vector/VectorSupport
instanceKlass java/lang/reflect/RecordComponent
instanceKlass java/util/Iterator
instanceKlass java/lang/Void
instanceKlass java/lang/Number
instanceKlass java/lang/Character
instanceKlass java/lang/Boolean
instanceKlass java/util/concurrent/locks/AbstractOwnableSynchronizer
instanceKlass java/lang/LiveStackFrame
instanceKlass java/lang/ClassFrameInfo
instanceKlass java/lang/StackWalker$StackFrame
instanceKlass java/lang/StackStreamFactory$AbstractStackWalker
instanceKlass java/lang/StackWalker
instanceKlass java/nio/Buffer
instanceKlass java/lang/StackTraceElement
instanceKlass java/util/RandomAccess
instanceKlass java/util/List
instanceKlass java/util/SequencedCollection
instanceKlass java/util/AbstractCollection
instanceKlass java/util/Collection
instanceKlass java/lang/Iterable
instanceKlass java/util/concurrent/ConcurrentMap
instanceKlass java/util/AbstractMap
instanceKlass java/security/CodeSource
instanceKlass jdk/internal/loader/ClassLoaders
instanceKlass java/util/jar/Manifest
instanceKlass java/lang/Enum
instanceKlass java/net/URL
instanceKlass java/io/InputStream
instanceKlass java/io/Closeable
instanceKlass java/lang/AutoCloseable
instanceKlass jdk/internal/module/Modules
instanceKlass jdk/internal/misc/Unsafe
instanceKlass jdk/internal/misc/UnsafeConstants
instanceKlass java/lang/AbstractStringBuilder
instanceKlass java/lang/Appendable
instanceKlass java/lang/AssertionStatusDirectives
instanceKlass jdk/internal/foreign/abi/ABIDescriptor
instanceKlass jdk/internal/foreign/abi/NativeEntryPoint
instanceKlass java/lang/invoke/CallSite
instanceKlass java/lang/invoke/MethodType
instanceKlass java/lang/invoke/TypeDescriptor$OfMethod
instanceKlass java/lang/invoke/LambdaForm
instanceKlass java/lang/invoke/MethodHandleNatives
instanceKlass java/lang/invoke/ResolvedMethodName
instanceKlass java/lang/invoke/MemberName
instanceKlass java/lang/invoke/VarHandle
instanceKlass java/lang/invoke/MethodHandle
instanceKlass jdk/internal/reflect/ConstructorAccessorImpl
instanceKlass jdk/internal/reflect/ConstructorAccessor
instanceKlass jdk/internal/reflect/CallerSensitive
instanceKlass java/lang/annotation/Annotation
instanceKlass jdk/internal/reflect/ConstantPool
instanceKlass jdk/internal/reflect/MethodAccessorImpl
instanceKlass jdk/internal/reflect/MethodAccessor
instanceKlass jdk/internal/vm/StackChunk
instanceKlass jdk/internal/vm/Continuation
instanceKlass jdk/internal/vm/ContinuationScope
instanceKlass java/lang/reflect/Parameter
instanceKlass java/lang/reflect/Member
instanceKlass java/lang/reflect/AccessibleObject
instanceKlass java/lang/Module
instanceKlass java/util/Map
instanceKlass java/util/Dictionary
instanceKlass java/lang/ThreadGroup
instanceKlass java/lang/Thread$UncaughtExceptionHandler
instanceKlass java/lang/Thread$Constants
instanceKlass java/lang/Thread$FieldHolder
instanceKlass java/lang/Thread
instanceKlass java/lang/Runnable
instanceKlass java/lang/ref/Reference
instanceKlass java/lang/Record
instanceKlass java/security/ProtectionDomain
instanceKlass java/lang/Throwable
instanceKlass java/lang/System
instanceKlass java/lang/ClassLoader
instanceKlass java/lang/Cloneable
instanceKlass java/lang/Class
instanceKlass java/lang/invoke/TypeDescriptor$OfField
instanceKlass java/lang/invoke/TypeDescriptor
instanceKlass java/lang/reflect/Type
instanceKlass java/lang/reflect/GenericDeclaration
instanceKlass java/lang/reflect/AnnotatedElement
instanceKlass java/lang/String
instanceKlass java/lang/constant/ConstantDesc
instanceKlass java/lang/constant/Constable
instanceKlass java/lang/CharSequence
instanceKlass java/lang/Comparable
instanceKlass java/io/Serializable
ciInstanceKlass java/lang/Object 1 1 115 7 1 10 12 1 1 10 7 12 1 1 1 10 7 12 1 1 1 10 12 1 1 8 1 10 12 1 1 10 7 12 1 1 1 10 12 1 10 12 1 1 100 1 8 1 10 12 1 10 7 12 1 1 1 7 1 10 12 1 7 1 10 12 1 1 8 1 3 8 1 100 1 5 0 1 1 1 1 1 1 1 1 1 1 1 1 1 1 1 1 7 1 1 1 1 1 1 1 1 1 1 1 1 1 7 1 1 1 1 1 1 3 1 1
ciInstanceKlass java/io/Serializable 1 0 7 100 1 100 1 1 1
ciInstanceKlass java/lang/System 1 1 591 10 100 12 1 1 1 10 7 12 1 1 1 10 12 1 1 10 12 1 9 12 1 1 10 7 12 1 1 1 11 7 12 1 1 1 10 100 12 1 1 1 10 12 1 1 100 1 8 1 10 12 1 9 12 1 1 9 12 1 1 10 7 12 1 1 1 10 7 12 1 1 1 10 12 1 1 10 12 1 10 7 12 1 1 1 10 12 1 10 12 1 1 7 1 10 12 1 1 100 1 8 1 10 10 12 1 1 100 1 8 1 10 10 7 12 1 1 10 12 10 7 12 1 1 10 7 12 1 1 1 100 1 8 1 10 10 7 12 1 1 1 10 7 12 1 1 1 100 1 10 100 12 1 1 1 10 12 1 1 10 7 12 1 1 1 10 12 1 1 10 12 1 10 12 1 8 1 10 12 1 1 10 12 1 1 8 1 10 12 1 7 1 7 1 10 12 1 9 7 12 1 1 1 10 7 12 1 1 1 10 12 1 10 12 1 10 7 12 1 1 1 100 1 8 1 10 9 12 1 1 9 12 1 10 12 1 10 100 12 1 1 10 12 1 10 12 1 1 100 1 10 8 1 10 12 1 1 10 12 1 10 12 1 1 10 12 1 1 8 1 11 7 12 1 1 10 12 11 12 1 1 11 7 12 1 1 1 11 7 12 1 1 11 12 1 1 7 1 11 12 1 10 12 1 8 1 10 12 1 1 8 1 8 1 8 1 8 1 11 12 1 10 12 1 1 10 12 1 10 12 1 8 1 10 12 1 1 8 1 9 12 1 8 1 10 7 12 1 1 8 1 7 1 9 7 12 1 1 1 10 12 1 7 1 9 12 10 9 12 7 1 10 12 9 12 1 1 8 1 10 12 1 1 8 1 9 12 1 10 7 12 1 1 10 12 1 10 12 1 1 11 7 12 1 1 10 12 10 7 12 1 1 1 9 12 1 1 100 1 100 1 8 1 10 12 1 1 10 12 1 8 1 8 1 10 8 1 8 1 8 1 8 1 8 1 10 8 1 10 7 12 1 1 1 10 7 12 1 1 1 10 12 1 1 7 1 10 10 12 1 10 12 1 9 12 1 1 1 1 1 1 1 1 1 1 1 1 100 1 1 100 1 1 1 1 1 1 1 1 1 1 3 1 1 1 1 1 1 1 1 1 1 1 1 1 1 1 1 1 1 1 1 1 1 1 1 1 1 1 1 1 1 1 1 1 1 1 1 1 1 1 1 1 1 1 1 1 1 1 1 1 1 1 100 1 1 1 1 1 1 1 1 1 1 1 1 1 1 1 1 1 1 1 1 1 1 1 1 1 100 1 100 1 1 1 1 1 1 1 1
staticfield java/lang/System in Ljava/io/InputStream; java/io/BufferedInputStream
staticfield java/lang/System out Ljava/io/PrintStream; java/io/PrintStream
staticfield java/lang/System err Ljava/io/PrintStream; java/io/PrintStream
instanceKlass org/springframework/beans/factory/support/ManagedProperties
instanceKlass org/springframework/core/SortedProperties
instanceKlass java/security/Security$1
instanceKlass java/security/Provider
ciInstanceKlass java/util/Properties 1 1 690 10 7 12 1 1 1 100 1 10 7 12 1 1 7 1 10 12 1 9 12 1 1 9 12 1 1 9 12 1 1 10 7 12 1 1 1 10 12 1 1 8 1 10 7 12 1 1 1 7 1 10 12 1 10 12 1 1 8 1 10 12 1 7 1 10 12 10 12 1 1 9 12 1 1 10 12 1 1 7 1 10 12 1 10 12 1 10 12 1 1 100 1 8 1 10 12 1 10 12 1 10 12 1 1 10 12 1 100 1 3 10 10 100 12 1 1 1 10 12 1 10 12 1 1 8 1 10 12 1 10 12 1 1 8 1 10 100 12 1 1 10 12 1 1 10 12 1 10 12 1 1 100 1 10 12 1 10 12 1 1 100 1 9 100 12 1 1 1 10 12 1 10 12 1 1 10 12 1 1 10 12 1 1 100 1 9 12 1 1 7 1 100 1 10 12 1 100 1 11 7 12 1 1 1 11 12 1 1 11 100 12 1 1 1 11 7 12 1 1 1 11 12 1 1 11 12 1 11 12 1 10 12 1 1 8 1 10 12 1 10 100 12 1 1 10 12 1 100 1 10 10 12 1 10 12 1 100 1 10 10 12 1 1 10 100 12 1 1 9 100 12 1 1 10 12 1 1 10 100 12 1 1 1 100 1 100 1 100 1 10 8 1 8 1 10 12 1 10 12 1 10 12 1 1 10 10 12 1 1 10 12 1 1 7 1 10 10 12 1 11 7 12 1 1 10 7 12 1 1 1 8 1 10 100 12 1 1 11 11 7 1 8 1 10 100 1 11 10 12 1 10 10 12 1 10 12 1 1 10 12 1 1 10 12 1 1 10 12 1 10 12 1 10 10 12 1 10 12 1 10 12 1 10 10 12 1 1 10 12 1 1 10 10 12 1 10 12 1 10 12 1 10 12 1 10 12 1 1 10 12 1 1 10 12 1 10 12 1 10 12 1 1 10 12 10 12 1 1 10 12 1 1 10 12 1 10 12 1 1 10 12 1 1 10 12 10 11 12 1 4 11 10 12 1 1 10 100 12 1 1 11 12 1 10 12 1 1 10 100 12 1 1 10 12 1 100 1 8 1 10 12 1 10 10 100 12 1 1 1 100 1 6 0 10 12 1 1 11 100 12 1 1 1 10 12 1 10 12 1 1 1 1 1 5 0 1 1 1 1 1 1 1 1 1 1 1 1 1 1 1 1 1 1 1 1 1 1 1 1 1 1 1 1 1 1 1 1 1 1 1 1 1 1 1 100 1 1 1 1 1 1 1 1 1 1 1 1 1 1 1 1 1 1 1 1 100 1 1 1 1 1 1 1 1 1 1 1 1 100 1 100 1 1 1 1 1 100 1 1 1 1 1 1 1 1 1 1 1 1 1 1 1 1 1 1 1 1 1 1 1 1 1 1 1 1 1 1 1 1 1 1 1 1 1 1 1 1 1 1 1 1 1 1 1 1 1 1 1 1 1 1 1 1 1 1 1 1 1 1 1 1 1 1 1 1 1 1 1 1 1 1 1 1 1 100 1 1 1 1 1 1 1 1 1 1 1 100 1 1
staticfield java/util/Properties UNSAFE Ljdk/internal/misc/Unsafe; jdk/internal/misc/Unsafe
instanceKlass java/util/Hashtable
ciInstanceKlass java/util/Dictionary 1 1 36 10 7 12 1 1 1 100 1 1 1 1 1 1 1 1 1 1 1 1 1 1 1 1 1 1 1 1 1 1 1 1 1 1 1 1
instanceKlass java/util/Properties
ciInstanceKlass java/util/Hashtable 1 1 516 100 1 10 7 12 1 1 1 9 7 12 1 1 1 100 1 100 1 10 8 1 10 12 1 1 10 12 1 10 12 1 1 10 12 1 10 7 12 1 1 1 8 1 10 12 1 9 12 1 1 7 1 9 12 1 1 4 10 7 12 1 1 1 9 12 1 4 10 12 1 11 100 12 1 1 1 10 12 1 1 10 12 1 1 9 12 1 10 12 1 1 100 1 10 9 12 1 1 10 7 12 1 1 1 9 12 1 1 10 12 1 10 12 1 3 9 12 1 9 12 1 3 10 12 1 10 12 1 10 12 1 1 11 12 1 1 11 100 12 1 1 1 11 100 12 1 1 1 11 12 1 100 1 11 12 1 11 12 1 10 12 1 1 10 12 1 1 10 12 1 9 12 1 1 9 12 9 12 1 1 10 100 1 100 1 10 12 1 10 8 1 10 10 12 1 8 1 10 8 1 10 7 12 1 1 1 7 1 10 12 1 10 12 1 7 1 10 12 1 10 12 1 1 100 1 10 100 1 10 10 12 1 1 11 12 1 1 11 12 1 100 1 10 10 10 100 12 1 1 11 100 12 1 1 1 100 1 10 11 100 12 1 1 11 100 12 1 10 12 1 10 12 1 1 10 100 12 1 1 10 12 1 1 10 12 1 1 10 12 1 1 10 100 12 1 1 1 8 10 100 12 1 1 100 1 8 1 10 4 4 10 12 1 1 10 12 1 8 1 4 10 12 10 100 12 1 1 1 100 1 11 100 12 1 1 1 10 100 12 1 1 1 10 12 1 10 12 1 1 10 100 1 100 1 1 1 1 1 1 5 0 1 1 1 1 1 3 1 3 1 3 1 1 1 1 1 1 1 1 1 1 1 1 1 1 1 1 1 1 1 1 1 1 1 1 1 100 1 1 1 1 1 1 1 1 1 1 1 1 1 1 1 1 1 1 1 1 1 1 1 1 1 1 1 1 1 100 1 1 1 1 1 1 1 1 1 1 1 1 1 1 100 1 1 1 1 1 1 1 1 1 1 1 1 1 1 1 1 1 1 1 1 1 1 1 1 1 1 1 1 1 1 1 1 1 1 1 1 1 1 1 1 1 1 1 1 100 1 1 1 100 1 1 1 1 1 100 1 1 1 1 1 1 1 1 1 1 1 1 1 1 1 1 1 1
ciInstanceKlass java/util/Map 1 1 263 11 7 12 1 1 1 11 12 1 1 10 7 12 1 1 11 12 1 1 11 7 12 1 1 1 11 7 12 1 1 1 11 12 1 1 7 1 11 12 1 11 12 1 100 1 100 1 10 12 1 1 11 7 12 1 1 1 11 100 12 1 1 1 11 12 1 11 12 1 10 12 1 1 11 12 1 11 7 12 1 9 7 12 1 1 1 100 1 10 12 7 1 7 1 10 12 1 7 1 10 7 1 11 12 1 11 12 1 1 11 12 1 1 7 1 11 12 1 1 1 1 1 1 1 1 1 1 1 1 1 1 1 1 1 1 1 1 1 1 1 1 1 1 1 1 1 1 1 1 1 1 1 1 1 1 1 1 1 1 1 1 1 1 1 1 1 1 1 1 1 1 1 1 1 1 1 1 1 1 1 1 1 1 1 1 1 1 1 1 1 1 1 1 1 1 1 1 1 1 1 1 1 1 1 1 1 1 1 1 1 1 1 1 1 1 1 1 1 1 1 1 1 1 1 1 1 1 1 1 1 1 1 1 1 1 1 1 1 1 1 1 1 1 100 1 1 1 1 1 1 1 1 1 1 1 1 1 1 1 1 1 1
ciInstanceKlass java/lang/String 1 1 1471 10 7 12 1 1 1 8 1 9 7 12 1 1 1 9 12 1 1 9 12 1 1 9 12 1 1 10 12 1 10 12 1 1 10 12 1 1 9 12 1 10 7 12 1 1 1 10 12 1 1 10 12 1 10 7 12 1 1 1 10 12 1 1 10 12 1 1 10 12 1 10 12 1 1 10 12 1 10 7 12 1 1 1 7 1 9 7 12 1 1 1 10 7 12 1 1 1 10 12 1 1 10 12 1 1 10 7 12 1 1 1 10 12 1 1 9 7 12 1 1 10 12 9 7 12 1 1 10 12 1 1 3 10 12 1 1 7 1 11 12 1 1 11 12 1 11 12 1 1 10 7 12 1 1 1 10 12 1 1 9 7 12 1 1 1 10 12 1 1 10 12 1 11 12 1 1 10 12 1 10 12 10 12 1 1 7 1 100 1 10 12 1 10 12 1 10 7 12 1 1 1 10 12 1 1 100 1 10 12 1 1 100 1 10 12 1 1 10 12 1 1 10 12 1 10 10 12 1 100 1 100 1 7 1 10 12 1 10 12 1 1 10 12 1 1 10 12 1 10 12 1 1 10 12 1 1 10 100 12 1 1 100 1 11 10 7 12 1 1 11 12 1 11 12 1 10 12 1 10 12 1 10 12 10 12 1 1 10 10 7 12 1 1 1 10 7 12 1 1 10 12 1 1 10 7 12 1 1 10 12 1 10 12 1 1 10 12 1 1 10 12 1 10 12 1 10 12 1 1 100 1 10 12 1 1 10 12 10 12 1 10 12 1 1 10 12 1 1 10 100 12 1 1 1 10 12 1 10 12 1 1 10 12 1 10 12 1 3 3 10 12 1 1 10 12 1 10 12 1 1 10 12 1 1 10 12 1 1 10 12 1 10 12 1 1 10 12 1 1 10 12 1 10 12 1 10 12 1 10 12 1 1 10 12 1 10 12 1 10 12 1 10 12 1 10 12 1 10 12 1 10 100 1 10 8 1 10 12 1 1 10 12 1 8 1 10 12 1 1 10 12 10 12 1 8 1 10 10 12 1 1 10 12 1 1 7 1 5 0 100 1 8 1 10 10 12 1 1 5 0 5 0 5 0 10 12 1 1 10 100 1 10 10 12 1 10 12 1 10 12 1 10 10 12 1 10 12 1 10 12 1 10 12 1 10 12 1 10 12 1 10 12 1 1 10 12 1 1 10 12 1 1 10 10 12 1 1 10 10 12 1 100 1 10 9 100 12 1 1 1 11 100 12 1 1 1 10 12 1 1 10 12 1 1 10 7 1 10 12 1 10 12 1 10 7 12 1 1 1 10 12 1 10 12 1 1 10 12 1 11 7 1 11 12 10 12 1 10 12 1 1 10 12 1 1 10 10 12 1 10 12 1 9 12 1 1 11 7 12 1 1 1 10 12 10 10 12 1 10 12 1 1 10 10 12 1 10 12 1 10 12 1 1 10 12 1 1 10 10 12 1 1 10 10 7 12 1 1 1 10 12 1 10 12 1 10 12 10 10 12 10 10 12 1 10 12 1 10 10 12 10 12 1 1 10 12 10 10 12 10 12 1 10 12 10 12 10 10 12 1 10 12 1 1 10 12 1 1 10 10 12 1 10 7 12 1 1 1 10 12 1 1 10 10 7 12 1 1 1 11 10 12 1 10 12 1 1 10 12 1 1 10 7 12 1 1 1 10 12 1 10 12 1 10 12 1 10 12 1 10 12 1 10 12 1 100 1 10 10 12 1 10 12 1 1 8 1 10 12 1 3 3 10 12 1 10 12 1 1 10 12 7 1 10 10 12 1 1 10 12 10 12 1 10 12 1 10 12 1 1 10 12 1 1 11 7 12 1 1 1 7 1 10 12 1 10 12 1 1 8 1 10 12 1 1 10 12 1 11 100 12 1 1 1 11 100 12 1 1 11 12 1 10 12 1 10 12 1 1 10 10 7 12 1 1 1 10 12 1 10 12 1 10 10 12 10 12 1 1 10 10 12 1 10 10 12 1 10 10 12 1 10 10 12 1 10 12 1 1 10 10 12 1 8 1 10 12 1 1 18 12 1 1 11 100 12 1 1 1 3 18 12 1 18 12 1 8 1 10 100 12 1 1 1 11 12 1 1 10 12 10 10 12 1 10 11 12 1 1 10 12 1 1 11 12 1 18 3 11 10 11 11 10 12 1 10 12 1 1 8 1 10 12 1 10 12 1 10 12 1 1 10 10 12 1 11 100 12 1 7 1 100 1 10 12 100 1 10 10 7 12 1 1 1 100 1 10 7 1 10 10 12 1 10 10 12 1 8 1 10 10 12 1 8 1 8 1 10 12 1 10 12 1 10 10 12 10 7 12 1 1 10 100 12 1 1 10 100 12 1 1 8 1 10 12 1 10 12 1 10 9 12 1 10 12 9 7 12 1 1 1 10 12 1 10 12 1 10 12 1 10 12 10 12 1 10 12 1 8 1 10 100 12 1 1 1 10 12 10 12 1 1 10 12 10 12 10 12 7 1 9 12 1 1 7 1 10 100 1 100 1 100 1 100 1 1 1 1 1 1 5 0 1 1 1 1 1 3 1 3 1 1 1 1 1 1 1 1 1 1 1 1 1 1 1 100 1 1 1 1 1 1 1 1 1 1 1 1 1 1 1 1 1 1 1 1 1 1 1 1 1 1 1 1 1 1 1 100 1 1 1 1 1 1 1 1 1 1 1 1 100 1 1 1 1 1 1 1 1 1 1 1 1 1 1 1 1 1 1 1 1 1 1 1 1 1 1 1 1 1 1 1 1 1 1 1 1 1 1 1 1 1 1 1 1 1 1 1 1 1 1 1 1 1 1 1 1 1 1 1 1 1 1 1 1 1 1 1 1 1 1 1 1 1 1 1 1 1 1 1 1 1 1 1 1 1 1 1 1 1 1 1 1 1 1 1 1 1 1 1 1 1 1 1 1 1 1 1 1 1 1 1 1 1 1 1 1 1 1 1 1 1 1 1 1 1 1 1 1 1 1 1 1 1 1 1 1 1 1 1 1 1 1 1 1 1 1 1 1 1 1 1 1 1 1 1 1 1 1 1 1 1 1 1 1 1 1 1 1 1 1 1 1 1 1 1 1 1 1 1 100 1 1 1 1 1 1 1 1 1 1 1 1 1 1 1 1 1 1 1 1 1 1 1 100 1 1 1 1 1 1 1 1 1 1 1 1 1 1 1 7 1 1 1 1 1 1 1 1 1 1 1 1 1 1 1 16 15 10 12 16 15 10 12 15 10 12 15 10 12 15 10 100 12 1 1 1 1 100 1 1 1 1 1 100 1 100 1 1 1
staticfield java/lang/String COMPACT_STRINGS Z 1
staticfield java/lang/String serialPersistentFields [Ljava/io/ObjectStreamField; 0 [Ljava/io/ObjectStreamField;
staticfield java/lang/String CASE_INSENSITIVE_ORDER Ljava/util/Comparator; java/lang/String$CaseInsensitiveComparator
ciInstanceKlass java/lang/Comparable 1 0 12 100 1 100 1 1 1 1 1 1 1 1
ciInstanceKlass java/lang/CharSequence 1 1 131 11 7 12 1 1 1 18 12 1 1 100 1 10 100 12 1 1 1 18 10 100 12 1 1 1 11 12 1 1 11 100 1 11 12 1 1 10 100 12 1 1 1 11 12 1 1 100 1 10 12 1 1 10 100 12 1 1 1 100 1 10 10 12 1 1 100 1 1 1 1 1 1 1 1 1 1 1 1 1 1 1 1 1 1 1 1 1 1 1 1 1 1 1 1 1 1 1 1 1 16 1 15 11 12 16 15 11 12 15 10 100 12 1 1 1 1 1 100 1 100 1 1 100 1 1 100 1 100 1 1
ciMethod java/lang/String length ()I 1024 0 801392 0 104
ciInstanceKlass java/lang/constant/Constable 1 0 11 100 1 100 1 1 1 1 1 1 1
ciInstanceKlass java/lang/constant/ConstantDesc 1 0 37 100 1 100 1 1 1 1 100 1 1 1 1 100 1 100 1 100 1 100 1 100 1 100 1 100 1 100 1 100 1 1 100 1 100 1 1
ciInstanceKlass java/lang/AutoCloseable 1 0 12 100 1 100 1 1 1 1 7 1 1 1
ciInstanceKlass java/io/Closeable 1 0 14 100 1 100 1 100 1 1 1 1 7 1 1 1
ciInstanceKlass java/lang/Appendable 1 0 14 100 1 100 1 1 1 1 100 1 1 1 1 1
ciInstanceKlass java/util/Iterator 1 1 53 100 1 8 1 10 12 1 1 10 7 12 1 1 1 11 7 12 1 1 1 11 12 1 1 11 7 12 1 1 1 100 1 1 1 1 1 1 1 1 1 1 1 1 1 1 1 1 1 1 1 1 1
instanceKlass com/fasterxml/jackson/core/io/MergedStream
instanceKlass org/apache/hc/core5/http/io/EofSensorInputStream
instanceKlass org/apache/hc/core5/http/impl/io/IdentityInputStream
instanceKlass org/apache/hc/core5/http/impl/io/ChunkedInputStream
instanceKlass org/apache/hc/core5/http/io/entity/EmptyInputStream
instanceKlass org/apache/hc/core5/http/impl/io/ContentLengthInputStream
instanceKlass org/springframework/util/UpdateMessageDigestInputStream
instanceKlass jakarta/servlet/ServletInputStream
instanceKlass org/apache/catalina/webresources/TrackedInputStream
instanceKlass java/io/ObjectInputStream
instanceKlass java/util/jar/JarVerifier$VerifierStream
instanceKlass sun/nio/ch/ChannelInputStream
instanceKlass sun/nio/ch/NioSocketImpl$1
instanceKlass java/net/Socket$SocketInputStream
instanceKlass java/util/zip/ZipFile$ZipFileInputStream
instanceKlass java/io/FilterInputStream
instanceKlass java/io/FileInputStream
instanceKlass java/io/ByteArrayInputStream
ciInstanceKlass java/io/InputStream 1 1 197 100 1 10 7 12 1 1 1 100 1 10 10 7 12 1 1 1 10 7 12 1 1 1 10 12 1 100 1 100 1 3 10 12 1 1 100 1 8 1 10 12 1 10 7 12 1 1 1 3 100 1 8 1 10 10 7 12 1 1 1 7 1 10 11 7 12 1 1 1 10 12 1 1 11 12 1 1 11 7 12 1 1 1 11 12 1 1 7 1 10 7 12 1 1 1 5 0 10 12 1 10 12 1 1 100 1 10 8 1 10 8 1 8 1 10 12 1 1 10 100 12 1 1 1 100 1 5 0 10 12 1 100 1 100 1 1 1 1 3 1 3 1 1 1 1 1 1 1 1 1 1 1 1 1 1 1 1 1 1 1 1 1 1 1 1 1 1 1 1 1 1 1 1 1 1 1 1 1 1 1 1 1 1 1 1 1 1 1 1 1 1 1 1 1 1 1
instanceKlass org/springframework/core/DecoratingClassLoader
instanceKlass java/security/SecureClassLoader
ciInstanceKlass java/lang/ClassLoader 1 1 1057 9 7 12 1 1 1 10 7 12 1 1 1 9 12 1 1 10 7 12 1 1 1 7 1 10 12 1 1 10 12 1 1 9 12 1 1 10 12 1 1 100 1 10 12 1 10 12 1 1 10 7 12 1 1 1 100 1 8 1 10 12 1 10 7 1 10 7 1 7 1 7 1 10 12 1 10 12 1 9 12 1 1 10 10 7 12 1 1 1 9 12 1 1 9 12 1 9 12 1 1 9 12 1 9 12 1 1 9 12 1 1 7 1 10 12 1 9 12 1 1 10 12 1 1 10 7 12 1 1 1 9 12 1 9 12 1 1 9 12 1 10 12 1 1 9 12 10 12 1 1 7 1 10 8 1 10 12 1 1 10 12 1 10 7 1 7 1 10 7 12 1 1 1 10 7 12 1 1 1 8 1 10 12 1 10 12 1 10 12 1 1 10 12 1 1 10 12 1 1 10 12 1 1 10 12 1 1 10 12 1 7 1 10 12 1 10 100 12 1 1 1 10 12 1 1 10 12 1 10 12 1 10 12 1 10 12 1 10 12 1 1 10 10 12 1 10 12 1 10 10 12 1 1 10 12 1 1 100 1 8 1 10 8 1 10 12 1 10 12 1 100 1 8 1 10 12 1 1 10 12 1 1 10 10 12 1 1 10 12 1 1 10 12 1 1 10 7 1 10 12 1 10 12 1 1 10 12 1 1 10 12 1 1 10 12 1 1 10 12 1 1 10 12 1 1 10 12 1 1 10 7 12 1 1 1 10 12 1 10 12 1 10 12 1 1 10 12 1 10 12 1 10 12 1 10 12 1 1 10 12 1 10 12 1 1 8 1 9 12 1 10 12 1 1 8 1 8 1 10 7 12 1 1 100 1 10 10 12 10 12 1 10 12 1 10 12 1 10 12 1 1 10 7 12 1 1 10 12 1 10 7 1 7 1 10 12 1 1 10 12 1 10 7 1 10 12 1 100 1 18 12 1 10 100 12 1 1 1 10 100 12 1 1 1 10 7 12 1 1 10 12 1 10 12 1 100 1 10 12 1 8 1 10 10 12 1 1 10 12 1 10 12 1 1 7 1 10 12 1 1 10 100 12 1 1 10 12 1 10 7 12 1 1 10 12 1 8 1 100 1 10 10 12 1 9 12 1 10 7 12 1 1 10 12 1 100 1 8 1 10 12 1 10 8 1 8 1 10 12 1 1 10 12 1 1 10 12 1 1 10 100 12 1 1 100 1 100 1 10 12 1 1 100 1 100 1 10 100 12 1 1 10 12 1 10 12 1 10 12 1 10 12 1 10 12 1 1 10 12 1 8 1 7 1 18 12 1 1 10 12 1 1 10 12 1 10 12 1 10 12 1 8 1 10 12 1 10 12 1 18 12 1 11 100 12 1 1 1 100 1 10 12 1 1 10 12 1 10 11 12 1 1 10 18 10 12 1 1 11 100 12 1 18 12 1 11 12 1 1 10 12 1 10 12 1 1 10 12 1 1 100 1 8 1 10 10 12 1 8 1 8 1 10 100 12 1 1 10 12 1 100 1 10 10 12 1 8 1 8 1 8 1 10 12 1 10 12 1 10 12 1 1 10 12 1 1 10 12 1 10 100 12 1 1 1 11 100 12 1 1 100 1 10 11 10 12 1 10 12 1 10 12 1 1 9 100 12 1 1 9 12 1 1 9 12 9 12 1 9 12 1 9 12 1 8 10 12 1 1 10 7 12 1 1 1 10 12 1 1 10 12 1 1 10 12 1 10 10 12 1 11 12 1 1 10 100 12 1 1 1 100 1 10 12 1 10 12 1 10 12 1 1 1 1 1 1 1 1 1 1 1 1 1 1 1 1 1 1 1 1 1 1 1 1 1 1 100 1 1 1 1 1 1 1 1 1 1 1 1 1 1 1 1 1 1 1 1 1 1 1 1 1 7 1 1 1 1 1 1 1 1 1 1 1 1 1 1 1 1 1 1 1 1 1 1 1 1 1 1 1 1 1 1 1 1 1 1 1 1 1 1 1 1 1 1 1 100 1 1 1 1 1 1 1 1 1 1 1 1 1 1 1 1 1 1 1 1 1 100 1 1 1 1 1 1 1 1 1 1 1 1 1 1 1 1 1 1 1 1 1 1 1 1 1 1 1 1 1 1 1 1 1 1 1 1 1 1 1 1 1 1 1 1 100 1 1 1 1 1 1 1 1 1 1 1 1 1 1 1 1 1 1 1 1 1 1 1 1 1 1 1 1 1 1 1 1 1 1 1 1 1 1 1 1 1 1 1 1 1 1 1 1 1 1 1 16 1 15 10 12 16 1 16 15 10 12 16 1 16 1 15 10 12 16 15 10 12 16 15 10 12 16 15 10 100 12 1 1 1 1 1 100 1 100 1 1
staticfield java/lang/ClassLoader nocerts [Ljava/security/cert/Certificate; 0 [Ljava/security/cert/Certificate;
staticfield java/lang/ClassLoader $assertionsDisabled Z 1
instanceKlass org/apache/tomcat/util/threads/TaskThread
instanceKlass org/springframework/boot/web/embedded/tomcat/TomcatWebServer$1
instanceKlass org/springframework/boot/autoconfigure/ssl/FileWatcher$WatcherThread
instanceKlass org/springframework/context/support/AbstractApplicationContext$1
instanceKlass java/util/concurrent/ForkJoinWorkerThread
instanceKlass java/util/logging/LogManager$Cleaner
instanceKlass org/springframework/boot/devtools/restart/RestartLauncher
instanceKlass org/springframework/boot/devtools/restart/Restarter$LeakSafeThread
instanceKlass com/intellij/rt/execution/application/AppMainV2$1
instanceKlass jdk/internal/misc/InnocuousThread
instanceKlass java/lang/ref/Finalizer$FinalizerThread
instanceKlass java/lang/ref/Reference$ReferenceHandler
instanceKlass java/lang/BaseVirtualThread
ciInstanceKlass java/lang/Thread 1 1 759 10 7 12 1 1 1 9 12 1 1 10 7 12 1 1 10 12 1 10 100 12 1 1 100 1 8 1 10 12 1 1 9 12 1 1 9 12 1 9 12 1 1 7 1 10 12 1 1 10 12 1 7 1 10 12 10 12 1 1 9 12 1 1 10 12 1 100 1 10 12 1 10 12 1 1 10 12 1 1 10 12 1 10 12 1 1 100 1 8 1 10 9 7 12 1 1 1 10 12 1 1 10 3 8 1 100 1 5 0 10 7 12 1 1 1 9 12 1 10 12 1 1 10 7 1 100 1 8 1 10 7 1 10 12 1 9 12 1 1 10 12 1 1 10 12 1 1 10 7 12 1 1 10 12 1 10 12 1 10 7 12 1 1 5 0 9 12 1 10 7 12 1 1 1 10 12 1 1 9 12 1 1 9 12 1 1 10 100 12 1 1 10 100 12 1 1 1 10 12 1 10 12 1 1 9 12 1 1 10 7 12 1 1 9 12 1 8 1 9 100 12 1 1 1 5 0 100 1 10 100 1 10 100 1 10 7 1 10 8 1 10 12 1 1 10 7 12 1 10 12 1 10 12 1 100 1 8 1 10 10 12 1 10 12 1 1 10 100 12 1 1 1 10 100 12 1 1 1 10 12 1 7 1 9 12 1 1 100 1 10 10 12 1 9 12 1 1 10 12 1 1 10 12 1 1 10 12 1 10 12 1 9 12 1 1 10 10 12 1 1 10 12 1 1 11 7 12 1 1 10 7 12 1 1 9 12 1 9 12 1 1 9 12 1 1 10 100 12 1 1 10 12 1 1 9 7 12 1 1 1 10 7 12 1 1 10 12 1 10 12 1 100 1 10 9 12 1 1 10 12 1 11 100 12 1 1 11 12 1 10 12 1 10 12 1 10 12 1 9 12 1 10 10 12 1 10 12 1 1 9 12 1 9 12 10 12 1 8 1 10 12 1 10 12 1 10 12 1 10 12 1 10 12 1 1 10 12 1 10 12 1 1 10 100 12 1 1 10 12 1 10 12 1 10 12 1 10 12 1 1 9 7 12 1 1 1 8 1 10 9 12 1 10 12 1 7 1 8 1 10 10 12 1 8 1 10 12 1 1 9 12 8 1 10 10 12 1 10 12 1 8 1 10 12 1 10 8 1 9 12 1 1 10 12 1 1 10 10 12 1 10 12 1 100 10 7 12 1 1 1 10 12 1 1 10 12 1 1 10 100 12 1 1 1 11 100 12 1 1 1 10 12 1 1 9 12 1 10 12 1 10 12 1 1 11 7 12 1 1 1 10 12 1 1 1 1 3 1 3 1 3 1 3 1 1 1 1 1 1 1 1 1 1 1 1 1 1 1 1 1 1 1 1 1 1 100 1 1 1 1 1 1 1 1 1 1 1 1 1 1 1 1 1 1 7 1 1 1 1 1 1 1 1 1 1 1 1 1 1 1 100 1 1 1 1 1 1 1 1 1 1 1 1 1 1 1 1 1 1 1 1 1 1 1 1 1 1 1 1 1 1 1 1 1 1 1 1 1 1 1 1 1 1 1 1 1 1 1 1 1 1 1 1 1 1 1 1 1 1 1 1 1 1 1 1 1 1 1 1 1 1 100 100 1 1 1 1 1 1 1 1 1 1 1 1 1 1 1 1 1 1 1 1 1 1 1 100 1 100 1 100 1 1 100 1 1 1 1 1 1 1 1 1 1 1 1 1 1
staticfield java/lang/Thread NEW_THREAD_BINDINGS Ljava/lang/Object; java/lang/Class
staticfield java/lang/Thread EMPTY_STACK_TRACE [Ljava/lang/StackTraceElement; 0 [Ljava/lang/StackTraceElement;
ciInstanceKlass java/lang/Runnable 1 0 11 100 1 100 1 1 1 1 1 1 1
ciInstanceKlass java/lang/Class 1 1 1647 10 7 12 1 1 1 10 7 12 1 1 9 12 1 1 9 12 1 1 10 12 1 1 8 1 10 12 1 8 1 8 1 10 12 1 1 10 7 12 1 1 1 10 12 1 7 1 10 10 12 1 10 12 1 1 10 12 1 1 10 12 1 1 10 7 12 1 1 10 12 1 10 12 1 10 12 1 1 10 12 1 8 1 10 12 1 8 1 10 12 1 8 1 8 1 10 12 1 1 10 7 12 1 1 1 18 12 1 1 11 7 12 1 1 1 8 1 8 1 8 1 10 7 12 1 1 1 11 12 1 1 8 1 10 12 1 10 10 12 1 1 10 12 1 8 1 10 12 1 1 8 1 10 12 1 10 12 1 1 11 7 12 1 1 1 11 100 12 1 1 1 11 8 1 18 8 1 10 12 1 10 7 12 1 1 10 12 1 1 10 7 12 1 1 1 10 12 1 1 10 12 1 1 10 7 12 1 1 1 10 7 12 1 10 12 1 1 10 7 1 10 12 1 8 1 10 8 1 8 1 8 1 8 1 8 1 8 1 8 1 8 1 9 100 12 1 1 9 100 1 9 100 1 9 100 1 9 100 1 9 100 1 9 100 1 9 100 1 9 100 1 9 12 1 1 7 1 8 1 10 12 1 10 12 1 1 100 1 10 12 1 1 10 7 12 1 1 1 10 7 12 1 1 1 7 1 7 1 10 10 12 1 1 10 12 1 1 100 1 10 100 12 1 1 1 10 12 1 1 10 12 1 1 9 12 1 1 10 12 1 9 12 1 1 9 12 1 1 10 12 1 1 10 7 1 10 12 1 10 12 1 1 10 9 12 1 10 12 1 8 1 10 12 1 1 10 12 1 1 10 12 1 10 12 1 10 12 1 1 10 12 1 9 7 12 1 1 1 10 7 12 1 1 10 12 1 10 12 1 10 12 1 10 12 1 9 100 12 1 1 1 9 12 1 10 12 1 10 100 12 1 1 1 9 12 1 1 10 7 10 12 1 1 10 100 12 1 1 10 12 1 10 12 1 1 10 100 12 1 1 1 10 12 1 10 12 1 1 10 12 1 10 12 1 10 12 1 1 10 7 1 10 10 12 1 1 10 12 1 1 10 12 10 10 12 1 1 100 1 8 1 10 10 12 1 1 10 12 1 100 1 11 12 1 10 12 1 10 12 1 10 100 12 1 1 10 10 12 1 1 8 1 10 12 1 8 1 9 12 1 10 12 1 10 12 1 10 12 1 10 12 100 1 9 12 1 10 12 1 9 12 1 10 12 1 10 12 1 10 12 1 10 10 12 1 10 12 1 10 12 1 10 12 1 10 12 1 10 12 1 7 1 10 10 12 1 10 12 1 11 100 12 1 1 11 12 1 1 10 12 1 1 10 12 1 1 10 12 1 1 10 12 1 1 10 12 1 1 10 12 1 1 7 1 10 10 12 1 1 10 12 1 1 10 12 1 1 10 10 12 1 10 12 1 1 10 12 1 1 10 12 1 1 10 12 1 1 10 12 10 12 1 1 10 7 12 1 1 1 10 12 1 10 12 1 1 10 12 1 10 7 12 1 1 1 10 12 1 1 10 10 12 1 1 100 1 10 10 12 1 1 10 100 12 1 1 1 100 1 100 1 10 12 1 1 10 12 1 10 10 12 1 1 10 12 1 10 12 1 10 12 1 10 100 12 1 1 1 11 7 12 1 1 10 12 1 10 12 1 10 12 1 1 10 12 1 9 7 12 1 1 1 8 1 10 12 1 10 12 1 10 12 1 10 12 1 1 9 12 1 9 12 1 1 10 7 12 1 1 9 12 1 10 12 1 1 10 10 12 1 10 7 12 1 1 1 10 7 12 1 1 10 7 12 1 1 9 12 1 1 10 12 1 9 12 1 10 12 1 10 12 1 1 9 12 1 1 9 12 1 10 12 1 10 12 1 1 9 12 1 100 1 10 10 12 1 1 7 1 10 100 11 100 1 9 12 1 1 9 12 1 10 12 1 9 12 1 1 9 12 1 10 12 1 10 12 1 1 9 12 1 7 1 10 10 12 1 1 10 10 12 1 10 12 10 10 12 1 9 12 1 10 12 1 1 10 12 1 8 10 7 8 1 18 8 1 8 1 10 12 1 9 12 1 9 12 1 1 10 12 1 7 1 7 1 10 12 1 9 12 1 1 10 10 12 1 9 12 1 8 1 10 12 1 10 10 12 1 1 100 1 100 1 9 12 1 100 1 8 1 10 10 7 12 1 1 1 10 12 11 7 12 1 1 1 10 12 1 10 12 1 1 10 8 1 10 12 1 8 1 10 12 1 1 9 7 12 1 1 11 12 7 1 11 7 12 1 1 9 12 1 10 100 12 1 1 1 10 7 12 1 1 10 12 1 1 9 12 1 9 10 12 1 1 10 12 1 1 10 12 1 1 10 12 1 1 10 12 1 1 11 12 1 11 12 1 1 11 7 12 1 1 11 12 1 7 1 11 12 1 10 7 12 1 1 1 10 12 1 11 12 1 10 100 12 1 1 1 10 12 1 10 100 12 1 1 1 11 12 1 11 12 1 1 10 12 1 10 12 1 1 9 12 1 1 10 12 1 10 100 12 1 1 1 10 12 1 1 10 12 1 10 12 1 10 12 1 10 7 12 1 1 1 10 12 1 8 1 10 12 1 10 12 1 10 12 1 8 1 8 1 10 7 12 1 1 10 7 12 1 1 100 1 10 12 10 100 12 1 1 1 10 100 12 1 1 1 10 12 1 1 10 12 1 18 12 1 1 11 12 1 1 18 11 12 1 18 12 1 11 12 1 10 12 1 10 12 1 10 12 1 10 12 10 12 1 8 1 10 12 1 7 1 9 12 1 1 100 1 100 1 100 1 100 1 1 1 3 1 3 1 3 1 1 1 1 1 1 1 1 1 5 0 1 1 1 1 1 1 1 1 1 1 1 1 1 1 1 1 1 1 1 1 1 1 1 1 1 100 1 1 1 1 1 1 1 1 1 1 1 100 1 1 1 1 1 7 1 1 1 1 1 1 1 1 1 1 1 1 1 1 1 1 1 1 1 1 1 1 1 1 1 1 1 1 1 1 1 1 1 1 1 100 1 1 1 1 1 1 1 1 1 1 1 1 1 1 1 1 1 1 1 1 1 1 1 1 1 1 1 1 1 1 1 100 1 1 1 1 1 1 1 1 1 1 1 1 1 1 1 1 1 1 1 1 1 1 1 1 1 1 1 1 1 1 1 1 1 1 1 1 1 1 1 1 1 1 1 1 1 1 1 1 1 1 1 1 1 1 1 1 1 1 1 1 1 100 1 100 1 1 1 1 1 1 1 100 1 1 1 1 1 1 1 1 1 1 1 1 1 1 1 1 1 1 1 1 1 1 1 1 1 1 1 1 1 1 1 1 1 1 1 1 1 1 1 1 1 1 1 1 1 1 1 1 1 1 1 1 1 1 1 1 1 1 1 1 1 1 1 1 1 1 1 1 1 1 1 1 1 1 1 1 1 1 1 1 1 1 1 1 1 1 1 1 1 1 1 1 1 1 1 1 1 1 1 1 1 1 1 1 1 1 1 1 1 1 1 1 1 1 16 15 10 12 16 15 11 12 16 1 15 10 12 16 16 15 10 12 16 15 16 1 15 10 12 16 15 10 7 12 1 1 1 1 1 1 1 1 1 1 1 1 100 1 1 100 1 100 1 1 100 1 100 1 1
staticfield java/lang/Class EMPTY_CLASS_ARRAY [Ljava/lang/Class; 0 [Ljava/lang/Class;
staticfield java/lang/Class serialPersistentFields [Ljava/io/ObjectStreamField; 0 [Ljava/io/ObjectStreamField;
ciInstanceKlass java/lang/reflect/AnnotatedElement 1 1 165 11 7 12 1 1 1 11 12 1 1 100 1 10 100 12 1 1 1 10 12 1 1 10 12 1 1 10 12 1 10 100 12 1 1 1 11 12 1 1 11 100 12 1 1 10 100 12 1 1 1 10 12 1 10 100 12 1 1 1 18 12 1 1 11 100 12 1 1 18 12 1 18 12 1 1 10 100 12 1 1 1 11 100 12 1 1 1 100 1 10 100 12 1 1 1 1 1 1 1 1 1 1 1 1 1 1 1 1 1 1 1 1 1 1 1 1 1 1 100 1 1 1 1 1 1 1 1 1 1 1 16 15 16 1 16 1 15 11 12 16 16 1 15 10 100 12 1 1 1 16 1 15 10 100 12 1 1 1 1 100 1 100 1 1
ciInstanceKlass java/lang/reflect/Type 1 1 17 11 100 12 1 1 1 100 1 1 1 1 1 1 1 1 1
ciInstanceKlass java/lang/invoke/TypeDescriptor 1 0 17 100 1 100 1 1 1 1 1 1 100 1 100 1 1 1 1
ciInstanceKlass java/lang/invoke/TypeDescriptor$OfField 1 0 21 100 1 100 1 100 1 1 1 1 1 1 1 1 1 1 1 1 1 1 1
ciInstanceKlass java/lang/reflect/GenericDeclaration 1 0 30 100 1 100 1 100 1 1 1 1 1 1 1 1 100 1 8 1 1 12 10 1 1 1 8 1 1 1 8 1
ciMethod java/lang/Class getName ()Ljava/lang/String; 800 0 136713 0 112
ciMethod java/lang/Class initClassName ()Ljava/lang/String; 260 0 130 0 -1
ciInstanceKlass java/lang/Module 1 1 1068 10 7 12 1 1 1 9 7 12 1 1 1 10 7 12 1 1 1 9 12 1 9 12 1 1 9 12 1 1 10 12 1 1 10 12 1 10 12 1 1 10 7 12 1 1 1 7 1 10 7 12 1 1 1 10 12 1 1 11 7 12 1 1 1 10 12 1 1 10 12 1 8 1 10 7 12 1 1 1 10 7 12 1 1 1 10 7 12 1 1 1 10 12 1 1 10 12 1 9 12 1 1 10 7 12 1 1 1 9 7 12 1 1 1 100 1 10 8 1 10 12 1 1 10 12 1 10 12 8 1 10 7 12 1 1 1 10 100 12 1 1 1 10 100 12 1 1 1 8 1 10 12 1 8 1 9 12 1 100 1 8 1 10 12 1 10 8 1 8 1 8 1 10 100 12 1 1 1 8 1 10 100 12 1 1 1 8 1 10 12 1 9 12 1 1 11 12 1 9 7 12 1 1 10 7 12 1 1 1 10 100 12 1 1 1 10 12 1 1 8 1 10 12 1 1 10 12 1 10 12 1 1 9 7 12 1 1 1 10 12 1 1 10 12 1 1 9 12 1 10 12 1 10 12 1 9 12 1 1 11 7 12 1 1 10 12 1 1 9 12 1 9 12 1 10 12 1 10 12 1 100 1 8 1 10 10 12 1 1 10 12 1 8 1 10 12 1 1 8 1 8 1 10 12 1 1 10 12 1 10 12 1 1 18 12 1 1 10 12 1 1 11 12 1 9 12 1 11 12 10 12 1 100 1 8 1 10 11 12 1 1 10 7 12 1 1 1 10 12 1 10 12 1 1 11 12 1 1 11 7 12 1 1 11 12 1 1 9 12 1 11 12 1 10 12 1 1 10 12 1 1 9 12 1 10 12 10 7 12 1 1 10 7 1 18 12 1 1 11 100 12 1 1 1 18 12 1 11 12 1 1 10 100 12 1 1 1 11 12 1 1 10 7 12 1 1 7 1 11 12 1 7 1 7 1 10 12 1 10 7 12 1 1 1 10 7 12 1 1 1 10 11 7 12 1 8 1 10 10 12 1 1 10 7 12 1 1 10 12 1 10 12 1 7 1 10 12 1 10 11 12 1 1 10 12 10 12 1 1 9 12 1 1 100 1 10 10 12 1 1 11 100 1 10 12 1 1 11 12 1 10 10 12 1 11 10 12 1 1 10 12 1 1 10 12 1 1 10 7 12 1 1 10 12 1 10 12 1 1 10 10 12 1 1 10 12 1 18 12 1 11 12 1 18 12 1 10 12 1 10 12 1 10 12 7 1 10 12 1 10 12 1 10 12 1 9 12 1 7 1 10 10 10 10 12 1 10 12 1 10 12 1 10 12 1 1 10 12 1 1 10 12 1 9 12 1 10 12 1 100 1 8 1 10 12 1 1 10 12 1 10 100 12 1 1 100 1 10 12 1 1 100 1 8 1 100 1 9 100 12 1 1 1 11 100 12 1 1 10 12 1 1 11 12 1 1 18 12 1 1 11 12 1 1 100 1 10 12 1 10 12 1 1 100 1 100 1 10 12 8 1 10 12 1 1 10 12 1 1 10 100 12 1 1 10 12 1 1 10 12 1 10 12 10 12 1 1 100 1 10 10 12 1 1 10 100 12 1 1 1 100 1 10 100 12 1 1 1 10 100 12 1 1 8 1 18 12 1 1 100 1 100 1 9 12 1 1 9 12 1 9 12 1 11 100 12 1 1 1 100 1 11 12 1 1 100 1 10 12 1 8 1 10 12 1 10 12 10 12 1 8 1 10 10 100 12 1 1 7 1 10 10 12 1 10 7 12 1 1 9 12 1 9 12 1 9 12 1 9 12 1 10 12 11 12 1 10 12 1 100 1 1 1 1 1 1 1 1 1 1 1 1 1 1 1 1 1 1 1 1 1 1 1 1 1 1 1 1 1 1 1 1 1 1 1 1 1 1 1 1 1 1 1 1 1 1 1 1 1 1 1 1 1 1 1 1 1 1 1 1 1 1 1 1 1 1 1 1 1 1 1 1 1 1 1 1 1 1 1 1 1 1 1 1 1 1 1 1 1 1 1 1 1 1 1 1 1 1 1 1 1 1 1 1 1 1 1 1 1 1 1 1 1 1 100 100 1 1 1 1 1 1 1 1 1 1 1 1 1 1 1 1 1 1 1 1 1 1 1 1 1 1 100 1 7 1 1 1 1 1 1 1 1 1 1 1 1 1 1 1 1 1 1 100 1 1 1 1 1 1 1 1 1 1 1 1 1 1 1 1 1 1 1 1 1 1 1 16 15 10 12 16 16 15 10 12 16 16 15 10 16 1 15 10 12 16 1 15 10 12 16 1 16 1 15 10 12 16 15 10 7 12 1 1 1 15 10 100 12 1 1 1 1 1 1 1 1 1 1 1 1 1 100 1 100 1 1
staticfield java/lang/Module ALL_UNNAMED_MODULE Ljava/lang/Module; java/lang/Module
staticfield java/lang/Module ALL_UNNAMED_MODULE_SET Ljava/util/Set; java/util/ImmutableCollections$Set12
staticfield java/lang/Module EVERYONE_MODULE Ljava/lang/Module; java/lang/Module
staticfield java/lang/Module EVERYONE_SET Ljava/util/Set; java/util/ImmutableCollections$Set12
staticfield java/lang/Module $assertionsDisabled Z 1
ciInstanceKlass jdk/internal/util/ArraysSupport 1 1 396 7 1 100 1 8 1 10 12 1 1 10 12 1 1 10 100 12 1 1 9 7 12 1 1 1 9 12 1 1 10 7 12 1 1 1 9 12 1 1 10 7 12 1 1 1 9 12 1 10 12 9 12 1 10 12 1 1 10 12 10 12 1 1 10 7 12 1 1 1 9 12 1 1 11 7 12 1 1 1 10 7 12 1 1 1 7 1 10 12 1 1 10 12 1 100 1 10 12 1 10 12 100 1 10 12 1 100 1 10 12 1 100 1 100 1 10 8 1 10 12 1 1 10 12 1 10 12 1 1 10 9 12 1 9 12 1 10 12 1 1 9 12 1 9 12 1 9 12 1 9 12 1 9 12 1 9 12 1 9 12 1 10 12 1 1 10 100 12 1 1 1 9 12 1 9 12 1 10 12 1 1 10 12 1 9 12 1 10 12 1 10 100 12 1 1 1 9 12 1 9 12 1 10 12 1 10 12 1 10 7 12 1 1 1 3 10 12 1 100 1 8 1 8 1 8 1 10 10 100 12 1 1 1 11 100 12 1 1 1 10 12 1 10 100 12 1 1 1 10 12 1 1 10 12 1 1 9 12 1 10 12 1 9 12 1 9 12 1 9 12 1 9 12 1 9 12 1 9 12 1 9 12 1 10 7 12 1 1 1 1 1 3 1 3 1 3 1 3 1 3 1 3 1 3 1 3 1 1 1 1 1 1 1 1 1 1 1 1 1 1 1 1 1 1 1 1 1 1 1 1 1 1 1 1 1 1 1 1 1 1 1 1 1 1 1 1 1 1 1 1 1 1 1 1 1 1 1 1 1 1 1 1 1 1 1 1 1 1 1 1 1 1 1 1 1 1 1 1 1 1 1 1 1 1 1 1 1 1 1 1 100 1 1 1 1
staticfield jdk/internal/util/ArraysSupport U Ljdk/internal/misc/Unsafe; jdk/internal/misc/Unsafe
staticfield jdk/internal/util/ArraysSupport BIG_ENDIAN Z 0
staticfield jdk/internal/util/ArraysSupport LOG2_ARRAY_BOOLEAN_INDEX_SCALE I 0
staticfield jdk/internal/util/ArraysSupport LOG2_ARRAY_BYTE_INDEX_SCALE I 0
staticfield jdk/internal/util/ArraysSupport LOG2_ARRAY_CHAR_INDEX_SCALE I 1
staticfield jdk/internal/util/ArraysSupport LOG2_ARRAY_SHORT_INDEX_SCALE I 1
staticfield jdk/internal/util/ArraysSupport LOG2_ARRAY_INT_INDEX_SCALE I 2
staticfield jdk/internal/util/ArraysSupport LOG2_ARRAY_LONG_INDEX_SCALE I 3
staticfield jdk/internal/util/ArraysSupport LOG2_ARRAY_FLOAT_INDEX_SCALE I 2
staticfield jdk/internal/util/ArraysSupport LOG2_ARRAY_DOUBLE_INDEX_SCALE I 3
staticfield jdk/internal/util/ArraysSupport LOG2_BYTE_BIT_SIZE I 3
staticfield jdk/internal/util/ArraysSupport JLA Ljdk/internal/access/JavaLangAccess; java/lang/System$1
ciInstanceKlass java/lang/StringUTF16 1 1 638 100 1 7 1 10 100 12 1 1 1 10 7 12 1 1 1 100 1 10 3 100 1 100 1 10 8 1 10 12 1 1 10 12 1 8 1 10 12 1 1 10 12 1 9 12 1 1 10 12 1 1 100 1 8 1 10 12 1 9 12 1 1 9 12 1 10 10 12 1 1 10 12 1 1 10 7 12 1 1 1 10 12 1 10 12 1 1 10 12 1 1 10 12 1 1 10 12 1 1 10 12 1 10 12 1 1 10 12 1 1 10 12 1 1 10 12 1 1 10 12 1 1 10 12 1 10 100 12 1 1 1 10 12 1 1 10 100 12 1 1 1 10 12 1 1 10 12 1 10 12 1 1 10 12 1 1 10 12 1 1 10 12 1 10 12 1 100 1 10 12 1 10 10 12 1 10 12 1 1 10 12 1 10 100 12 1 1 1 10 12 1 1 10 12 10 12 1 1 10 12 1 10 12 1 1 10 12 1 10 12 1 10 12 1 10 12 1 10 7 12 1 1 1 3 10 12 1 10 12 1 10 12 1 10 12 1 10 12 1 10 12 1 1 9 12 1 10 12 1 10 12 10 12 1 1 10 12 1 10 12 1 10 12 1 10 10 12 10 12 10 10 12 1 1 10 12 1 10 12 1 10 12 1 100 1 8 1 8 1 10 12 1 1 100 1 10 10 100 12 1 1 1 10 100 12 1 1 8 1 8 1 8 1 10 12 1 1 10 12 1 1 10 12 10 100 12 1 1 10 12 1 1 10 12 1 1 10 12 1 10 12 10 12 10 12 1 10 12 10 12 1 10 12 1 10 12 1 10 12 1 10 100 12 1 1 1 10 100 12 1 1 1 10 12 1 1 10 12 1 1 11 100 12 1 1 10 12 1 10 12 1 10 12 1 1 10 12 1 5 0 5 0 10 100 12 1 1 1 10 12 1 10 12 10 12 10 7 12 1 1 1 10 7 12 1 1 1 10 12 1 1 1 1 1 1 1 1 1 1 1 1 1 1 1 1 1 1 1 1 1 1 1 1 1 1 1 1 1 1 100 1 1 1 1 1 1 1 1 1 1 1 1 1 1 1 1 1 1 1 1 1 1 1 1 1 1 1 1 1 1 1 1 1 1 1 1 1 1 1 1 1 1 1 1 1 1 1 1 1 1 1 1 1 1 1 1 1 1 1 1 1 1 1 1 1 1 1 1 1 1 1 1 1 1 1 1 1 1 1 1 1 1 1 1 1 1 1 1 1 100 1 1 1 1 1 1 1 1 1 1 1 1 1 1 1 1 1 100 1 1 1 1 1 1 1 1 1 1 1 1 1 1 1 1 1 1 1 1 1 1 1 1 1 1 1 1 1 1 1 1 1 1 1 1 1 1 1 1 1 1 1 1 1 1 1 1 1 1 1 1 1 1 1 1 1 1 1 1 1 100 1 100 1 1 1 1 1
staticfield java/lang/StringUTF16 HI_BYTE_SHIFT I 0
staticfield java/lang/StringUTF16 LO_BYTE_SHIFT I 8
staticfield java/lang/StringUTF16 $assertionsDisabled Z 1
ciInstanceKlass jdk/internal/misc/Unsafe 1 1 1245 10 7 12 1 1 1 10 7 12 1 1 9 12 1 1 9 12 1 1 10 12 1 1 10 100 12 1 1 1 10 12 1 1 10 12 1 1 10 12 1 1 10 12 1 1 10 12 1 1 10 12 1 1 10 12 1 1 10 12 1 1 10 12 1 1 10 12 1 1 10 12 1 1 10 12 1 1 10 12 1 1 10 12 1 10 12 1 100 1 10 10 12 1 1 10 12 1 1 5 0 10 12 1 1 10 12 1 1 10 7 12 1 1 1 10 12 1 1 10 12 1 10 12 1 10 12 1 1 10 12 1 1 10 12 1 10 12 1 100 1 100 1 10 8 1 10 12 1 1 10 12 1 8 1 10 12 1 1 10 12 1 10 12 1 10 12 1 1 10 12 1 10 12 1 1 10 12 1 1 10 12 1 10 12 1 10 12 1 10 12 1 1 10 12 1 10 12 1 10 12 1 1 10 12 1 5 0 5 0 5 0 10 12 1 10 12 1 10 12 1 10 12 1 10 12 1 10 12 1 10 12 1 10 12 1 10 12 1 1 10 12 1 10 12 1 100 1 8 1 10 100 1 10 10 12 1 1 10 12 1 1 10 12 1 10 12 1 1 10 12 1 1 10 12 1 10 12 1 1 10 12 1 9 7 12 1 1 9 12 1 100 1 10 10 12 1 1 8 1 10 8 1 8 1 10 12 1 1 9 7 12 1 1 1 9 100 1 9 7 1 9 7 1 9 9 100 1 9 7 1 9 100 1 10 12 1 1 10 12 1 1 10 12 1 1 10 12 1 1 5 0 5 0 9 12 1 1 10 12 1 10 12 1 10 12 1 1 10 12 1 1 10 12 1 8 1 3 10 12 1 1 10 12 1 1 10 12 1 10 12 1 1 10 12 1 1 10 12 1 10 12 1 10 12 1 10 12 1 10 12 1 10 12 1 1 10 12 1 1 10 12 1 10 12 1 10 12 1 10 12 1 10 12 1 10 12 1 1 10 12 1 1 10 12 1 10 12 1 10 12 1 10 12 1 10 12 1 10 12 1 1 10 12 1 1 10 12 1 1 10 12 1 1 10 12 1 10 12 1 10 12 1 10 12 1 10 12 1 10 12 1 10 12 1 1 10 12 1 1 10 12 1 10 12 1 10 12 1 10 12 1 10 12 1 10 12 1 10 12 1 1 10 12 1 1 10 12 1 10 12 1 10 12 1 10 12 1 10 12 1 10 12 1 10 12 1 10 12 1 1 10 12 1 10 12 1 10 12 1 10 12 1 10 12 1 1 10 12 1 10 12 1 10 12 1 10 12 1 10 12 1 10 12 1 10 12 1 10 12 1 1 10 12 1 10 12 1 10 12 1 10 12 1 10 12 1 10 12 1 1 10 12 1 10 12 1 10 12 1 1 10 12 1 10 12 1 10 12 1 10 12 1 10 12 1 10 12 1 10 12 1 10 12 1 10 12 1 10 12 1 10 12 1 10 12 1 10 12 1 10 12 1 10 12 1 10 12 1 10 12 1 10 12 1 10 12 1 10 12 1 10 12 1 10 12 1 10 12 1 100 1 10 100 1 10 9 12 1 5 0 10 12 1 1 5 0 10 12 1 5 0 10 12 1 10 12 1 10 12 1 1 10 12 1 1 10 12 1 10 12 1 10 12 1 10 12 1 1 10 12 1 10 12 1 10 12 1 10 12 1 10 12 1 1 10 12 1 10 12 1 10 12 1 10 12 1 1 10 12 1 10 12 1 10 12 1 1 10 12 1 10 12 1 10 12 1 10 12 1 1 10 12 1 10 10 12 1 1 10 12 1 10 12 1 1 10 12 1 10 12 5 0 5 0 5 0 10 12 1 1 10 12 1 10 12 1 10 12 10 100 12 1 1 8 1 100 1 11 12 1 1 8 1 11 12 1 1 10 100 12 1 1 10 12 1 10 7 1 10 12 1 9 12 1 7 1 9 12 1 7 1 9 12 1 7 1 9 12 1 7 1 9 12 1 7 1 9 12 1 7 1 9 12 1 7 1 9 12 1 7 1 9 12 1 10 12 1 9 12 1 9 12 1 9 12 1 9 12 1 9 12 1 9 12 1 9 12 1 9 12 1 9 12 1 9 12 1 1 1 3 1 1 1 1 1 1 1 1 1 1 1 1 1 1 1 1 1 1 1 1 1 1 1 1 1 1 1 1 1 1 1 1 1 1 1 1 1 1 1 1 1 1 1 1 1 1 1 1 1 1 1 1 1 1 1 1 1 1 1 1 1 1 1 1 1 1 1 1 1 1 1 1 1 1 1 1 1 1 1 1 1 1 1 1 1 1 1 1 1 1 100 1 1 1 1 1 1 1 1 1 1 1 1 1 1 1 1 1 1 1 1 1 1 1 1 1 1 1 1 1 1 1 1 1 1 1 1 1 1 1 1 1 1 1 1 1 1 1 1 1 1 1 1 1 1 1 1 1 1 1 1 1 1 1 1 1 1 1 1 1 1 1 1 1 1 1 1 1 1 1 1 1 1 1 1 1 1 1 1 1 1 1 1 1 1 1 1 1 1 1 1 1 1 1 1 1 1 1 1 1 1 1 1 1 1 1 1 1 1 1 1 1 1 1 1 1 1 1 1 1 1 1 1 1 1 1 1 1 1 1 1 1 1 1 1 1 1 1 1 1 1 1 1 1 1 1 1 1 1 1 1 1 1 1 1 1 1 1 1 1 1 1 1 1 1 1 1 1 1 1 1 1 1 1 1 1 1 1 1 1 1 1 1 1 1 1 1 1 1 1 1 1 1 1 1 1 1 1 1 1 1 1 1 1
staticfield jdk/internal/misc/Unsafe theUnsafe Ljdk/internal/misc/Unsafe; jdk/internal/misc/Unsafe
staticfield jdk/internal/misc/Unsafe ARRAY_BOOLEAN_BASE_OFFSET I 16
staticfield jdk/internal/misc/Unsafe ARRAY_BYTE_BASE_OFFSET I 16
staticfield jdk/internal/misc/Unsafe ARRAY_SHORT_BASE_OFFSET I 16
staticfield jdk/internal/misc/Unsafe ARRAY_CHAR_BASE_OFFSET I 16
staticfield jdk/internal/misc/Unsafe ARRAY_INT_BASE_OFFSET I 16
staticfield jdk/internal/misc/Unsafe ARRAY_LONG_BASE_OFFSET I 16
staticfield jdk/internal/misc/Unsafe ARRAY_FLOAT_BASE_OFFSET I 16
staticfield jdk/internal/misc/Unsafe ARRAY_DOUBLE_BASE_OFFSET I 16
staticfield jdk/internal/misc/Unsafe ARRAY_OBJECT_BASE_OFFSET I 16
staticfield jdk/internal/misc/Unsafe ARRAY_BOOLEAN_INDEX_SCALE I 1
staticfield jdk/internal/misc/Unsafe ARRAY_BYTE_INDEX_SCALE I 1
staticfield jdk/internal/misc/Unsafe ARRAY_SHORT_INDEX_SCALE I 2
staticfield jdk/internal/misc/Unsafe ARRAY_CHAR_INDEX_SCALE I 2
staticfield jdk/internal/misc/Unsafe ARRAY_INT_INDEX_SCALE I 4
staticfield jdk/internal/misc/Unsafe ARRAY_LONG_INDEX_SCALE I 8
staticfield jdk/internal/misc/Unsafe ARRAY_FLOAT_INDEX_SCALE I 4
staticfield jdk/internal/misc/Unsafe ARRAY_DOUBLE_INDEX_SCALE I 8
staticfield jdk/internal/misc/Unsafe ARRAY_OBJECT_INDEX_SCALE I 4
staticfield jdk/internal/misc/Unsafe ADDRESS_SIZE I 8
ciMethod java/lang/StringUTF16 getChar ([BI)C 4178 0 13163 0 -1
ciInstanceKlass java/lang/Thread$FieldHolder 1 1 48 10 7 12 1 1 1 9 7 12 1 1 1 9 12 1 1 9 12 1 1 9 12 1 1 9 12 1 1 1 1 1 1 1 1 1 1 100 1 100 1 1 1 1 100 1 1 1
ciInstanceKlass java/lang/Thread$Constants 0 0 47 100 1 10 100 12 1 1 1 10 12 1 1 10 12 1 1 10 100 12 1 1 8 1 10 12 1 9 100 12 1 1 1 1 1 1 1 1 1 1 1 1 1 1 1 1 1
ciInstanceKlass java/lang/ThreadGroup 1 1 383 10 7 12 1 1 1 9 7 12 1 1 1 8 1 9 12 1 1 7 1 9 12 1 1 9 12 1 1 10 7 12 1 1 1 10 12 1 1 10 12 1 10 12 1 1 10 12 1 1 10 12 1 10 12 1 10 12 1 10 100 12 1 1 1 10 12 1 1 18 12 1 1 11 100 12 1 1 1 10 12 1 1 10 12 1 1 10 12 1 1 10 7 12 1 1 1 10 12 1 11 12 1 1 11 100 12 1 1 11 12 1 1 10 12 1 1 10 12 1 10 12 1 11 12 1 11 12 1 1 10 12 1 100 1 10 18 12 1 1 11 100 12 1 1 1 11 12 1 1 9 100 12 1 1 1 10 12 1 1 8 1 10 100 12 1 1 1 10 100 12 1 1 1 10 12 1 1 11 12 10 12 1 1 10 12 1 1 11 100 1 9 12 1 100 1 10 8 1 10 12 1 1 10 12 1 1 8 1 10 12 1 10 100 12 1 1 1 10 12 1 1 10 7 1 8 1 10 8 1 10 12 1 10 12 1 8 1 9 12 1 1 9 12 1 10 100 12 1 1 1 100 9 12 1 1 7 1 9 12 1 10 12 10 12 1 1 100 10 12 9 12 1 10 12 1 100 1 10 11 12 1 1 100 1 10 10 12 1 10 12 1 1 1 1 1 1 1 1 1 1 1 1 1 1 1 1 3 1 1 1 1 1 1 1 1 1 1 1 100 1 1 1 1 1 1 1 1 1 1 1 1 1 1 1 1 1 1 1 1 1 1 1 1 1 1 1 1 1 1 1 1 1 1 1 1 1 1 1 16 15 10 12 16 16 15 10 12 16 15 10 100 12 1 1 1 1 1 100 1 100 1 1
staticfield java/lang/ThreadGroup $assertionsDisabled Z 1
ciInstanceKlass java/lang/Thread$UncaughtExceptionHandler 1 0 16 100 1 100 1 1 1 1 1 1 1 1 100 1 1 1
instanceKlass java/lang/ThreadBuilders$BoundVirtualThread
instanceKlass java/lang/VirtualThread
ciInstanceKlass java/lang/BaseVirtualThread 0 0 36 10 100 12 1 1 1 100 1 1 1 1 1 1 1 1 1 1 1 1 1 1 1 1 1 1 1 1 100 1 100 1 1 100 1 1
ciInstanceKlass java/lang/VirtualThread 0 0 990 9 100 12 1 1 1 9 12 1 1 10 100 12 1 1 1 9 12 1 1 10 100 12 1 1 1 10 100 12 1 1 1 10 100 12 1 1 1 9 12 1 1 100 1 10 12 1 9 12 1 1 18 12 1 1 9 12 1 1 10 12 1 1 100 1 10 12 1 10 12 1 1 10 12 1 1 10 12 1 10 12 1 1 9 12 1 1 10 12 1 10 100 12 1 10 12 1 10 12 1 10 12 1 10 12 1 9 12 1 1 11 100 12 1 1 1 10 10 12 1 11 100 12 1 1 1 10 12 1 100 1 10 12 1 1 100 1 9 12 1 1 5 0 10 100 12 1 1 1 9 12 1 100 1 100 1 10 10 100 12 1 1 1 10 100 12 1 1 1 10 12 1 1 10 12 1 10 12 1 1 10 12 1 10 12 10 12 1 100 1 10 10 12 1 10 12 1 1 9 12 1 1 10 12 1 1 9 12 1 1 10 12 1 9 12 1 10 100 12 1 1 10 9 10 10 12 1 1 10 12 1 1 10 100 12 1 1 10 100 1 10 9 10 100 1 10 12 1 1 10 12 1 10 10 12 1 1 9 12 1 10 12 1 10 12 1 9 12 1 1 10 12 1 10 12 1 10 12 1 1 9 12 1 1 10 12 1 10 12 1 1 10 12 1 10 12 1 1 9 12 1 18 9 100 12 1 1 1 10 12 1 1 9 12 1 10 12 1 10 12 1 1 10 12 1 9 12 1 1 18 12 1 9 12 1 9 12 1 10 12 9 12 1 1 10 100 12 1 1 10 12 1 10 12 1 1 10 100 12 1 1 10 12 1 100 1 8 1 10 12 1 10 12 1 1 10 12 1 10 12 1 10 12 1 10 100 12 1 1 10 12 1 10 12 1 10 12 1 10 12 1 10 100 12 1 1 8 1 10 12 1 10 12 1 10 12 1 10 12 1 1 10 12 1 10 12 10 12 1 100 1 10 10 12 1 10 12 1 1 10 12 1 1 10 12 1 10 12 1 10 12 1 1 10 12 1 1 11 100 12 1 1 11 12 1 10 12 9 100 12 1 1 1 9 12 1 10 12 1 1 9 12 1 9 12 1 9 12 1 9 12 1 100 1 10 10 12 1 1 10 12 1 100 1 100 1 10 8 1 10 12 1 1 10 12 1 10 12 1 10 10 12 1 8 1 10 10 12 1 10 12 1 10 100 12 1 1 8 1 8 1 10 12 1 1 10 10 9 100 12 1 1 1 10 12 1 1 10 12 1 10 10 12 9 12 1 10 12 1 1 10 12 1 9 12 1 10 12 1 1 9 12 1 10 12 1 1 9 12 1 10 12 1 1 18 12 1 1 8 1 10 12 1 1 8 1 8 1 10 100 12 1 1 1 10 100 12 1 1 1 10 12 1 10 12 1 1 10 12 1 18 12 1 1 18 12 1 1 5 0 9 12 1 10 12 1 10 11 100 12 1 1 8 1 10 12 1 1 100 1 8 1 8 1 10 10 100 1 18 12 1 10 100 12 1 1 1 100 1 10 12 1 10 12 1 1 9 12 1 9 12 1 1 10 12 1 1 10 12 1 8 1 10 100 12 1 1 10 12 1 10 12 10 12 1 1 10 100 12 1 1 10 12 1 1 100 1 8 1 10 10 12 1 10 12 1 1 8 10 12 1 1 8 8 9 12 1 8 8 10 12 1 10 12 1 1 8 1 18 12 1 10 12 1 3 1 3 1 3 1 3 1 3 1 3 1 3 1 3 1 3 1 3 1 3 1 3 1 3 3 1 3 3 1 3 3 1 3 3 1 3 1 1 1 1 1 1 1 1 1 1 1 1 1 1 1 1 1 1 1 1 100 1 1 1 1 1 1 1 1 1 1 1 1 1 1 1 1 1 1 1 1 100 1 1 1 1 1 1 1 1 1 1 1 1 1 1 1 1 1 1 1 1 1 1 1 1 1 1 1 1 1 1 1 1 100 1 1 1 1 1 1 1 1 1 1 1 1 1 1 1 1 1 1 1 1 1 1 1 1 1 1 1 100 1 1 1 1 1 1 1 1 1 1 1 1 1 1 1 100 1 1 1 1 1 1 1 1 1 1 1 1 1 1 1 1 1 1 1 100 1 1 16 15 10 12 15 15 10 12 16 15 10 12 16 15 10 12 16 15 10 12 16 16 15 10 12 15 10 12 15 10 100 12 1 1 1 1 1 1 1 100 1 1 100 1 100 1 1
ciInstanceKlass java/lang/ThreadBuilders$BoundVirtualThread 0 0 132 10 100 12 1 1 1 9 100 12 1 1 1 10 100 12 1 1 1 9 12 1 1 10 12 1 1 10 12 1 1 9 12 1 1 10 100 12 1 1 1 10 12 1 1 100 1 8 1 10 12 1 10 12 1 1 10 12 1 1 10 12 1 1 10 100 12 1 1 1 8 1 10 12 1 8 1 10 12 1 1 10 100 12 1 1 9 100 12 1 1 1 10 12 1 1 10 10 12 1 1 1 1 1 1 1 1 1 1 1 1 1 1 1 1 1 1 1 1 1 1 1 1 1 1 1 1 100 1 1 1 1
instanceKlass java/lang/Exception
instanceKlass java/lang/Error
ciInstanceKlass java/lang/Throwable 1 1 403 10 7 12 1 1 1 9 7 12 1 1 1 9 12 1 1 9 12 1 9 12 1 1 9 12 1 10 12 1 1 9 12 1 1 10 12 1 1 10 100 12 1 1 1 9 12 1 1 10 12 1 1 10 12 1 100 1 100 1 10 8 1 10 12 1 1 8 1 10 100 12 1 1 10 10 12 1 100 1 8 1 10 10 7 12 1 1 10 12 1 8 1 9 100 12 1 1 1 10 12 1 1 100 1 10 12 10 12 1 100 1 10 10 7 12 1 1 1 11 100 12 1 1 1 10 100 12 1 1 1 10 12 1 1 10 12 1 1 8 1 10 12 1 10 12 1 1 8 1 8 1 10 12 1 1 10 12 1 8 1 8 1 9 12 1 10 100 12 1 1 100 1 10 11 12 1 8 1 8 1 10 7 12 1 1 8 1 10 12 1 8 1 100 1 10 12 1 9 12 1 1 10 12 1 10 7 12 1 9 12 1 1 10 12 1 1 100 1 8 1 10 12 1 10 100 12 1 1 10 12 1 1 100 1 10 100 12 1 1 1 10 12 1 11 100 12 1 1 1 11 100 12 1 1 1 11 12 1 8 1 10 12 1 1 8 1 10 10 9 100 12 1 1 1 8 1 10 12 1 1 11 10 100 1 8 1 10 11 12 1 1 8 1 9 12 1 10 100 12 1 1 11 9 12 1 1 11 12 1 1 100 10 12 1 10 12 1 1 100 1 1 1 1 5 0 1 1 1 1 1 1 1 1 1 1 1 1 100 1 1 1 1 1 1 1 1 1 1 1 1 1 1 1 1 1 1 1 1 1 1 1 1 1 1 1 1 1 1 1 1 1 1 1 1 1 1 1 1 1 1 1 100 1 100 1 1 1 1 1 1 1 1 1 1 1 1 1 1 1 1 1 1
staticfield java/lang/Throwable UNASSIGNED_STACK [Ljava/lang/StackTraceElement; 0 [Ljava/lang/StackTraceElement;
staticfield java/lang/Throwable SUPPRESSED_SENTINEL Ljava/util/List; java/util/Collections$EmptyList
staticfield java/lang/Throwable EMPTY_THROWABLE_ARRAY [Ljava/lang/Throwable; 0 [Ljava/lang/Throwable;
staticfield java/lang/Throwable $assertionsDisabled Z 1
ciInstanceKlass jdk/internal/vm/ContinuationScope 0 0 50 10 100 12 1 1 1 10 100 12 1 1 1 100 1 9 100 12 1 1 1 10 12 1 1 10 100 12 1 1 1 10 12 1 1 10 12 1 1 1 1 1 1 1 1 1 1 1 1 1
ciInstanceKlass jdk/internal/vm/StackChunk 1 1 32 10 100 12 1 1 1 9 100 12 1 1 1 9 12 1 1 9 12 1 1 1 1 1 1 1 1 1 1 1 1 1
ciInstanceKlass java/lang/Boolean 1 1 148 10 7 12 1 1 1 9 7 12 1 1 1 10 12 1 1 10 12 1 8 1 10 7 12 1 1 9 12 1 1 9 12 1 10 12 1 1 10 12 1 1 10 12 1 1 10 12 1 10 7 12 1 1 1 10 12 1 1 9 100 12 1 1 9 12 10 100 12 1 1 1 10 12 1 1 8 1 10 7 12 1 1 1 9 12 1 1 100 1 100 1 100 1 1 1 1 1 1 5 0 1 1 1 1 1 1 1 1 1 1 3 1 1 1 1 1 1 1 1 1 1 1 1 1 1 1 1 1 1 1 1 1 1 1 1 1 1 100 1 1 1 1 1 1 1 1 1
staticfield java/lang/Boolean TRUE Ljava/lang/Boolean; java/lang/Boolean
staticfield java/lang/Boolean FALSE Ljava/lang/Boolean; java/lang/Boolean
staticfield java/lang/Boolean TYPE Ljava/lang/Class; java/lang/Class
ciInstanceKlass java/lang/Character 1 1 604 7 1 100 1 100 1 9 12 1 1 8 1 9 12 1 1 100 1 9 12 1 1 10 100 12 1 1 1 10 100 12 1 1 1 10 100 12 1 1 1 10 7 12 1 1 1 9 7 12 1 1 1 10 12 1 10 12 1 1 10 12 1 1 10 100 12 1 1 10 12 1 1 3 3 3 3 3 10 12 1 1 10 12 1 3 11 7 12 1 1 1 11 12 1 1 10 12 1 1 10 12 1 1 100 1 10 10 12 1 3 10 12 1 1 10 12 1 10 12 1 1 100 1 8 1 10 12 1 1 10 12 1 10 12 1 10 12 1 10 100 12 1 1 1 10 12 1 10 12 1 10 12 1 1 10 12 1 10 7 12 1 1 10 10 12 1 10 10 12 1 10 12 1 1 10 12 1 10 10 12 1 10 12 1 10 12 1 10 12 1 10 12 1 10 12 1 10 12 1 10 12 10 10 12 10 10 12 1 10 10 12 1 10 10 12 1 10 10 12 1 10 12 1 10 12 1 10 12 1 10 12 1 10 12 1 10 12 1 10 10 12 1 10 10 12 1 10 10 12 1 1 10 10 12 1 10 5 0 10 12 1 10 12 1 10 10 12 1 10 10 12 1 1 10 10 12 1 10 10 12 1 9 12 1 1 100 1 10 10 12 1 10 12 1 1 3 10 100 12 1 1 1 10 12 1 10 100 12 1 1 100 1 10 10 12 1 1 10 12 1 1 10 12 1 1 8 1 10 12 1 9 100 12 1 1 1 10 12 1 10 10 12 1 10 12 1 1 10 12 1 10 10 12 1 1 10 10 12 1 1 100 1 8 1 10 12 1 1 10 7 12 1 1 1 8 1 10 12 1 1 9 12 1 1 100 1 100 1 100 1 1 1 1 3 1 3 1 3 1 3 1 1 1 1 1 3 1 1 3 1 3 1 3 1 3 1 3 1 3 1 3 1 3 1 3 1 3 1 3 1 3 1 3 1 3 1 3 1 3 1 3 1 3 1 3 1 3 1 3 1 3 1 3 1 3 1 3 1 3 1 3 1 3 1 1 1 1 1 1 1 1 1 1 1 1 1 1 1 1 1 1 1 3 1 1 1 1 1 1 1 3 1 1 3 1 1 1 1 1 3 1 1 5 0 1 1 1 1 1 1 1 1 1 1 1 1 1 1 1 1 1 1 1 1 1 1 1 1 1 1 1 1 1 1 1 1 1 1 1 1 1 1 1 1 1 1 1 1 1 1 1 1 1 1 1 1 1 1 1 1 1 1 1 1 1 1 1 1 1 1 1 1 1 1 1 1 1 1 1 1 1 1 1 1 1 1 1 1 1 1 1 1 1 1 100 1 100 1 1 1 1 1 1
staticfield java/lang/Character TYPE Ljava/lang/Class; java/lang/Class
staticfield java/lang/Character $assertionsDisabled Z 1
ciInstanceKlass java/lang/Float 1 1 279 7 1 100 1 10 100 12 1 1 1 10 100 12 1 1 1 4 100 1 10 12 1 1 10 12 1 1 8 1 8 1 10 100 12 1 1 1 10 12 1 1 10 12 1 1 10 100 1 4 10 7 12 1 1 9 12 1 1 10 12 1 1 10 12 1 10 10 12 1 1 10 12 1 10 12 1 3 3 100 1 4 4 4 3 10 12 1 1 9 12 1 1 100 1 10 3 3 4 4 10 12 1 3 3 3 10 12 1 1 10 12 1 1 10 12 1 10 100 12 1 1 1 10 12 1 1 10 12 1 1 10 7 12 1 1 1 8 1 10 12 1 1 9 12 1 1 100 1 100 1 100 1 1 1 1 4 1 4 1 1 1 4 1 1 3 1 3 1 3 1 3 1 3 1 1 1 1 5 0 1 1 1 1 1 1 1 1 1 1 100 1 1 1 1 1 1 1 1 1 1 1 1 1 3 1 1 1 1 1 1 1 1 1 1 1 1 1 1 1 1 1 1 1 1 1 1 1 1 1 1 1 1 1 1 1 1 1 1 1 1 1 1 1 1 1 1 1 1 1 1 1 1 1 1 1 1 1 1 1 1 1 1 1 1 1 100 1 1 1 1 1 1 1 100 1 100 1 1
staticfield java/lang/Float TYPE Ljava/lang/Class; java/lang/Class
staticfield java/lang/Float $assertionsDisabled Z 1
instanceKlass com/google/gson/internal/LazilyParsedNumber
instanceKlass java/math/BigDecimal
instanceKlass java/math/BigInteger
instanceKlass java/util/concurrent/atomic/Striped64
instanceKlass java/util/concurrent/atomic/AtomicLong
instanceKlass java/util/concurrent/atomic/AtomicInteger
instanceKlass java/lang/Long
instanceKlass java/lang/Integer
instanceKlass java/lang/Short
instanceKlass java/lang/Byte
instanceKlass java/lang/Double
instanceKlass java/lang/Float
ciInstanceKlass java/lang/Number 1 1 37 10 7 12 1 1 1 10 100 12 1 1 1 100 1 1 1 1 5 0 1 1 1 1 1 1 1 1 1 1 1 1 1 1 1 1 1
ciInstanceKlass java/lang/Double 1 1 290 7 1 100 1 10 100 12 1 1 1 10 12 1 1 10 100 1 10 12 1 1 10 100 12 1 1 1 6 0 8 1 10 12 1 1 8 1 10 12 1 1 8 1 6 0 10 12 1 1 100 1 5 0 5 0 8 1 8 1 10 100 12 1 1 1 10 100 12 1 1 1 8 1 10 12 1 1 8 1 8 1 8 1 10 12 1 1 10 12 1 10 12 1 1 10 12 1 10 12 1 10 12 1 1 10 12 1 10 7 1 6 0 10 7 12 1 1 9 12 1 1 10 12 1 10 12 1 10 12 1 10 12 1 10 12 1 5 0 10 12 1 1 10 12 1 10 12 1 10 100 12 1 1 1 10 12 1 1 10 12 1 1 8 1 10 7 12 1 1 1 9 12 1 1 100 1 100 1 100 1 1 1 6 0 1 6 0 1 6 0 1 1 1 6 0 1 1 3 1 3 1 3 1 3 1 3 1 1 1 1 5 0 1 1 1 1 1 1 1 1 1 1 1 1 1 1 1 1 100 1 1 1 1 1 1 1 1 1 1 1 1 3 1 1 1 1 1 1 1 1 1 1 1 1 1 1 1 1 1 1 1 1 1 1 1 1 1 1 1 1 1 1 1 1 1 1 100 1 1 1 1 1 1 1 100 1 100 1 1
staticfield java/lang/Double TYPE Ljava/lang/Class; java/lang/Class
ciInstanceKlass java/lang/Byte 1 1 213 7 1 100 1 10 100 12 1 1 1 9 12 1 1 8 1 9 12 1 1 100 1 10 12 1 1 10 12 1 1 10 100 12 1 1 1 10 100 12 1 1 1 9 7 12 1 1 1 10 12 1 1 100 1 100 1 10 12 1 1 8 1 10 12 1 1 8 1 10 12 1 10 12 1 10 12 1 10 12 1 1 10 12 1 10 12 1 10 12 1 1 10 8 1 8 1 10 7 1 9 12 1 1 10 12 1 1 10 12 1 1 10 12 1 1 10 12 1 5 0 10 12 1 1 8 1 10 7 12 1 1 1 9 12 1 1 100 1 100 1 1 1 3 1 3 1 1 1 1 3 1 3 1 1 5 0 1 1 1 1 1 1 1 1 1 1 1 1 1 1 1 1 1 1 1 1 1 1 1 1 1 1 1 1 1 1 1 1 1 1 1 1 1 1 1 1 1 1 1 1 1 1 1 1 1 1 1 1 1 1 1 1
staticfield java/lang/Byte TYPE Ljava/lang/Class; java/lang/Class
ciInstanceKlass java/lang/Short 1 1 222 7 1 100 1 100 1 10 100 12 1 1 1 10 12 1 1 100 1 100 1 10 12 1 1 8 1 10 12 1 1 8 1 10 12 1 10 12 1 10 12 1 10 12 1 1 10 12 1 1 10 12 1 9 12 1 1 8 1 9 12 1 1 100 1 10 12 1 1 10 12 1 10 100 12 1 1 1 10 100 12 1 1 1 9 7 12 1 1 1 10 12 1 10 12 1 1 10 8 1 8 1 10 7 1 9 12 1 1 10 12 1 1 10 12 1 1 10 12 1 1 10 12 1 3 3 5 0 10 12 1 1 8 1 10 7 12 1 1 1 9 12 1 1 100 1 100 1 1 1 3 1 3 1 1 1 1 3 1 3 1 1 5 0 1 1 1 1 1 1 1 1 1 1 1 1 1 1 1 1 1 1 1 1 1 1 1 1 1 1 1 3 1 1 1 1 1 1 1 1 1 1 1 1 1 1 1 1 1 1 1 1 1 1 1 1 1 1 1 1 1 1
staticfield java/lang/Short TYPE Ljava/lang/Class; java/lang/Class
ciInstanceKlass java/lang/Integer 1 1 436 7 1 100 1 7 1 7 1 10 12 1 1 9 12 1 1 9 12 1 1 10 7 12 1 1 1 10 12 1 1 10 100 12 1 1 1 10 10 12 1 1 10 100 12 1 1 1 10 12 1 10 12 1 1 10 7 12 1 1 1 10 12 1 1 10 12 1 1 10 12 1 10 7 12 1 1 10 12 1 1 10 10 12 1 100 1 8 1 10 12 1 8 1 100 1 10 12 1 1 10 12 1 1 8 1 10 12 1 1 8 1 10 12 1 1 10 12 1 1 10 12 1 1 3 3 10 7 12 1 1 1 11 7 1 10 12 1 1 11 10 12 1 1 10 12 1 1 8 1 10 12 1 10 12 1 8 1 100 1 10 12 1 8 1 10 12 1 1 10 12 1 8 1 10 12 1 10 12 1 7 1 9 12 1 1 9 12 1 1 10 12 1 10 7 1 9 12 1 10 12 1 10 12 1 10 12 1 1 10 12 1 1 10 7 12 1 1 1 10 12 1 1 8 1 8 1 10 12 1 1 8 1 8 1 8 1 8 1 8 1 8 1 10 12 1 10 12 1 10 12 1 5 0 3 3 3 3 10 12 1 10 12 1 3 10 12 1 10 100 12 1 1 1 10 12 1 1 10 12 1 1 8 1 10 7 12 1 1 1 9 12 1 1 100 1 100 1 100 1 1 1 1 3 1 1 1 3 1 3 1 1 5 0 1 1 1 1 1 1 1 1 1 1 100 1 1 1 1 1 1 1 1 1 1 1 1 1 1 1 1 1 1 1 1 1 1 1 1 1 1 1 1 1 1 1 1 1 1 3 1 1 1 1 1 1 1 1 1 1 1 1 1 1 1 1 1 1 1 1 1 1 1 1 1 1 1 1 1 1 1 1 1 1 1 1 1 1 1 1 1 1 1 1 1 1 1 1 1 1 1 1 1 1 1 1 1 1 1 1 1 100 1 1 1 1 1 1 1 1 1 100 1 100 1 1
staticfield java/lang/Integer TYPE Ljava/lang/Class; java/lang/Class
staticfield java/lang/Integer digits [C 36
ciInstanceKlass java/lang/Long 1 1 499 7 1 100 1 7 1 7 1 10 12 1 1 9 12 1 1 9 7 12 1 1 1 10 7 12 1 1 1 10 12 1 1 10 100 12 1 1 1 10 10 12 10 12 1 10 12 1 10 12 1 5 0 5 0 7 1 10 12 1 1 10 12 1 1 10 12 1 10 12 1 10 12 1 10 12 1 1 10 100 12 1 1 10 12 1 10 12 1 1 10 12 1 1 10 12 1 1 10 12 1 1 10 100 12 1 1 1 10 12 1 1 10 12 1 10 12 1 10 7 12 1 1 10 12 1 1 10 10 12 1 100 1 8 1 10 12 1 8 1 100 1 10 12 1 10 12 1 1 8 1 10 12 1 1 8 1 10 12 1 1 10 12 1 1 10 12 1 1 5 0 5 0 10 100 12 1 1 1 11 100 1 10 12 1 1 11 10 12 1 1 10 12 1 1 8 1 5 0 10 12 1 1 10 12 1 1 8 1 8 1 10 12 1 8 1 10 12 1 10 12 1 5 0 5 0 9 7 12 1 1 1 10 12 1 10 12 1 1 8 1 8 1 10 12 1 1 8 1 8 1 8 1 8 1 8 1 8 1 10 12 1 10 12 1 10 7 1 9 12 1 1 10 12 1 10 12 1 1 10 12 1 1 10 100 12 1 1 1 10 12 1 1 10 12 1 10 12 1 10 12 1 5 0 5 0 5 0 10 12 1 1 10 12 1 5 0 5 0 10 12 10 12 1 10 100 12 1 1 1 10 12 1 1 10 12 1 1 8 1 10 7 12 1 1 1 9 12 1 1 100 1 100 1 100 1 1 1 1 5 0 1 1 1 1 3 1 3 1 5 0 1 1 1 1 1 1 1 1 1 1 100 1 1 1 1 1 1 1 1 1 1 1 1 1 1 1 1 1 1 1 1 1 1 1 1 1 1 1 1 1 1 1 1 1 1 1 1 1 1 1 1 1 1 3 1 1 1 1 1 1 1 1 1 1 1 1 1 1 1 1 1 1 1 1 1 1 1 1 1 1 1 1 1 1 1 1 1 1 1 1 1 1 1 1 1 1 1 1 1 1 1 1 1 1 1 1 1 1 1 1 1 1 1 100 1 1 1 1 1 1 1 1 1 100 1 100 1 1
staticfield java/lang/Long TYPE Ljava/lang/Class; java/lang/Class
ciInstanceKlass java/lang/Void 1 1 31 10 100 12 1 1 1 8 1 10 7 12 1 1 1 9 7 12 1 1 1 1 1 1 1 1 1 1 1 1 1
staticfield java/lang/Void TYPE Ljava/lang/Class; java/lang/Class
ciInstanceKlass jdk/internal/vm/vector/VectorSupport 0 0 618 100 1 10 100 12 1 1 1 9 12 1 1 10 12 1 1 100 1 10 12 1 11 100 12 1 1 1 11 100 12 1 1 1 11 100 12 1 1 11 100 12 1 1 11 100 12 1 1 11 100 12 1 1 1 11 100 12 1 1 11 100 12 1 1 11 100 12 1 1 11 100 12 1 1 11 100 12 1 1 11 100 12 1 1 11 100 12 1 1 11 100 12 1 1 1 11 100 12 1 1 11 100 12 1 1 1 11 100 12 1 1 1 11 100 12 1 1 11 100 12 1 1 1 11 100 12 1 1 100 1 10 12 1 1 11 100 12 1 1 11 100 12 1 1 11 100 12 1 1 11 100 1 11 100 12 1 1 11 100 12 1 1 11 100 12 1 1 9 12 1 1 10 100 12 1 1 11 100 12 1 1 10 12 1 1 10 100 12 1 1 1 10 12 1 10 12 1 1 10 12 1 1 1 1 1 3 1 3 1 3 1 3 1 3 1 3 1 3 1 3 1 3 1 3 1 3 1 3 1 3 1 3 1 3 1 3 1 3 1 3 1 3 1 3 1 3 1 3 1 3 1 3 1 3 1 3 1 3 1 3 1 3 1 3 1 3 1 3 1 3 1 3 1 3 1 3 1 3 1 3 1 3 1 3 1 3 1 3 1 3 1 3 1 3 1 3 1 3 1 3 1 3 1 3 1 3 1 3 1 3 1 3 1 3 1 3 1 3 1 3 1 3 1 1 1 1 1 1 1 1 1 1 1 1 1 1 1 1 1 1 1 1 1 1 1 1 1 1 1 1 1 1 1 1 1 1 1 1 1 1 1 1 1 1 1 1 1 1 1 1 1 1 1 1 1 1 1 1 1 1 1 1 1 1 1 1 1 1 1 1 1 1 1 1 1 1 1 1 1 1 1 1 1 1 1 1 1 1 1 1 1 1 1 1 1 1 1 1 1 1 1 1 1 1 1 1 1 1 1 1 1 1 1 1 1 1 1 1 1 1 1 1 1 1 1 1 1 1 1 1 1 1 1 1 1 1 1 1 1 1 1 1 1 1 1 1 1 1 1 1 1 1 1 1 1 1 1 1 1 1 1 1 1 1 1 1 1 1 1 1 1 1 1 1 1 1 1 1 1 1 1 1 1 1 1 1 1 1 1 1 1 1 1 1 1 1 1 1 1 1 1 1 1 1 1 1 1 1 1 1 1 1 1 1 1 1 1 1 1 1 1 1 1 1 1 1 1 1 1 1 1 1 1 1 1 1 1 1 1 1 1 1 1 1 1 1 1 1 1 1 1 1 1 1 100 1 100 1 100 1 100 1 100 1 1 1 1 1 1 1 1 1 1 1 1 1 1 1 1 1 1 1 1 1 1 1 1 1 1 1 1 1 1 1 1 1 1
instanceKlass jdk/internal/vm/vector/VectorSupport$VectorShuffle
instanceKlass jdk/internal/vm/vector/VectorSupport$VectorMask
instanceKlass jdk/internal/vm/vector/VectorSupport$Vector
ciInstanceKlass jdk/internal/vm/vector/VectorSupport$VectorPayload 0 0 32 10 100 12 1 1 1 9 100 12 1 1 1 10 100 12 1 1 1 1 1 1 1 1 1 1 1 1 1 1 1 1
ciInstanceKlass jdk/internal/vm/vector/VectorSupport$Vector 0 0 28 10 100 12 1 1 1 100 1 1 1 1 1 1 1 1 1 1 1 1 1 1 1 100 1 1 1 1
ciInstanceKlass jdk/internal/vm/vector/VectorSupport$VectorMask 0 0 28 10 100 12 1 1 1 100 1 1 1 1 1 1 1 1 1 1 1 1 1 1 1 100 1 1 1 1
ciInstanceKlass jdk/internal/vm/vector/VectorSupport$VectorShuffle 0 0 28 10 100 12 1 1 1 100 1 1 1 1 1 1 1 1 1 1 1 1 1 1 1 100 1 1 1 1
ciInstanceKlass jdk/internal/vm/FillerObject 0 0 16 10 100 12 1 1 1 100 1 1 1 1 1 1 1 1
instanceKlass java/lang/ref/PhantomReference
instanceKlass java/lang/ref/FinalReference
instanceKlass java/lang/ref/WeakReference
instanceKlass java/lang/ref/SoftReference
ciInstanceKlass java/lang/ref/Reference 1 1 193 9 7 12 1 1 1 9 7 12 1 1 10 12 1 1 10 12 1 1 9 12 1 1 10 12 1 1 9 12 1 1 9 12 1 1 7 1 10 12 1 10 7 12 1 1 10 12 1 10 12 1 1 10 12 1 7 1 8 1 10 12 1 1 7 1 10 12 1 1 10 12 1 1 10 12 1 9 12 1 10 12 1 1 10 12 1 10 12 1 10 12 1 9 12 1 100 1 100 1 10 12 9 12 1 9 12 1 100 1 10 10 12 1 10 10 7 12 1 1 7 1 10 10 7 12 1 1 1 1 1 1 1 1 1 1 1 1 1 1 1 1 1 1 1 100 1 1 1 100 1 1 1 1 1 1 1 1 1 1 1 1 1 1 1 1 1 1 1 1 1 1 1 1 1 1 1 1 1 1 1 1 1 1 1 100 1 100 1 100 1 1 1
staticfield java/lang/ref/Reference processPendingLock Ljava/lang/Object; java/lang/Object
staticfield java/lang/ref/Reference $assertionsDisabled Z 1
instanceKlass java/util/ResourceBundle$BundleReference
instanceKlass sun/util/locale/provider/LocaleResources$ResourceReference
instanceKlass sun/util/resources/Bundles$BundleReference
instanceKlass sun/security/util/MemoryCache$SoftCacheEntry
instanceKlass org/springframework/util/ConcurrentReferenceHashMap$SoftEntryReference
instanceKlass jdk/internal/util/SoftReferenceKey
ciInstanceKlass java/lang/ref/SoftReference 1 1 47 10 7 12 1 1 1 9 7 12 1 1 1 9 12 1 10 12 1 10 12 1 1 1 1 1 1 1 1 1 1 1 1 1 1 1 1 1 1 1 1 100 1 1 1 1 1
instanceKlass java/beans/WeakIdentityMap$Entry
instanceKlass javax/crypto/JceSecurity$WeakIdentityWrapper
instanceKlass org/apache/tomcat/util/collections/ManagedConcurrentWeakHashMap$Key
instanceKlass org/springframework/cglib/core/WeakCacheKey
instanceKlass java/util/ResourceBundle$KeyElementReference
instanceKlass java/util/logging/LogManager$LoggerWeakRef
instanceKlass java/util/logging/Level$KnownLevel
instanceKlass java/lang/WeakPairMap$WeakRefPeer
instanceKlass java/lang/ClassValue$Entry
instanceKlass java/lang/ThreadLocal$ThreadLocalMap$Entry
instanceKlass jdk/internal/util/WeakReferenceKey
instanceKlass java/util/WeakHashMap$Entry
ciInstanceKlass java/lang/ref/WeakReference 1 1 31 10 7 12 1 1 1 10 12 1 100 1 1 1 1 1 1 1 1 1 1 1 1 1 1 1 1 1 1 1 1
instanceKlass java/lang/ref/Finalizer
ciInstanceKlass java/lang/ref/FinalReference 1 1 50 10 7 12 1 1 1 10 100 12 1 1 1 10 12 1 1 100 1 8 1 10 12 1 1 1 1 1 1 1 1 1 1 1 1 1 1 1 1 1 1 1 1 1 1 1 1 1 100 1
instanceKlass jdk/internal/ref/PhantomCleanable
instanceKlass jdk/internal/ref/Cleaner
ciInstanceKlass java/lang/ref/PhantomReference 1 1 44 10 7 12 1 1 1 10 12 1 1 10 7 12 1 1 1 1 1 1 1 1 1 1 1 1 1 1 1 1 1 1 1 1 1 1 1 1 1 1 1 1 1 1
ciInstanceKlass java/lang/ref/Finalizer 1 1 177 9 7 12 1 1 1 10 7 12 1 1 1 9 12 1 1 9 12 1 1 9 12 1 9 12 1 9 12 1 1 10 12 1 100 1 8 1 10 12 1 10 12 1 1 9 12 1 100 1 10 12 1 100 1 11 100 12 1 1 10 12 1 100 1 10 12 1 10 7 12 1 1 1 10 12 1 1 10 100 12 1 1 8 1 10 12 1 10 12 1 10 12 1 100 1 10 12 1 10 100 12 1 1 1 100 1 10 10 12 1 1 7 1 10 12 1 10 12 1 1 10 12 1 1 10 7 12 1 1 1 7 1 10 7 1 10 10 12 1 1 1 1 1 1 1 1 1 1 1 1 1 1 1 1 1 1 1 1 1 1 1 1 1 1 100 1 1 1 1 1 1 1 1 1 1 1
staticfield java/lang/ref/Finalizer lock Ljava/lang/Object; java/lang/Object
staticfield java/lang/ref/Finalizer ENABLED Z 1
staticfield java/lang/ref/Finalizer $assertionsDisabled Z 1
instanceKlass java/lang/reflect/Executable
instanceKlass java/lang/reflect/Field
ciInstanceKlass java/lang/reflect/AccessibleObject 1 1 374 10 7 12 1 1 1 10 7 12 1 1 1 10 7 12 1 1 1 10 12 1 1 9 12 1 1 7 1 10 7 12 1 1 1 11 12 1 100 1 10 12 1 7 1 100 1 10 12 1 1 10 12 1 1 10 12 1 1 10 12 1 1 10 12 1 1 7 1 10 7 12 1 1 1 10 12 1 1 11 10 7 12 1 1 1 10 12 1 1 10 12 1 10 12 1 10 12 1 1 10 12 1 8 1 100 1 100 1 10 10 12 1 1 8 1 10 12 1 10 12 1 8 1 8 1 8 1 8 1 8 1 8 1 8 1 8 1 8 1 100 1 10 12 1 10 12 1 9 100 12 1 1 1 10 12 1 1 10 12 1 10 100 1 100 1 8 1 10 8 1 10 12 1 8 1 10 12 1 10 12 1 1 10 100 1 8 1 10 11 7 12 1 1 1 10 12 1 1 10 12 1 1 10 12 1 1 9 12 1 1 100 1 10 12 1 7 1 10 12 1 10 12 1 1 10 100 1 10 12 1 10 12 10 12 1 10 12 1 10 12 1 1 10 12 1 9 12 1 10 100 12 1 1 8 1 10 12 1 1 8 1 10 100 12 1 1 1 9 12 1 100 1 10 7 1 10 10 7 12 1 1 1 10 7 12 1 1 1 9 12 1 1 1 1 1 1 1 1 1 1 1 1 1 1 1 1 1 1 1 1 1 1 1 1 1 1 1 1 1 1 1 1 1 1 1 1 1 1 1 1 1 1 1 1 1 1 1 1 1 1 1 1 1 1 1 1 1 1 1 1 1 1 1 1 1 1 1 1 1 1 1 1 1 1 1 1 1 1 1 1 1 1 1
staticfield java/lang/reflect/AccessibleObject reflectionFactory Ljdk/internal/reflect/ReflectionFactory; jdk/internal/reflect/ReflectionFactory
ciInstanceKlass java/lang/reflect/Method 1 1 468 9 7 12 1 1 1 10 7 12 1 1 1 10 7 12 1 1 9 12 1 1 9 12 1 1 10 12 1 1 10 12 1 1 10 12 1 1 10 7 12 1 1 10 7 12 1 1 1 9 12 1 1 9 12 1 9 12 1 1 9 12 1 9 12 1 9 12 1 1 9 12 1 9 12 1 1 9 12 1 9 12 1 100 1 8 1 10 12 1 10 12 1 9 12 1 1 10 7 12 1 1 1 10 12 1 1 10 12 1 1 10 12 1 10 12 1 1 9 7 12 1 1 1 10 12 1 1 10 12 10 7 12 1 1 10 12 1 1 10 12 1 10 12 1 10 12 1 10 7 12 1 1 1 10 12 1 1 9 12 1 10 7 1 10 7 12 1 1 1 10 7 12 1 1 10 12 1 1 10 12 1 1 10 12 1 10 7 12 1 1 1 10 12 1 10 8 1 10 12 1 10 12 1 7 1 8 1 8 1 8 1 10 12 1 10 12 1 1 10 12 1 1 10 10 12 1 1 10 12 1 11 100 1 10 12 1 9 12 1 1 10 12 1 1 10 12 1 10 12 1 1 10 12 1 1 11 7 12 1 1 1 11 12 1 9 12 1 1 10 12 1 10 12 1 10 12 1 10 12 1 10 12 1 10 12 1 9 12 1 1 10 7 12 1 1 1 10 7 12 1 1 10 12 1 1 10 7 12 1 1 1 10 7 12 1 1 1 10 7 12 1 1 1 11 7 12 1 1 1 10 7 12 1 1 1 7 1 100 1 100 1 10 12 1 10 12 1 1 10 12 1 100 1 8 1 10 12 1 10 10 12 1 1 10 12 1 1 10 12 1 1 10 12 1 1 8 1 10 12 1 1 1 1 1 1 1 1 1 1 1 1 1 1 1 1 1 1 1 1 1 1 1 1 1 1 1 1 1 1 1 1 1 1 1 1 1 1 1 1 1 1 1 1 1 1 1 1 1 1 1 1 1 100 1 100 1 100 1 1 1 1 1 1 1 1 1 1 1 1 1 1 1 1 1 1 1 1 1 1 1 1 1 1 1 1 1 1
ciInstanceKlass java/lang/reflect/Member 1 1 37 100 1 10 12 1 1 100 1 100 1 1 1 1 3 1 3 1 1 1 1 1 1 1 1 1 1 1 1 1 1 1 1 1 1 1 1
instanceKlass java/lang/reflect/Constructor
instanceKlass java/lang/reflect/Method
ciInstanceKlass java/lang/reflect/Executable 1 1 581 10 7 12 1 1 1 10 7 12 1 1 1 10 7 12 1 1 1 11 7 12 1 1 1 10 7 12 1 1 1 10 12 1 1 10 7 12 1 1 1 10 7 12 1 1 1 10 12 1 8 1 10 10 12 1 1 10 12 1 1 10 100 12 1 1 1 18 12 1 1 11 100 12 1 1 1 8 1 8 1 8 1 10 100 12 1 1 1 11 12 1 1 7 1 8 1 8 1 10 12 1 100 1 8 1 10 12 1 8 1 11 100 12 1 1 1 100 1 11 100 12 1 1 1 11 12 1 8 1 18 8 1 10 12 1 10 12 1 1 18 8 1 10 12 1 100 1 10 12 1 10 12 1 11 12 1 10 12 1 1 8 1 8 1 10 12 1 1 10 12 1 1 10 10 12 1 9 100 12 1 1 1 10 100 12 1 1 1 10 12 1 10 12 1 1 10 7 12 1 1 10 12 1 10 12 1 10 12 1 10 7 12 1 1 100 1 10 100 12 1 1 1 10 12 1 1 10 7 12 1 1 10 12 1 10 12 1 1 9 7 12 1 1 1 10 7 10 12 1 8 1 10 12 1 10 12 1 3 100 1 8 1 10 12 1 10 12 1 10 10 12 1 10 12 1 1 8 1 8 1 8 1 9 12 1 1 9 12 1 10 12 1 100 1 8 1 10 12 1 10 12 1 10 12 1 1 10 12 1 1 10 12 1 10 12 10 12 1 7 1 10 12 1 10 12 1 1 100 1 10 100 12 1 1 1 7 1 10 7 12 1 1 1 10 12 1 1 11 7 12 1 1 10 12 1 10 100 12 1 1 1 10 12 1 1 9 12 1 10 12 1 1 10 12 1 10 12 1 1 9 100 12 1 1 1 10 100 12 1 1 1 10 12 1 10 12 1 1 9 12 1 10 10 10 10 100 12 1 1 1 10 12 1 9 12 1 10 12 1 1 9 12 1 100 1 100 1 1 1 1 1 1 1 1 1 1 1 1 1 1 1 1 1 1 1 1 1 1 1 1 1 1 1 1 1 1 1 1 1 1 1 1 100 1 1 1 1 1 1 1 1 1 1 1 1 1 1 1 1 1 1 1 100 1 1 1 1 1 1 1 1 1 1 1 1 1 1 1 1 1 1 1 1 1 1 1 1 1 1 1 1 1 1 1 1 1 1 1 1 1 1 1 1 1 1 1 100 1 1 1 1 1 1 1 1 1 1 1 1 1 1 1 1 1 1 1 1 1 1 100 1 1 16 15 16 1 16 1 15 10 12 16 15 10 100 12 1 1 1 1 1 1 100 1 1 100 1 100 1 1
ciInstanceKlass java/lang/reflect/Constructor 1 1 437 10 7 12 1 1 1 10 7 12 1 1 9 7 12 1 1 1 9 12 1 1 10 12 1 1 10 12 1 1 10 12 1 1 10 7 12 1 1 10 7 12 1 1 1 9 12 1 1 9 12 1 1 9 12 1 9 12 1 1 9 12 1 9 12 1 1 9 12 1 1 9 12 1 100 1 8 1 10 12 1 10 12 1 9 12 1 1 10 7 12 1 1 1 10 12 1 1 10 12 1 1 10 12 1 7 1 100 1 8 1 10 10 12 1 10 12 1 10 12 1 1 9 100 12 1 1 1 10 7 12 1 1 10 12 1 1 10 12 1 10 12 1 1 10 7 12 1 1 1 10 100 12 1 1 10 12 1 1 10 12 1 10 100 12 1 1 1 8 1 10 10 12 1 100 1 8 1 10 12 1 10 12 1 1 10 12 1 1 10 12 1 10 12 1 10 12 1 1 10 12 1 1 9 12 1 1 10 12 1 1 10 12 1 1 10 12 1 1 11 7 12 1 1 1 10 12 1 1 10 12 1 10 12 1 10 12 1 8 1 9 12 1 1 10 7 12 1 1 1 10 7 12 1 1 10 12 1 1 10 12 1 1 10 12 1 1 10 12 1 1 10 12 1 9 100 12 1 1 10 12 1 10 12 1 10 12 1 100 1 8 1 10 10 12 1 1 10 12 1 10 10 12 1 1 10 12 1 1 10 100 12 1 1 1 11 100 12 1 1 1 10 12 1 1 9 100 12 1 1 1 10 100 12 1 1 1 10 12 1 1 1 1 1 1 1 1 1 1 1 1 1 1 1 1 1 1 1 1 1 1 1 1 1 1 1 1 1 1 1 1 1 1 1 1 1 1 1 1 1 1 1 1 1 1 1 1 1 1 1 1 1 1 1 1 100 1 100 1 100 1 100 1 1 1 1 1 1 1 1 1 1 1 1 1 1 1 1 1 1 1 1 1 1 1 1 1 1 1 1 1 1 1 1 100 1 1
ciInstanceKlass java/lang/reflect/Field 1 1 454 9 7 12 1 1 1 10 12 1 1 10 7 12 1 1 1 10 7 12 1 1 9 12 1 1 9 12 1 1 10 12 1 1 10 12 1 1 10 12 1 1 10 7 12 1 1 10 7 12 1 1 1 9 12 1 1 9 12 1 9 12 1 9 12 1 1 9 12 1 1 9 12 1 9 12 1 1 100 1 8 1 10 12 1 10 12 1 9 12 1 1 9 12 1 10 7 12 1 1 10 12 1 1 10 12 1 1 10 12 1 10 12 1 1 9 100 12 1 1 1 10 100 12 1 1 1 7 1 10 12 1 1 10 12 1 1 10 12 1 10 12 1 10 7 1 10 7 12 1 1 100 1 10 8 1 10 12 1 1 10 12 1 1 8 1 10 12 10 12 1 8 1 8 1 10 11 100 1 9 12 1 10 12 1 1 10 12 1 1 11 7 12 1 1 1 10 12 1 11 12 1 1 11 12 1 1 11 12 1 1 11 12 1 1 11 12 1 1 11 12 1 1 11 12 1 1 11 12 1 1 11 12 1 1 11 12 1 1 11 12 1 1 11 12 1 1 11 12 1 1 11 12 1 1 11 12 1 1 11 12 1 1 11 12 1 1 10 12 1 10 7 12 1 1 10 12 1 10 12 1 10 12 1 9 12 1 1 10 7 12 1 1 1 10 12 1 1 10 12 1 10 7 12 1 1 10 12 1 1 11 7 1 10 12 1 100 1 10 100 12 1 1 1 10 7 12 1 1 1 9 12 1 10 7 12 1 1 1 11 7 12 1 1 1 10 12 1 1 10 12 1 1 9 100 12 1 1 10 100 12 1 1 1 10 12 1 1 100 1 1 1 1 1 1 1 1 1 1 1 1 1 1 1 1 1 1 1 1 1 1 1 1 1 1 1 1 1 1 1 1 1 1 1 1 1 1 1 100 1 1 1 1 1 1 1 1 1 1 1 1 1 1 1 1 1 1 1 1 1 1 1 1 1 1 1 1 1 1 1 1 100 1 1 1 1 1 1 1 1 1 100 1 1
ciInstanceKlass java/lang/reflect/Parameter 1 1 243 10 7 12 1 1 1 9 7 12 1 1 1 9 12 1 1 9 12 1 1 9 12 1 10 12 1 1 10 12 1 1 10 7 12 1 1 1 100 1 10 10 12 1 1 11 100 12 1 1 1 10 12 1 10 100 12 1 1 1 10 12 1 1 10 12 1 10 12 1 8 1 8 1 10 7 12 1 1 1 10 12 1 10 12 9 100 12 1 1 1 10 100 12 1 1 1 10 12 1 8 1 10 12 1 9 12 1 1 10 12 1 1 9 12 1 1 10 12 1 1 10 12 1 1 10 12 1 1 10 12 1 10 10 12 1 10 100 12 1 1 1 10 12 1 1 11 100 12 1 1 10 100 12 1 1 100 1 10 100 12 1 1 1 10 12 1 1 10 12 1 1 10 12 1 1 10 12 1 1 9 12 1 100 1 10 11 12 1 1 11 12 1 1 100 1 1 1 1 1 1 1 1 1 1 1 1 1 1 1 1 1 1 1 1 1 1 1 1 1 1 1 1 1 1 1 1 1 1 1 1 1 1 1 1 1 100 1 1 1 1 1 1
ciInstanceKlass java/lang/reflect/RecordComponent 0 0 196 10 100 12 1 1 1 9 100 12 1 1 1 9 12 1 1 9 12 1 10 12 1 1 10 12 1 1 10 100 12 1 1 1 10 12 1 1 9 12 1 1 10 12 1 1 10 12 1 1 10 12 1 10 100 12 1 1 10 100 12 1 1 9 12 1 1 10 100 12 1 1 1 11 100 12 1 1 1 10 9 100 12 1 1 1 10 100 12 1 1 1 9 12 1 1 10 100 12 1 1 1 10 12 1 1 11 100 12 1 1 10 100 12 1 1 100 1 9 12 1 9 12 1 1 9 12 1 10 100 12 1 1 1 10 12 1 1 10 12 1 1 100 1 10 10 12 1 10 12 1 1 8 1 10 12 1 10 12 1 9 12 1 100 1 1 1 1 1 1 1 1 1 1 1 1 1 1 1 1 1 1 1 1 1 1 100 1 1 1 1 1 1 100 1 1
ciInstanceKlass java/lang/StringBuffer 1 1 487 10 7 12 1 1 1 10 12 1 10 12 1 10 12 1 1 9 7 12 1 1 1 10 12 1 1 10 12 1 10 12 1 1 9 12 1 1 10 12 1 10 12 1 1 10 12 1 1 10 12 1 10 12 1 1 10 12 1 10 12 1 1 10 12 1 1 10 7 12 1 1 1 10 12 1 1 10 12 1 10 12 1 10 12 1 10 12 1 10 12 1 10 12 1 10 12 1 10 12 1 10 12 1 10 12 1 10 12 1 10 12 1 10 12 1 10 12 1 1 10 12 1 10 12 1 1 10 12 1 1 10 10 12 1 1 10 12 1 10 12 1 10 12 1 10 12 1 10 12 1 10 12 1 10 12 10 12 1 10 12 1 10 12 1 10 12 1 1 10 12 1 10 12 1 10 10 12 1 1 10 12 1 10 12 1 10 12 1 8 1 10 12 1 10 10 100 12 1 1 1 10 10 12 1 1 9 12 1 1 10 100 12 1 1 10 100 1 8 10 100 12 1 1 1 8 10 12 1 8 1 10 12 1 10 12 1 10 100 12 1 1 1 10 100 12 1 1 1 7 1 10 12 100 1 8 1 10 10 12 1 1 10 12 1 1 10 12 1 10 12 1 10 12 1 1 10 12 1 10 12 1 10 12 1 10 12 1 10 12 1 10 12 10 12 1 10 12 1 10 12 1 10 12 1 10 12 1 10 12 1 10 12 1 10 12 1 10 12 1 10 12 1 10 12 10 12 10 12 1 10 12 1 10 12 1 10 12 10 12 1 10 12 1 10 12 1 10 12 1 10 12 1 10 12 1 10 12 1 10 12 1 10 12 1 10 12 1 10 12 1 7 1 10 12 1 9 7 12 1 1 1 9 7 1 9 12 1 1 100 1 100 1 100 1 100 1 1 1 1 5 0 1 1 1 1 1 1 1 1 1 1 1 1 1 1 1 1 1 1 1 1 1 1 1 1 1 1 1 1 1 1 1 1 1 1 1 1 1 1 1 1 1 1 1 1 1 1 1 1 1 1 1 1 1 1 1 1 1 1 1 1 100 1 1 1 1 1 100 1 1 1 1 1 1 1 1 1 1 1 1 1 1 1 1 1 1
staticfield java/lang/StringBuffer serialPersistentFields [Ljava/io/ObjectStreamField; 3 [Ljava/io/ObjectStreamField;
instanceKlass java/lang/StringBuilder
instanceKlass java/lang/StringBuffer
ciInstanceKlass java/lang/AbstractStringBuilder 1 1 619 7 1 10 7 12 1 1 1 9 7 12 1 1 1 9 12 1 9 12 1 1 9 12 1 1 10 7 12 1 1 1 10 12 1 1 100 1 3 3 10 12 1 10 12 1 1 11 7 1 100 1 100 1 10 8 1 10 12 1 10 12 1 10 12 1 1 10 12 1 10 12 1 9 12 1 10 12 1 9 12 1 1 10 12 1 1 10 7 12 1 1 1 10 10 12 1 10 12 1 10 12 1 1 10 12 1 1 10 7 12 1 1 1 10 7 12 1 1 1 100 1 8 1 10 10 12 1 1 100 1 10 12 10 12 1 1 10 10 12 1 1 10 12 1 1 10 12 1 1 10 12 1 1 10 10 7 12 1 1 1 10 12 1 100 1 10 10 7 12 1 1 1 9 12 1 1 9 12 1 10 12 1 1 10 10 12 1 1 10 12 10 12 1 10 12 1 1 10 12 1 1 10 12 1 1 10 12 1 10 12 1 1 10 12 1 1 10 12 1 10 12 1 1 8 1 10 12 1 1 10 12 1 10 12 1 10 12 1 10 7 12 1 1 10 12 1 10 12 1 10 12 1 10 12 1 10 12 1 100 1 9 12 1 1 9 12 1 10 12 1 1 7 1 9 12 1 9 12 10 12 1 10 12 1 10 12 1 1 10 12 1 10 12 1 1 10 12 1 10 12 1 1 10 12 1 1 10 10 7 12 1 1 1 10 12 1 10 12 1 10 12 1 1 10 12 1 10 12 1 10 12 1 10 12 1 10 12 1 10 12 1 10 12 1 10 12 1 10 12 1 1 10 12 1 10 12 1 10 12 10 12 1 1 18 12 1 1 100 1 10 100 12 1 1 1 18 10 12 1 1 10 12 1 1 10 12 1 10 12 1 1 11 12 1 1 10 12 1 10 12 1 10 12 10 12 1 10 10 10 12 1 10 5 0 10 10 12 1 1 100 1 8 1 10 10 12 1 1 10 100 12 1 1 1 10 12 1 10 12 1 1 100 1 10 12 100 1 10 100 1 10 100 1 1 1 1 1 1 1 1 1 1 1 100 1 1 1 1 1 1 1 1 1 1 1 1 1 1 1 1 1 1 1 1 1 1 1 1 1 1 1 1 1 1 1 1 1 1 1 1 1 1 1 1 1 1 1 1 1 1 1 1 1 1 1 1 1 1 1 1 1 1 1 1 1 1 1 1 1 1 1 1 1 1 1 1 1 1 1 1 1 1 1 1 1 1 1 1 1 1 1 1 1 1 1 1 1 1 1 1 1 1 1 100 1 1 1 1 1 1 1 1 1 1 1 1 100 1 1 1 1 1 1 100 1 1 1 1 1 1 100 1 1 16 1 15 10 12 16 15 10 12 15 10 100 12 1 1 1 1 1 1 1 100 1 100 1 1
staticfield java/lang/AbstractStringBuilder EMPTYVALUE [B 0
ciInstanceKlass java/lang/StringBuilder 1 1 425 10 7 12 1 1 1 10 12 1 10 12 1 10 12 1 1 10 7 12 1 1 1 10 7 12 1 1 1 10 12 1 10 12 1 10 12 1 10 12 1 10 12 1 10 12 1 10 12 1 10 12 1 10 12 1 10 12 1 10 12 1 10 12 1 10 12 1 10 12 1 1 10 12 1 10 12 1 1 10 12 1 1 10 12 1 10 12 1 10 12 1 10 12 1 10 12 1 10 12 1 10 12 1 10 12 10 12 1 10 12 1 10 12 1 10 12 1 1 10 12 1 10 12 1 10 12 10 12 1 1 10 12 1 10 12 1 10 12 1 1 8 1 10 12 1 10 100 12 1 1 1 9 12 1 1 10 12 1 10 12 1 10 12 1 1 9 12 1 1 10 100 12 1 1 1 10 100 1 10 12 1 1 10 100 12 1 1 10 12 1 10 12 1 1 100 1 100 1 8 1 10 10 12 1 1 10 12 1 10 12 1 10 12 1 1 10 12 1 10 12 1 10 12 1 10 12 1 10 12 1 10 12 10 12 1 10 12 1 10 12 1 10 12 1 10 12 1 10 12 1 10 12 1 10 12 1 10 12 1 1 10 12 1 1 10 12 1 10 12 1 10 12 1 10 12 10 12 10 12 1 10 12 1 10 12 1 10 12 10 12 1 10 12 1 10 12 1 10 12 1 10 12 1 10 12 1 10 12 1 10 12 1 10 12 1 1 10 12 1 10 12 1 1 10 12 1 10 12 1 1 10 12 1 10 12 1 1 10 12 1 10 12 1 10 12 1 10 10 10 12 1 100 1 100 1 100 1 100 1 1 1 1 5 0 1 1 1 1 1 1 1 1 1 1 1 1 1 1 1 1 1 1 1 1 1 1 1 1 1 1 1 1 1 1 1 1 1 1 1 1 1 1 1 1 1 1 1 1 100 1 1 1 100 1 1 1 1 1 1 1 1 1 1 1
ciInstanceKlass java/security/CodeSource 1 1 396 10 7 12 1 1 1 9 7 12 1 1 1 9 12 1 1 9 12 1 1 9 12 1 1 10 7 12 1 1 1 9 12 1 1 10 7 12 1 1 10 7 10 100 12 1 1 1 10 12 1 1 10 12 1 1 7 1 10 10 7 12 1 1 1 10 7 12 1 1 1 10 12 1 1 100 1 10 12 1 1 10 12 1 1 10 12 1 1 10 12 1 10 10 100 1 10 12 1 1 10 100 12 1 1 1 10 12 1 1 10 12 1 10 12 1 8 1 10 12 1 10 12 1 10 12 1 1 10 12 1 8 1 10 12 1 1 10 100 1 10 10 12 1 1 8 1 10 12 1 10 12 1 10 12 1 8 1 8 1 9 12 1 1 100 1 8 1 10 12 1 10 12 1 1 8 1 10 12 1 8 1 8 1 8 1 10 100 12 1 1 10 12 1 1 10 12 1 10 12 1 1 10 12 1 1 10 12 1 1 100 1 100 1 10 12 1 10 12 10 12 1 1 10 100 12 1 1 10 12 1 100 1 10 12 10 100 12 1 1 1 10 8 1 10 12 1 10 12 1 1 100 1 10 12 1 1 100 1 100 1 8 1 8 1 10 10 12 1 1 10 100 12 1 1 1 100 1 10 12 10 12 1 1 11 100 12 1 1 10 10 12 1 11 10 12 1 8 1 100 1 10 12 1 10 12 1 1 10 12 1 11 12 1 1 100 1 1 1 1 5 0 1 1 1 1 1 1 1 1 1 1 1 1 1 1 1 1 1 1 1 1 1 1 1 1 1 1 1 1 1 1 1 1 1 1 1 1 1 1 1 1 1 1 1 1 1 1 1 1 1 1 1 1 1 1 1 1 1 1 1 1 1 1 1 1 1 1 100 1 1 1 1 1 1 1
ciInstanceKlass java/security/ProtectionDomain 1 1 141 10 7 12 1 1 1 9 7 12 1 1 1 9 12 1 1 9 12 1 1 10 7 12 1 1 7 1 9 12 1 9 12 1 1 7 1 9 12 1 1 9 12 1 10 100 12 1 1 10 100 12 1 1 1 10 12 1 1 10 12 1 8 1 100 1 8 1 10 12 1 10 11 12 1 1 10 100 12 1 1 1 10 12 1 1 8 1 11 8 1 10 12 1 8 1 8 1 8 1 10 12 1 8 1 8 1 1 1 1 1 1 1 1 100 1 1 100 1 1 1 1 1 1 1 1 1 1 1 1 1 1 1 1 1 1 1 100 1 1 1
instanceKlass jdk/internal/loader/BuiltinClassLoader
instanceKlass java/net/URLClassLoader
ciInstanceKlass java/security/SecureClassLoader 1 1 102 10 7 12 1 1 1 7 1 10 12 1 9 7 12 1 1 1 10 12 1 10 12 1 10 12 1 1 10 12 1 1 10 12 1 7 1 10 7 1 10 12 1 7 1 10 12 1 11 7 12 1 1 1 7 1 11 12 1 10 12 1 1 1 1 1 1 1 1 1 1 1 1 1 1 1 1 1 1 1 1 1 1 1 1 1 1 1 1 1 1 1 1 1 1 1 1 100 1 1 1 1
ciInstanceKlass java/net/URL 1 1 721 10 7 12 1 1 1 10 12 1 10 7 12 1 1 9 12 1 1 9 12 1 10 12 1 1 9 12 1 1 10 7 12 1 1 1 8 1 10 12 1 1 7 1 10 10 12 1 1 8 1 10 12 1 1 9 12 1 7 1 8 1 10 12 1 10 12 1 8 1 9 12 1 10 12 1 1 9 12 1 10 12 1 10 12 1 9 12 1 9 12 1 8 1 9 12 1 10 12 1 1 8 1 9 12 1 1 10 12 1 1 10 7 12 1 1 1 8 1 10 12 1 7 1 10 12 1 10 12 1 10 12 1 10 12 1 1 10 12 1 1 8 1 10 12 1 1 10 12 1 8 1 9 12 1 8 1 10 12 1 10 7 12 1 1 1 100 1 10 12 1 10 12 1 1 10 7 12 1 1 1 7 1 8 1 10 10 12 1 8 1 10 12 1 1 10 12 1 10 12 1 10 12 1 10 12 1 10 12 1 10 12 1 8 1 10 12 1 8 1 10 10 100 1 10 10 12 1 8 1 10 7 12 1 1 1 10 12 1 9 12 1 1 10 12 1 10 100 12 1 1 1 100 1 10 12 1 10 12 1 10 12 1 10 12 1 10 12 1 10 12 10 10 12 1 10 12 1 10 12 1 1 8 1 9 100 12 1 1 1 10 100 12 1 1 1 10 12 1 10 12 1 10 7 12 1 1 1 10 12 1 1 10 12 1 9 12 1 1 9 12 1 1 100 1 8 1 10 9 12 1 1 10 7 12 1 1 8 1 10 7 12 1 1 8 1 10 12 1 1 10 12 1 8 1 8 1 10 7 12 1 1 1 100 1 10 7 12 1 1 1 10 12 1 10 12 1 9 7 12 1 1 1 10 7 12 1 1 10 12 1 1 10 12 1 8 1 7 1 10 7 12 1 1 1 10 12 1 1 11 7 12 1 1 11 12 1 10 12 1 10 12 1 8 9 100 12 1 1 1 10 12 1 1 10 12 1 10 12 1 1 10 7 12 1 1 11 7 1 10 12 1 10 12 1 9 12 1 10 12 1 1 10 100 12 1 1 10 100 12 1 1 1 8 10 100 12 1 1 100 1 10 8 8 10 12 1 8 8 8 100 1 10 12 1 9 12 1 1 10 12 1 10 12 1 1 10 12 1 10 12 10 12 1 1 10 12 1 1 10 10 10 12 1 10 12 1 10 12 1 10 12 1 10 12 1 10 10 12 1 100 1 8 1 10 10 10 12 1 1 10 12 1 10 12 1 1 8 1 7 1 10 10 7 1 10 12 1 9 7 12 1 1 1 9 12 1 1 7 1 10 10 7 12 1 1 1 100 1 1 1 1 1 5 0 1 1 1 1 1 1 1 1 1 1 1 1 1 1 1 1 1 1 1 1 1 1 1 1 1 1 1 1 1 1 1 1 1 1 1 1 1 1 1 1 1 1 1 1 1 1 100 1 1 1 1 1 1 1 1 1 1 1 1 1 1 1 1 1 1 1 1 1 1 1 1 1 1 1 1 1 1 1 1 1 1 1 1 100 1 1 1 1 1 1 1 1 1 1 1 1 1 1 1 1 1 1 1 1 1 1 1 100 1 1 1 1 1 1 1 1 1 1 1 1 1 1 1 1 1 1
staticfield java/net/URL defaultFactory Ljava/net/URLStreamHandlerFactory; java/net/URL$DefaultFactory
staticfield java/net/URL handlers Ljava/util/Hashtable; java/util/Hashtable
staticfield java/net/URL streamHandlerLock Ljava/lang/Object; java/lang/Object
staticfield java/net/URL serialPersistentFields [Ljava/io/ObjectStreamField; 7 [Ljava/io/ObjectStreamField;
instanceKlass org/apache/catalina/loader/WebappClassLoaderBase
instanceKlass org/springframework/boot/devtools/restart/classloader/RestartClassLoader
ciInstanceKlass java/net/URLClassLoader 1 1 467 10 7 12 1 1 1 7 1 10 12 1 9 7 12 1 1 1 7 1 10 12 1 9 12 1 1 10 10 12 1 10 12 1 10 7 12 1 1 1 10 12 1 1 10 7 12 1 1 1 10 7 12 1 1 1 7 1 10 12 1 1 10 12 1 1 10 12 1 1 7 1 100 1 10 12 1 1 10 12 1 1 11 100 12 1 1 1 11 100 12 1 1 1 11 12 1 1 100 1 11 12 1 11 100 12 1 1 10 12 1 11 12 1 11 12 1 1 11 10 12 1 1 10 12 1 1 10 12 1 1 10 7 12 1 1 1 8 1 10 12 1 1 10 12 1 10 12 1 1 7 1 10 12 1 100 1 10 7 12 1 1 1 10 10 12 1 10 12 1 1 10 100 12 1 1 10 12 1 100 1 100 1 10 8 1 10 12 1 1 8 1 10 12 1 1 10 10 12 1 8 1 8 1 10 7 12 1 1 1 10 12 1 1 10 12 1 1 10 12 1 1 10 12 1 1 10 12 1 1 10 12 1 10 12 1 100 1 100 1 8 1 10 12 1 10 12 1 1 10 12 1 1 7 1 10 12 1 10 7 12 1 1 1 10 12 1 1 10 12 1 10 12 1 1 10 12 1 10 100 12 1 1 1 8 1 11 100 12 1 1 1 9 100 12 1 1 1 10 100 12 1 1 1 9 12 1 9 12 1 9 12 1 9 12 1 9 12 1 9 12 1 10 100 12 1 1 1 8 1 10 12 1 1 10 12 1 10 12 1 1 100 1 10 12 1 7 1 10 10 12 1 10 10 7 12 1 1 1 1 1 1 1 1 1 1 1 1 1 1 1 1 1 1 1 1 1 1 1 1 1 1 1 1 1 1 1 1 1 1 1 100 1 100 1 100 1 100 1 1 1 1 1 1 1 1 1 1 1 1 1 1 1 1 1 1 1 1 1 1 1 1 1 1 1 1 1 1 1 1 1 1 1 1 1 1 1 1 1 100 1 1 1 1 1 1 1 1 1 1 1 1 1 1 1 1 1 1 1 1 1 1 1 1 1 1 1
ciInstanceKlass java/util/jar/Manifest 1 1 320 10 7 12 1 1 1 7 1 10 9 7 12 1 1 1 7 1 10 9 12 1 1 9 12 1 1 10 12 1 10 12 1 1 10 12 1 1 10 12 1 1 10 12 1 1 11 7 1 11 12 1 1 10 12 1 1 10 100 12 1 1 1 100 1 100 1 10 8 1 10 12 1 1 10 12 1 1 10 12 1 10 12 1 11 100 1 10 12 1 10 12 1 1 11 12 1 1 10 12 1 11 12 1 1 11 100 12 1 1 1 11 100 12 1 1 11 12 1 1 100 1 10 12 1 8 1 11 12 1 7 1 10 12 1 1 11 12 1 10 12 1 10 12 1 10 9 7 12 1 1 1 10 12 1 1 10 100 12 1 10 12 1 10 12 1 9 100 12 1 1 1 8 1 10 12 1 8 1 8 1 7 1 10 12 1 10 12 1 10 12 1 1 100 1 8 1 10 12 1 1 8 1 10 10 12 1 1 8 1 10 12 1 1 10 7 12 1 1 1 10 12 1 10 11 12 1 1 10 12 1 1 10 7 12 1 1 1 10 12 1 1 10 12 1 10 12 1 1 11 10 12 1 11 10 12 1 100 1 1 1 1 1 1 1 1 1 1 1 1 1 1 1 1 1 1 1 1 1 1 1 1 1 1 1 1 1 1 1 1 1 1 1 100 1 1 1 1 1 1 1 1 1 1 1 1 1 1 100 1 1 1 1 1 1 1 1 1 1 1
instanceKlass software/amazon/awssdk/utils/StringInputStream
ciInstanceKlass java/io/ByteArrayInputStream 1 1 135 10 7 12 1 1 1 9 7 12 1 1 1 9 12 1 1 9 12 1 9 12 1 10 100 12 1 1 1 10 7 12 1 1 1 10 7 12 1 1 1 10 100 12 1 1 1 10 12 1 1 10 100 12 1 1 1 100 1 100 1 100 1 3 10 100 1 10 100 12 1 1 1 9 12 1 1 100 1 10 10 7 12 1 1 1 1 1 1 1 1 1 1 1 1 1 1 1 1 1 1 1 1 1 1 1 1 1 1 1 1 1 1 1 1 1 1 1 100 1 100 1 1 1 1 1 1 1 1 1 1 1 1 1 1
staticfield java/io/ByteArrayInputStream $assertionsDisabled Z 1
instanceKlass java/nio/IntBuffer
instanceKlass java/nio/CharBuffer
instanceKlass java/nio/LongBuffer
instanceKlass java/nio/ByteBuffer
ciInstanceKlass java/nio/Buffer 1 1 259 100 1 10 7 12 1 1 1 9 7 12 1 1 1 9 12 1 9 12 1 1 9 12 1 9 12 1 1 10 12 1 1 10 12 1 1 10 12 100 1 100 1 10 8 1 10 12 1 1 10 12 1 8 1 8 1 10 12 1 1 10 12 1 8 1 9 12 1 1 100 1 8 1 10 12 1 8 1 8 1 9 12 10 12 1 8 1 8 1 8 1 10 12 1 8 1 8 1 8 1 100 1 10 100 1 10 100 1 10 9 12 1 1 10 7 12 1 1 1 100 1 10 12 1 1 10 12 1 10 100 12 1 1 10 7 12 1 1 1 10 7 12 1 1 1 9 12 1 1 10 7 12 1 1 1 9 12 1 1 7 1 10 10 12 1 1 7 1 10 10 7 12 1 1 1 1 1 3 1 1 1 1 1 1 1 1 1 1 1 1 1 1 100 1 1 1 1 1 1 1 100 1 1 1 1 1 1 1 1 1 1 1 1 1 1 1 1 1 1 1 1 1 1 1 1 1 1 1 1 1 1 1 1 1 1 1 1 1 1 1 1 1 1 100 1 100 1 100 1 100 1 100 1 100 1 100 1 1
staticfield java/nio/Buffer UNSAFE Ljdk/internal/misc/Unsafe; jdk/internal/misc/Unsafe
staticfield java/nio/Buffer SCOPED_MEMORY_ACCESS Ljdk/internal/misc/ScopedMemoryAccess; jdk/internal/misc/ScopedMemoryAccess
staticfield java/nio/Buffer IOOBE_FORMATTER Ljava/util/function/BiFunction; jdk/internal/util/Preconditions$4
staticfield java/nio/Buffer $assertionsDisabled Z 1
ciInstanceKlass java/lang/AssertionStatusDirectives 0 0 24 10 100 12 1 1 1 100 1 1 1 1 1 1 1 1 1 1 1 1 1 1 1 1
instanceKlass org/springframework/web/util/RfcUriParser$UriRecord
instanceKlass org/springframework/aop/framework/InterceptorAndDynamicMethodMatcher
instanceKlass org/springframework/context/support/DefaultLifecycleProcessor$LifecycleGroupMember
instanceKlass org/springframework/beans/factory/support/MethodDescriptor
instanceKlass org/springframework/util/ConcurrentLruCache$CacheEntry
instanceKlass jdk/internal/util/ImmutableBitSetPredicate$SmallImmutableBitSetPredicate
instanceKlass org/springframework/boot/autoconfigure/ssl/SslPropertiesBundleRegistrar$Bundle
instanceKlass org/springframework/boot/autoconfigure/ssl/BundleContentProperty
instanceKlass org/springframework/boot/web/server/Ssl$ServerNameSslBundle
instanceKlass org/springframework/cglib/core/MethodWrapper$MethodWrapperKey
instanceKlass org/springframework/cglib/proxy/Enhancer$EnhancerKey
instanceKlass org/springframework/util/PlaceholderParser$ParsedValue
instanceKlass org/springframework/util/PlaceholderParser$ParsedSection
instanceKlass org/springframework/boot/http/client/ClientHttpRequestFactorySettings
instanceKlass org/springframework/boot/SpringApplicationShutdownHook$Handler
instanceKlass java/lang/reflect/Executable$ParameterData
instanceKlass java/util/Formatter$FixedString
instanceKlass jdk/internal/classfile/impl/StackCounter$Target
instanceKlass jdk/internal/classfile/impl/StackMapDecoder$StackMapFrameImpl
instanceKlass jdk/internal/classfile/impl/StackMapDecoder$ObjectVerificationTypeInfoImpl
instanceKlass java/lang/reflect/Proxy$ProxyBuilder$ProxyClassContext
instanceKlass sun/security/pkcs/SignerInfo$AlgorithmInfo
instanceKlass sun/security/pkcs/PKCS9Attribute$AttributeInfo
instanceKlass jdk/internal/misc/ThreadTracker$ThreadRef
instanceKlass org/springframework/core/io/support/SpringFactoriesLoader$Factories
instanceKlass java/lang/invoke/StringConcatFactory$InlineHiddenClassStrategy$MethodHandlePair
instanceKlass jdk/net/UnixDomainPrincipal
instanceKlass java/security/SecureClassLoader$CodeSourceKey
instanceKlass java/util/zip/ZipFile$EntryPos
instanceKlass jdk/internal/module/ModuleReferenceImpl$CachedHash
instanceKlass java/util/stream/Collectors$CollectorImpl
instanceKlass java/lang/invoke/MethodHandles$Lookup$ClassDefiner
instanceKlass jdk/internal/classfile/impl/ClassHierarchyImpl$ClassHierarchyInfoImpl
instanceKlass java/lang/classfile/ClassHierarchyResolver$1Factory
instanceKlass jdk/internal/classfile/impl/RawBytecodeHelper$CodeRange
instanceKlass jdk/internal/classfile/impl/StackMapGenerator$Type
instanceKlass jdk/internal/classfile/impl/Util$1WithCodeMethodHandler
instanceKlass jdk/internal/classfile/impl/DirectCodeBuilder$DeferredLabel
instanceKlass java/lang/invoke/InvokerBytecodeGenerator$ClassData
instanceKlass jdk/internal/classfile/impl/AnnotationImpl
instanceKlass jdk/internal/reflect/ReflectionFactory$Config
instanceKlass jdk/internal/foreign/abi/UpcallLinker$CallRegs
instanceKlass jdk/internal/foreign/abi/VMStorage
ciInstanceKlass java/lang/Record 1 1 22 10 7 12 1 1 1 100 1 1 1 1 1 1 1 1 1 1 1 1 1 1
instanceKlass com/fasterxml/jackson/core/util/InternCache
ciInstanceKlass java/util/concurrent/ConcurrentHashMap 1 1 1218 100 1 7 1 10 7 12 1 1 1 10 12 1 1 9 12 1 1 3 10 7 12 1 1 1 3 100 1 10 7 12 1 1 1 100 1 10 100 12 1 1 1 100 1 11 12 1 1 11 12 1 11 12 1 1 9 12 1 1 9 12 1 9 12 1 10 7 12 1 1 1 7 1 10 12 1 1 10 12 1 1 10 7 12 1 1 1 4 10 12 1 11 7 12 1 1 10 12 1 10 12 1 1 100 1 10 5 0 10 12 1 9 12 1 10 12 1 1 5 0 10 12 1 10 12 1 9 12 1 1 10 12 1 1 9 12 1 9 12 1 1 10 12 1 1 9 12 1 10 12 1 1 9 12 1 1 10 12 1 1 100 1 10 7 1 10 12 1 10 12 1 1 10 12 1 1 10 12 1 1 10 12 1 10 12 1 1 10 12 1 1 7 1 10 12 1 1 7 1 100 1 8 1 10 12 1 10 12 1 1 10 12 1 1 10 10 12 1 11 12 1 1 11 7 12 1 1 1 11 7 12 1 1 1 11 12 1 7 1 11 12 1 11 12 1 10 12 1 1 10 12 1 1 9 12 1 1 10 7 12 1 1 1 9 10 12 1 1 9 12 1 10 12 1 1 5 0 9 12 1 1 7 1 10 12 1 9 12 1 1 7 1 10 12 1 9 12 1 7 1 10 100 1 10 10 12 1 1 8 1 10 12 1 10 12 1 1 11 100 1 10 12 1 10 100 12 1 1 1 8 1 10 100 12 1 1 1 8 1 10 12 1 8 1 10 12 1 10 12 1 1 10 100 12 1 1 10 12 1 10 12 1 10 12 1 9 12 1 9 10 12 1 9 12 1 1 11 7 12 1 1 1 11 7 12 1 1 1 100 1 10 12 11 100 12 1 1 10 11 7 12 1 10 12 1 100 1 10 12 1 100 1 10 10 9 7 12 1 1 1 3 10 100 12 1 1 9 12 1 10 12 1 1 9 12 1 1 9 12 1 10 12 1 1 10 100 12 1 1 9 12 1 9 7 12 1 1 10 12 1 1 10 12 1 3 9 12 1 9 12 1 10 12 1 1 7 1 9 3 100 1 10 12 1 9 12 1 10 12 1 9 12 1 10 12 1 9 12 1 10 100 12 1 1 1 100 10 12 1 100 1 5 0 10 100 12 1 1 100 1 10 12 1 1 10 12 1 10 12 1 100 1 10 12 1 10 100 1 100 1 10 10 12 1 10 100 1 10 12 1 10 100 1 10 12 1 10 100 1 10 12 1 1 100 1 10 12 1 10 10 12 1 100 1 10 12 1 10 10 12 1 100 1 10 12 1 10 100 1 10 12 1 10 100 1 10 12 1 10 100 1 10 12 1 10 100 1 10 12 1 10 100 1 10 12 1 10 100 1 10 12 1 10 100 1 10 12 1 10 100 1 10 10 100 1 10 10 100 1 10 10 100 1 10 12 1 10 100 1 10 12 1 10 100 1 10 12 1 10 100 1 10 12 1 10 100 1 10 12 1 10 100 1 10 10 100 1 10 10 100 1 10 10 100 1 10 12 1 10 100 1 10 12 1 10 100 1 10 12 1 10 100 1 10 12 1 10 100 1 10 12 1 10 10 12 1 10 12 1 7 1 7 1 10 12 1 9 12 1 1 9 12 1 1 10 12 1 1 8 10 12 1 1 8 8 8 8 7 10 12 1 1 10 12 1 100 1 8 1 10 7 1 100 1 100 1 1 1 5 0 1 1 3 1 3 1 1 1 1 3 1 3 1 3 1 1 1 1 1 3 1 3 1 3 1 1 1 1 1 1 1 1 1 1 1 1 1 1 1 1 1 1 1 1 1 1 1 1 1 1 1 100 1 1 1 1 1 1 1 1 1 1 1 1 1 1 1 1 1 1 1 1 1 1 1 1 1 1 1 1 1 1 1 1 1 1 1 1 1 1 1 1 1 1 1 1 1 1 1 1 1 1 1 1 1 1 1 1 1 1 1 1 1 1 1 1 1 1 1 1 1 1 1 1 1 1 1 1 1 1 1 1 1 1 1 1 100 1 1 1 1 1 1 1 1 1 1 1 100 1 1 1 1 1 1 1 1 1 1 1 1 1 1 1 1 1 1 1 1 1 1 1 1 1 1 1 1 1 1 1 1 1 1 1 1 1 1 1 1 1 1 1 1 1 1 1 1 1 1 1 1 1 1 1 1 1 1 1 1 1 1 1 1 1 1 1 1 1 1 1 1 1 1 1 1 1 1 1 1 1 1 1 1 1 1 1 1 1 1 1 1 1 1 1 1 1 1 1 1 1 1 1 1 1 1 1 1 1 1 1 1 1 1 1 1 1 1 1 1 1 1 1 1 1 1 1 1 1 1 1 1 1 1 1 1 1 1 1 1 1 1 1 1 1 1 1 1 1 1 1 1 1 1 1 1 1 1 1 1 1 1 1 1 1 1 1 1 1 1 1 1 1 1 1 1 1 1 1 1 1 1 1 1 1 1 1 1 1 1 1 1 1 1 1 1 1 1 1 1 1 1 1 1 1 1 1 1 1 1 1 1 1 1 1 1 1 1 1 1 1 1 1 100 1 100 1 100 1 100 1 100 1 100 1 100 1 100 1 100 1 1 1 1 1 1 1 1 1 1 1 1 1 1 1 1 1 1 1 1 1 1 1 1 1 1 1 1 1 1 1 1 1 1 1 1 1 1 1 1 1 1 1 1 1 1 1 1 1 1 1 1 1 1 1 1 1 1
staticfield java/util/concurrent/ConcurrentHashMap serialPersistentFields [Ljava/io/ObjectStreamField; 3 [Ljava/io/ObjectStreamField;
staticfield java/util/concurrent/ConcurrentHashMap U Ljdk/internal/misc/Unsafe; jdk/internal/misc/Unsafe
staticfield java/util/concurrent/ConcurrentHashMap SIZECTL J 20
staticfield java/util/concurrent/ConcurrentHashMap TRANSFERINDEX J 32
staticfield java/util/concurrent/ConcurrentHashMap BASECOUNT J 24
staticfield java/util/concurrent/ConcurrentHashMap CELLSBUSY J 36
staticfield java/util/concurrent/ConcurrentHashMap CELLVALUE J 144
staticfield java/util/concurrent/ConcurrentHashMap ABASE I 16
staticfield java/util/concurrent/ConcurrentHashMap ASHIFT I 2
instanceKlass com/stoyanr/evictor/map/ConcurrentMapWithTimedEvictionDecorator
instanceKlass org/apache/tomcat/util/collections/ManagedConcurrentWeakHashMap
instanceKlass com/fasterxml/jackson/databind/util/internal/PrivateMaxEntriesMap
instanceKlass java/util/TreeMap$NavigableSubMap
instanceKlass java/util/TreeMap
instanceKlass org/springframework/util/ConcurrentReferenceHashMap
instanceKlass java/util/Collections$SingletonMap
instanceKlass java/util/concurrent/ConcurrentSkipListMap
instanceKlass java/util/IdentityHashMap
instanceKlass java/util/EnumMap
instanceKlass java/util/WeakHashMap
instanceKlass java/util/Collections$EmptyMap
instanceKlass sun/util/PreHashedMap
instanceKlass java/util/HashMap
instanceKlass java/util/ImmutableCollections$AbstractImmutableMap
instanceKlass java/util/concurrent/ConcurrentHashMap
ciInstanceKlass java/util/AbstractMap 1 1 198 10 7 12 1 1 1 10 7 12 1 1 1 11 7 12 1 1 1 10 11 12 1 1 11 7 12 1 1 1 11 12 1 1 7 1 11 12 1 10 12 1 1 11 12 1 100 1 10 11 12 1 11 7 1 10 12 1 1 11 12 1 9 12 1 1 100 1 10 12 1 9 12 1 1 100 1 10 11 11 12 1 1 11 12 1 100 1 100 1 11 12 1 8 1 100 1 10 10 12 1 1 8 1 10 12 1 10 12 1 1 10 12 1 1 1 1 1 1 1 1 1 1 1 1 1 1 1 1 1 1 1 1 1 1 1 1 1 1 1 1 1 1 1 1 1 1 1 1 1 1 1 1 100 1 1 1 1 1 1 1 100 1 1 1 1 1 1 1 1 1 100 1 1 1 1 1 1 1 1 1 100 1 100 1 100 1 100 1 100 1 1 1 1 1 1 1 1
ciInstanceKlass java/util/concurrent/ConcurrentMap 1 1 201 11 100 12 1 1 1 10 100 12 1 1 11 12 1 1 11 100 12 1 1 1 11 100 12 1 1 1 11 12 1 1 100 1 11 12 1 11 12 1 100 1 11 100 12 1 1 1 18 12 1 11 12 1 1 11 100 12 1 1 11 12 1 1 11 100 12 1 11 12 1 1 11 12 1 1 100 1 100 1 1 1 1 1 1 1 1 1 1 1 1 1 1 1 1 1 1 1 1 1 1 1 1 1 1 1 1 1 1 1 1 1 1 1 1 1 1 1 1 1 1 1 1 1 1 1 1 1 1 1 1 1 1 1 1 1 1 1 1 16 15 11 12 15 10 100 12 1 1 1 1 1 100 1 100 1 1 1 100 1 8 1 1 12 10 1 8 1 1 1 8 1 8 1 1 8 1 1 1 8 1 1 1 8 1 1 8 1 8 1 1 1 8 1 1 8 1 1 1 8 1
ciInstanceKlass java/util/Collection 1 1 115 11 7 12 1 1 1 7 1 11 7 12 1 1 1 10 7 12 1 1 1 11 12 1 1 11 7 12 1 1 1 11 12 1 1 11 7 12 1 1 1 11 12 1 1 10 100 12 1 1 1 11 12 1 10 7 12 1 1 1 100 1 100 1 1 1 1 1 1 1 1 1 1 1 1 1 1 1 1 1 1 1 1 1 1 1 1 1 1 1 1 1 1 1 1 1 1 1 1 1 1 1 1 1 1 1 1 1 1 1 1 1 1 1 1
instanceKlass jdk/internal/loader/ClassLoaders$BootClassLoader
instanceKlass jdk/internal/loader/ClassLoaders$PlatformClassLoader
instanceKlass jdk/internal/loader/ClassLoaders$AppClassLoader
ciInstanceKlass jdk/internal/loader/BuiltinClassLoader 1 1 652 9 7 12 1 1 1 10 7 12 1 1 1 10 7 12 1 1 1 9 12 1 1 9 12 1 1 7 1 10 12 1 9 12 1 10 12 1 9 12 1 10 7 12 1 1 1 10 7 12 1 1 1 10 7 12 1 1 1 11 7 12 1 1 1 100 1 100 1 10 10 12 1 1 8 1 10 12 1 10 12 7 1 10 12 1 10 12 1 1 11 7 12 1 1 1 11 7 12 1 1 1 11 12 1 1 7 1 8 1 8 1 10 9 12 1 1 10 7 12 1 1 11 12 1 1 10 12 1 1 10 12 1 1 10 12 1 1 11 7 12 1 1 1 10 7 12 1 1 7 1 10 100 12 1 1 1 10 7 12 1 1 1 10 12 1 10 12 1 100 1 8 1 10 12 1 1 10 8 1 10 12 1 1 10 12 1 1 10 12 1 1 11 7 12 1 1 11 12 1 7 1 10 11 12 1 1 11 10 12 1 1 7 1 10 12 1 10 7 12 1 10 12 1 11 12 1 1 11 7 1 11 12 1 100 1 10 12 1 1 100 1 100 1 11 12 1 1 10 12 1 10 12 10 12 1 10 7 12 1 1 1 7 1 10 10 12 1 1 10 12 1 1 10 12 1 1 10 12 1 9 12 1 1 100 1 10 10 12 1 1 10 12 1 1 10 12 1 10 12 10 12 1 1 10 12 1 1 10 12 1 1 10 12 1 10 12 1 1 10 12 1 1 10 12 1 10 12 1 1 10 12 1 7 1 10 12 10 7 12 1 1 1 10 12 1 11 12 1 7 1 10 12 1 7 1 100 1 10 12 1 10 12 1 11 12 1 1 10 12 1 1 10 12 1 1 10 12 1 1 10 12 1 1 10 12 1 10 12 1 10 12 1 10 12 1 8 1 10 12 1 1 10 7 12 1 1 10 12 1 100 1 8 1 8 1 10 10 12 1 8 1 8 1 10 7 12 1 1 1 11 7 12 1 1 1 9 7 12 1 1 1 10 7 12 1 1 1 9 12 1 9 12 1 9 12 1 9 12 1 9 12 1 9 12 1 10 7 12 1 1 1 8 1 10 12 1 7 1 10 11 12 1 1 10 12 10 12 1 10 12 1 100 1 10 12 1 10 12 1 11 11 12 1 10 7 12 1 1 10 7 12 1 1 8 1 10 7 12 1 1 10 12 1 1 1 1 1 1 1 1 1 1 1 1 1 1 1 1 1 1 1 1 1 1 1 1 1 1 1 1 1 1 1 1 1 1 1 1 1 1 1 1 1 1 1 1 1 1 1 1 1 1 1 1 1 1 1 100 1 1 1 1 1 1 1 1 1 1 1 1 1 100 1 100 1 1 1 1 1 1 1 1 1 1 1 1 1 1 1 1 1 1 1 1 1 1 1 1 1 1 1 1 1 1 1 1 1 1 1 1 1 1 1 1 1 1 1 1 1 1 1 100 1 1 1 100 1 1 1 1 1
staticfield jdk/internal/loader/BuiltinClassLoader packageToModule Ljava/util/Map; java/util/concurrent/ConcurrentHashMap
staticfield jdk/internal/loader/BuiltinClassLoader $assertionsDisabled Z 1
ciInstanceKlass jdk/internal/loader/ClassLoaders$AppClassLoader 1 1 57 8 1 10 7 12 1 1 1 10 7 12 1 1 1 10 12 1 1 10 7 12 1 1 1 100 1 10 12 1 1 1 1 1 1 1 1 1 1 1 1 1 1 1 1 1 1 1 1 1 1 1 1 100 1 1 1
ciInstanceKlass jdk/internal/loader/ClassLoaders$PlatformClassLoader 1 1 42 8 1 10 7 12 1 1 1 10 7 12 1 1 1 100 1 10 12 1 100 1 1 1 1 1 1 1 1 1 1 1 1 1 1 100 1 1 1 100 1 1
ciInstanceKlass java/lang/ArithmeticException 1 1 26 10 100 12 1 1 1 10 12 1 100 1 1 1 1 5 0 1 1 1 1 1 1 1 1 1
instanceKlass org/apache/hc/core5/http/HttpException
instanceKlass org/springframework/validation/BindException
instanceKlass org/apache/http/HttpException
instanceKlass jakarta/websocket/EncodeException
instanceKlass org/apache/tomcat/websocket/AuthenticationException
instanceKlass org/apache/catalina/connector/CoyoteAdapter$RecycleRequiredException
instanceKlass jakarta/websocket/DeploymentException
instanceKlass java/lang/instrument/IllegalClassFormatException
instanceKlass org/ietf/jgss/GSSException
instanceKlass java/security/PrivilegedActionException
instanceKlass javax/management/JMException
instanceKlass sun/security/pkcs11/wrapper/PKCS11Exception
instanceKlass org/apache/catalina/LifecycleException
instanceKlass java/beans/IntrospectionException
instanceKlass java/util/concurrent/ExecutionException
instanceKlass org/springframework/expression/AccessException
instanceKlass javax/xml/parsers/ParserConfigurationException
instanceKlass org/xml/sax/SAXException
instanceKlass java/lang/CloneNotSupportedException
instanceKlass jakarta/servlet/ServletException
instanceKlass ch/qos/logback/core/spi/ScanException
instanceKlass java/text/ParseException
instanceKlass sun/nio/fs/WindowsException
instanceKlass javax/naming/NamingException
instanceKlass java/security/GeneralSecurityException
instanceKlass java/net/URISyntaxException
instanceKlass java/util/concurrent/TimeoutException
instanceKlass java/lang/InterruptedException
instanceKlass ch/qos/logback/core/boolex/EvaluationException
instanceKlass ch/qos/logback/core/util/DynamicClassLoadingException
instanceKlass ch/qos/logback/core/util/IncompatibleClassException
instanceKlass ch/qos/logback/core/joran/spi/JoranException
instanceKlass java/io/IOException
instanceKlass java/lang/ReflectiveOperationException
instanceKlass java/lang/RuntimeException
ciInstanceKlass java/lang/Exception 1 1 40 10 7 12 1 1 1 10 12 1 10 12 1 10 12 1 10 12 1 100 1 1 1 1 5 0 1 1 1 1 1 1 1 1 1 1 1 1 1 1
instanceKlass com/fasterxml/jackson/databind/RuntimeJsonMappingException
instanceKlass com/netflix/discovery/shared/transport/TransportException
instanceKlass org/springframework/cache/Cache$ValueRetrievalException
instanceKlass org/springframework/cloud/configuration/CompatibilityNotMetException
instanceKlass com/google/gson/JsonParseException
instanceKlass org/springframework/validation/method/MethodValidationException
instanceKlass org/apache/http/ParseException
instanceKlass software/amazon/awssdk/core/exception/SdkException
instanceKlass org/apache/tomcat/util/threads/StopPooledThreadException
instanceKlass java/nio/BufferUnderflowException
instanceKlass org/apache/coyote/ProtocolException
instanceKlass java/lang/WrongThreadException
instanceKlass javax/management/JMRuntimeException
instanceKlass org/springframework/boot/autoconfigure/ssl/BundleContentNotWatchableException
instanceKlass org/springframework/boot/ssl/NoSuchSslBundleException
instanceKlass org/springframework/boot/web/server/WebServerException
instanceKlass org/springframework/context/NoSuchMessageException
instanceKlass org/springframework/objenesis/ObjenesisException
instanceKlass org/springframework/cglib/core/CodeGenerationException
instanceKlass org/springframework/boot/autoconfigure/condition/OnBeanCondition$BeanTypeDeductionException
instanceKlass java/security/ProviderException
instanceKlass org/apache/juli/logging/LogConfigurationException
instanceKlass java/lang/reflect/MalformedParametersException
instanceKlass org/springframework/expression/ExpressionException
instanceKlass java/util/concurrent/CompletionException
instanceKlass java/nio/file/FileSystemNotFoundException
instanceKlass org/yaml/snakeyaml/error/YAMLException
instanceKlass org/springframework/boot/context/properties/bind/UnboundConfigurationPropertiesException
instanceKlass org/springframework/boot/context/config/ConfigDataException
instanceKlass org/springframework/boot/context/properties/bind/BindException
instanceKlass java/util/ConcurrentModificationException
instanceKlass java/time/DateTimeException
instanceKlass org/springframework/boot/context/properties/source/InvalidConfigurationPropertyValueException
instanceKlass java/util/MissingResourceException
instanceKlass org/springframework/cglib/core/ClassNameReader$EarlyExitException
instanceKlass org/springframework/boot/devtools/restart/SilentExitExceptionHandler$SilentExitException
instanceKlass java/lang/reflect/InaccessibleObjectException
instanceKlass java/util/concurrent/RejectedExecutionException
instanceKlass org/springframework/core/NestedRuntimeException
instanceKlass java/lang/TypeNotPresentException
instanceKlass org/springframework/boot/context/properties/source/InvalidConfigurationPropertyNameException
instanceKlass java/util/NoSuchElementException
instanceKlass java/lang/reflect/UndeclaredThrowableException
instanceKlass java/io/UncheckedIOException
instanceKlass ch/qos/logback/core/LogbackException
instanceKlass java/lang/SecurityException
instanceKlass java/lang/UnsupportedOperationException
instanceKlass org/springframework/boot/SpringApplication$AbandonedRunException
instanceKlass java/lang/IllegalStateException
instanceKlass org/springframework/boot/AotInitializerNotFoundException
instanceKlass java/lang/IllegalArgumentException
instanceKlass java/lang/IndexOutOfBoundsException
instanceKlass java/lang/ArithmeticException
instanceKlass java/lang/NullPointerException
instanceKlass java/lang/IllegalCallerException
instanceKlass java/lang/IllegalMonitorStateException
instanceKlass java/lang/ArrayStoreException
instanceKlass java/lang/ClassCastException
ciInstanceKlass java/lang/RuntimeException 1 1 40 10 7 12 1 1 1 10 12 1 10 12 1 10 12 1 10 12 1 100 1 1 1 1 5 0 1 1 1 1 1 1 1 1 1 1 1 1 1 1
ciInstanceKlass java/lang/ArrayIndexOutOfBoundsException 1 1 45 10 100 12 1 1 1 10 12 1 100 1 10 8 1 10 12 1 1 10 12 1 10 12 1 1 100 1 1 1 1 5 0 1 1 1 1 1 1 1 1 1 1 1 1
ciInstanceKlass java/lang/ArrayStoreException 1 1 26 10 100 12 1 1 1 10 12 1 100 1 1 1 1 5 0 1 1 1 1 1 1 1 1 1
ciInstanceKlass java/lang/ClassCastException 1 1 26 10 100 12 1 1 1 10 12 1 100 1 1 1 1 5 0 1 1 1 1 1 1 1 1 1
ciInstanceKlass java/lang/ClassNotFoundException 1 1 96 7 1 10 7 12 1 1 1 10 12 1 10 12 1 1 10 100 12 1 1 1 8 1 10 100 12 1 1 1 10 7 12 1 1 10 100 12 1 1 1 10 100 12 1 1 1 10 12 1 1 7 1 10 12 1 9 12 1 1 1 1 1 5 0 1 1 1 1 1 1 1 1 1 1 1 1 1 1 1 1 1 1 100 1 1 1 1 1 1 1 1 1 1 1 1
staticfield java/lang/ClassNotFoundException serialPersistentFields [Ljava/io/ObjectStreamField; 1 [Ljava/io/ObjectStreamField;
instanceKlass java/lang/IllegalAccessException
instanceKlass java/lang/InstantiationException
instanceKlass java/lang/reflect/InvocationTargetException
instanceKlass java/lang/NoSuchFieldException
instanceKlass java/lang/NoSuchMethodException
instanceKlass java/lang/ClassNotFoundException
ciInstanceKlass java/lang/ReflectiveOperationException 1 1 34 10 7 12 1 1 1 10 12 1 10 12 1 10 12 1 100 1 1 1 1 5 0 1 1 1 1 1 1 1 1 1 1 1
ciInstanceKlass java/lang/IllegalCallerException 0 0 35 10 100 12 1 1 1 10 12 1 10 12 1 10 12 1 100 1 1 1 1 5 0 1 1 1 1 1 1 1 1 1 1 1 1
ciInstanceKlass java/lang/IllegalMonitorStateException 1 1 26 10 100 12 1 1 1 10 12 1 100 1 1 1 1 5 0 1 1 1 1 1 1 1 1 1
ciInstanceKlass java/lang/BootstrapMethodError 0 0 45 10 100 12 1 1 1 10 12 1 10 12 1 10 100 12 1 1 1 10 100 12 1 1 1 1 1 1 5 0 1 1 1 1 1 1 1 1 1 1 1 100 1 1 1
instanceKlass java/lang/ThreadDeath
instanceKlass java/lang/AssertionError
instanceKlass java/util/ServiceConfigurationError
instanceKlass java/lang/VirtualMachineError
instanceKlass java/lang/LinkageError
ciInstanceKlass java/lang/Error 1 1 58 10 7 12 1 1 1 9 12 1 1 10 100 12 1 1 1 10 100 12 1 1 1 10 12 1 10 12 1 10 12 1 10 12 1 100 1 1 1 1 5 0 1 1 1 1 1 1 1 1 100 1 1 1 1 1 1 1
instanceKlass java/lang/ClassFormatError
instanceKlass java/lang/IncompatibleClassChangeError
instanceKlass java/lang/BootstrapMethodError
instanceKlass java/lang/NoClassDefFoundError
ciInstanceKlass java/lang/LinkageError 1 1 31 10 7 12 1 1 1 10 12 1 10 12 1 100 1 1 1 1 5 0 1 1 1 1 1 1 1 1 1 1 1
ciInstanceKlass java/lang/NullPointerException 1 1 52 10 100 12 1 1 1 10 12 1 9 100 12 1 1 1 10 12 1 1 9 12 1 1 10 12 1 1 10 12 1 1 1 1 5 0 1 1 1 1 1 1 1 1 100 1 100 1 100 1 1 1
ciInstanceKlass java/lang/InternalError 1 1 34 10 7 12 1 1 1 10 12 1 10 12 1 10 12 1 100 1 1 1 1 5 0 1 1 1 1 1 1 1 1 1 1 1
instanceKlass java/lang/StackOverflowError
instanceKlass java/lang/OutOfMemoryError
instanceKlass java/lang/InternalError
ciInstanceKlass java/lang/VirtualMachineError 1 1 34 10 7 12 1 1 1 10 12 1 10 12 1 10 12 1 100 1 1 1 1 5 0 1 1 1 1 1 1 1 1 1 1 1
ciInstanceKlass java/lang/NoClassDefFoundError 1 1 26 10 7 12 1 1 1 10 12 1 100 1 1 1 1 5 0 1 1 1 1 1 1 1 1 1
ciInstanceKlass java/lang/OutOfMemoryError 1 1 26 10 100 12 1 1 1 10 12 1 100 1 1 1 1 5 0 1 1 1 1 1 1 1 1 1
ciInstanceKlass java/lang/StackOverflowError 1 1 26 10 100 12 1 1 1 10 12 1 100 1 1 1 1 5 0 1 1 1 1 1 1 1 1 1
ciInstanceKlass java/lang/StackTraceElement 1 1 235 10 7 12 1 1 1 10 7 12 1 1 9 12 1 1 9 12 1 1 9 12 1 9 12 1 8 1 10 100 12 1 1 1 100 1 9 12 1 8 1 9 12 1 9 12 1 9 12 1 1 10 12 1 1 10 12 1 8 1 10 100 12 1 1 1 100 1 10 12 1 10 12 1 1 10 12 1 10 12 1 1 10 12 1 10 12 1 10 10 12 1 8 1 10 12 1 10 12 1 1 10 12 1 1 10 12 1 10 12 1 10 12 1 9 12 1 1 10 7 12 1 1 1 10 12 1 1 7 1 10 12 1 1 10 7 12 1 1 10 7 12 1 1 1 10 7 12 1 1 10 7 12 1 1 10 10 12 1 1 10 12 1 1 10 12 1 1 10 12 1 100 1 1 1 1 1 1 1 3 1 3 1 1 5 0 1 1 1 1 1 1 1 1 1 1 1 1 1 1 1 1 1 1 1 1 1 1 1 1 1 1 1 1 1 100 1 100 1 1 1 1 1 1 1 100 1 1 1 1 1 1 1 1 1
instanceKlass java/util/concurrent/locks/AbstractQueuedSynchronizer
ciInstanceKlass java/util/concurrent/locks/AbstractOwnableSynchronizer 1 1 32 10 7 12 1 1 1 9 7 12 1 1 1 100 1 1 1 1 5 0 1 1 1 1 1 1 1 1 1 1 1 1
ciInstanceKlass jdk/internal/vm/Continuation 1 1 551 9 7 12 1 1 1 9 12 1 9 12 1 9 12 1 100 1 100 1 10 12 1 1 8 1 10 12 1 1 10 12 1 10 12 1 1 10 12 1 9 7 12 1 1 1 11 100 12 1 1 1 10 100 1 9 12 1 1 9 12 1 1 10 8 1 10 12 1 9 12 1 1 10 11 12 1 1 100 1 10 100 12 1 1 1 10 12 1 1 10 12 1 10 12 1 1 11 12 1 1 9 12 1 1 10 12 1 1 18 12 1 1 10 100 12 1 1 1 100 1 10 12 1 11 100 12 1 1 1 10 12 1 9 12 1 10 12 1 1 100 1 8 1 10 12 1 10 12 1 1 9 12 1 1 11 12 1 1 9 12 1 1 8 1 10 11 12 1 1 11 12 1 1 10 12 1 1 10 12 1 1 9 12 1 10 12 1 10 10 12 1 8 1 10 12 1 8 1 8 1 10 7 12 1 1 1 10 100 12 1 1 1 10 12 1 9 12 1 11 12 1 100 1 10 12 1 10 12 1 1 9 12 1 1 100 1 10 12 1 1 9 12 1 1 10 12 1 10 12 1 11 100 12 1 1 10 7 1 10 12 1 8 1 10 12 1 1 9 12 1 1 10 7 12 1 1 8 1 8 1 8 1 8 1 10 12 1 1 10 12 1 10 12 1 10 12 1 10 12 1 1 10 12 1 1 8 1 9 12 1 10 12 1 1 9 12 1 1 10 12 1 1 9 12 1 8 1 10 100 12 1 1 1 10 12 1 8 1 100 1 8 1 10 9 12 1 1 8 1 10 100 12 1 1 10 100 12 1 1 8 1 8 1 10 12 10 12 1 1 10 100 1 10 100 12 1 1 1 18 11 100 12 1 1 1 18 12 1 11 12 1 1 100 1 10 7 12 1 1 10 12 1 1 8 10 12 1 1 10 7 12 1 1 1 10 7 12 1 1 10 12 1 8 1 10 12 1 100 1 100 1 10 12 1 1 1 1 1 1 1 1 1 1 1 1 1 1 1 1 1 1 1 1 1 1 1 1 1 1 1 1 1 1 1 1 1 1 1 1 1 1 1 1 1 1 1 1 1 1 1 1 1 1 1 1 1 1 1 1 1 1 1 1 1 1 1 1 1 1 1 1 1 1 1 1 1 1 1 1 100 1 1 16 1 15 10 12 16 15 11 100 12 1 1 1 16 1 16 1 15 10 12 16 15 10 100 12 1 1 1 1 1 1 1 1 100 1 100 1 1
staticfield jdk/internal/vm/Continuation U Ljdk/internal/misc/Unsafe; jdk/internal/misc/Unsafe
staticfield jdk/internal/vm/Continuation MOUNTED_OFFSET J 13
staticfield jdk/internal/vm/Continuation PRESERVE_SCOPED_VALUE_CACHE Z 1
staticfield jdk/internal/vm/Continuation JLA Ljdk/internal/access/JavaLangAccess; java/lang/System$1
staticfield jdk/internal/vm/Continuation $assertionsDisabled Z 1
ciInstanceKlass jdk/internal/misc/UnsafeConstants 1 1 34 10 100 12 1 1 1 9 7 12 1 1 1 9 12 1 9 12 1 1 9 12 1 9 12 1 1 1 1 1 1 1 1 1
staticfield jdk/internal/misc/UnsafeConstants ADDRESS_SIZE0 I 8
staticfield jdk/internal/misc/UnsafeConstants PAGE_SIZE I 4096
staticfield jdk/internal/misc/UnsafeConstants BIG_ENDIAN Z 0
staticfield jdk/internal/misc/UnsafeConstants UNALIGNED_ACCESS Z 1
staticfield jdk/internal/misc/UnsafeConstants DATA_CACHE_LINE_FLUSH_SIZE I 0
instanceKlass java/lang/invoke/DelegatingMethodHandle
instanceKlass java/lang/invoke/BoundMethodHandle
instanceKlass java/lang/invoke/DirectMethodHandle
ciInstanceKlass java/lang/invoke/MethodHandle 1 1 734 100 1 9 7 12 1 1 1 10 7 12 1 1 1 10 7 12 1 1 1 7 1 7 1 10 12 1 1 9 12 1 1 10 12 1 10 12 1 1 10 12 1 1 10 100 12 1 1 1 10 12 1 1 10 12 1 1 11 100 12 1 1 1 10 12 1 1 10 12 1 10 12 1 9 12 1 1 9 12 1 1 10 100 12 1 1 1 10 12 1 10 12 1 1 10 12 1 10 12 1 100 1 100 1 10 8 1 10 12 1 1 10 12 1 8 1 10 12 1 1 10 12 1 10 7 12 1 1 1 10 12 1 1 10 12 1 1 10 12 1 1 10 7 12 1 1 1 10 12 1 1 10 12 1 1 10 12 1 10 12 1 1 10 100 12 1 1 10 7 12 1 1 10 12 1 10 12 1 10 12 1 1 10 12 1 1 10 12 1 1 10 12 1 1 10 7 12 1 1 1 10 7 12 1 1 1 10 12 1 1 10 12 1 1 10 12 1 1 8 1 10 7 12 1 1 1 8 1 10 12 1 10 12 1 1 10 12 1 1 10 12 1 8 1 10 12 1 1 8 1 10 12 1 8 1 10 100 12 1 1 1 9 12 1 1 100 1 10 9 100 12 1 1 1 9 100 1 8 1 10 12 1 1 10 12 1 10 12 1 1 10 12 1 10 12 1 1 10 12 1 10 12 1 1 10 12 1 10 12 1 1 10 12 1 1 8 1 10 12 1 1 8 1 10 12 1 10 12 1 1 10 12 1 10 12 1 10 12 1 1 9 100 12 1 1 1 10 12 1 1 11 12 1 10 12 1 10 12 1 1 10 100 12 1 1 100 1 11 12 1 10 100 1 11 12 1 100 1 10 12 1 11 12 1 9 100 12 1 1 1 11 12 1 1 11 100 12 1 1 1 10 12 1 1 9 12 1 11 12 1 9 12 1 9 12 1 9 12 1 11 12 1 1 9 12 1 9 12 1 9 12 1 9 12 1 9 12 1 9 12 1 9 12 1 8 1 10 12 1 10 12 1 8 1 10 12 1 10 12 1 10 12 1 1 10 10 10 7 12 1 1 10 12 1 1 100 1 100 1 8 1 8 1 10 10 12 1 1 10 12 1 10 12 1 100 1 10 100 12 1 1 1 10 9 7 12 1 1 1 10 12 1 1 10 12 1 1 8 1 8 1 10 100 12 1 1 9 12 1 9 12 1 1 9 12 1 1 10 12 1 7 1 10 12 1 10 12 1 1 9 12 1 1 9 12 1 1 10 7 12 1 1 1 11 7 12 1 1 9 12 1 10 12 1 1 9 12 1 10 12 1 8 10 12 1 1 8 1 1 1 1 1 1 1 1 100 1 1 1 1 1 1 1 1 1 1 1 1 1 1 1 1 1 1 1 1 1 1 1 1 1 1 1 1 1 1 1 1 100 1 1 1 1 1 1 1 1 1 1 1 1 1 1 1 1 1 1 1 1 1 1 1 1 1 1 1 1 1 1 1 1 1 1 1 1 1 1 1 1 1 1 1 1 1 1 1 1 1 1 1 1 1 1 1 1 1 1 1 1 1 1 1 1 1 1 1 1 1 1 1 1 1 1 1 1 1 1 1 1 1 1 1 1 1 1 100 1 1 100 1 100 1 100 1 1 100 1 1 100 1 1 1 1
staticfield java/lang/invoke/MethodHandle FORM_OFFSET J 20
staticfield java/lang/invoke/MethodHandle UPDATE_OFFSET J 13
staticfield java/lang/invoke/MethodHandle $assertionsDisabled Z 1
ciInstanceKlass java/lang/invoke/MethodType 1 1 766 7 1 10 7 12 1 1 1 9 12 1 1 9 12 1 1 9 12 1 1 10 7 12 1 1 1 9 7 12 1 1 8 1 10 100 12 1 1 1 9 7 1 9 7 1 10 12 1 1 100 1 10 8 1 10 12 1 1 10 12 1 10 12 1 1 100 1 8 1 10 12 1 100 1 10 10 12 1 10 12 1 1 10 12 1 1 11 7 12 1 1 1 9 12 1 11 12 1 1 7 10 12 1 1 10 12 1 1 7 1 7 1 10 7 12 1 1 1 10 12 1 10 12 1 9 12 1 1 9 12 1 1 10 100 12 1 1 1 100 1 10 10 100 12 1 1 9 12 1 1 10 7 1 10 12 1 1 10 7 12 1 1 1 10 7 12 1 1 1 10 12 1 9 12 1 1 10 12 1 1 10 12 1 1 10 12 1 1 10 12 1 1 10 12 1 1 10 12 1 10 12 1 10 12 1 1 10 12 1 8 1 8 1 10 12 1 1 10 12 1 10 12 1 10 12 1 1 10 12 1 1 10 12 1 10 12 1 10 12 1 8 1 10 12 1 1 10 100 12 1 1 1 10 12 1 10 12 1 1 10 12 1 10 12 1 10 12 1 1 10 12 1 10 12 1 9 12 1 10 12 1 10 10 12 1 1 10 12 1 9 12 1 1 10 12 1 1 11 12 1 1 10 12 1 1 10 12 1 10 12 1 100 1 8 1 8 1 8 1 10 12 1 10 12 1 10 12 1 1 10 10 12 1 11 12 1 1 11 12 1 10 100 12 1 1 1 9 12 1 10 12 1 10 12 1 1 10 12 1 1 10 12 1 10 12 1 10 100 12 1 1 1 10 12 1 1 10 12 1 10 12 1 10 12 1 10 9 12 1 1 7 1 10 12 1 10 100 12 1 1 1 10 12 1 1 10 100 12 1 1 1 10 12 1 1 8 1 10 7 12 1 1 1 11 12 1 1 9 12 1 1 10 12 1 1 10 12 1 10 12 1 1 10 12 1 1 10 100 12 1 1 10 12 1 10 12 100 1 11 100 12 1 1 10 12 1 11 12 1 10 100 12 1 1 10 12 1 1 10 12 1 1 9 12 1 1 9 100 12 1 1 1 10 100 12 1 1 1 9 12 1 10 100 12 1 1 10 12 1 100 10 10 12 1 1 11 100 12 1 1 11 12 1 10 12 1 1 10 12 1 10 12 1 1 10 12 1 10 12 1 1 10 12 1 7 1 10 10 12 1 1 7 1 7 1 9 12 1 1 100 1 100 1 100 1 1 1 5 0 1 1 1 1 1 1 1 3 1 3 1 3 1 1 1 1 1 1 1 1 1 1 1 1 1 1 1 1 1 1 1 1 1 1 1 1 1 1 1 1 1 1 1 1 1 1 1 1 1 1 1 1 1 1 1 1 1 1 1 1 1 1 1 1 1 1 1 1 1 1 1 1 1 1 1 1 1 1 1 1 1 1 1 1 1 1 1 1 1 1 1 1 1 1 1 1 1 1 1 1 1 1 1 1 1 1 1 1 1 1 1 1 1 1 1 1 1 1 1 1 1 1 1 1 1 1 1 1 1 1 1 1 1 1 1 1 1 1 1 1 1 100 1 100 1 1 1 1 1 1 1 1 1 1 1 1 1 100 1 1 1 1 100 1 1 1 100 1 1 1 1 1 1 1 1 1 1 1 1 1 1 1 1 1 1 1 1 1 1 1 100 1 1 100 1 1
staticfield java/lang/invoke/MethodType internTable Ljdk/internal/util/ReferencedKeySet; jdk/internal/util/ReferencedKeySet
staticfield java/lang/invoke/MethodType NO_PTYPES [Ljava/lang/Class; 0 [Ljava/lang/Class;
staticfield java/lang/invoke/MethodType objectOnlyTypes [Ljava/lang/invoke/MethodType; 20 [Ljava/lang/invoke/MethodType;
staticfield java/lang/invoke/MethodType METHOD_HANDLE_ARRAY [Ljava/lang/Class; 1 [Ljava/lang/Class;
staticfield java/lang/invoke/MethodType serialPersistentFields [Ljava/io/ObjectStreamField; 0 [Ljava/io/ObjectStreamField;
staticfield java/lang/invoke/MethodType $assertionsDisabled Z 1
ciInstanceKlass java/lang/invoke/TypeDescriptor$OfMethod 1 0 43 100 1 100 1 100 1 1 1 1 1 1 1 1 1 1 1 1 1 1 1 1 1 1 1 1 1 1 1 1 1 1 1 1 1 1 1 1 1 1 100 1 1
instanceKlass jdk/internal/reflect/DirectMethodHandleAccessor
ciInstanceKlass jdk/internal/reflect/MethodAccessorImpl 1 1 38 10 7 12 1 1 1 10 100 12 1 1 1 100 1 1 1 1 1 1 1 100 1 100 1 1 1 1 1 1 1 1 1 1 1 1 1 1
ciInstanceKlass jdk/internal/reflect/MethodAccessor 1 0 17 100 1 100 1 1 1 1 100 1 100 1 1 1 1 1 1
ciInstanceKlass jdk/internal/reflect/CallerSensitive 0 0 17 100 1 100 1 100 1 1 1 1 1 1 1 1 1 1 1
ciInstanceKlass jdk/internal/reflect/DirectConstructorHandleAccessor$NativeAccessor 1 1 44 10 7 12 1 1 1 9 7 12 1 1 1 10 12 1 1 1 1 1 1 1 1 1 1 1 1 1 1 1 1 1 100 1 100 1 1 1 1 1 100 1 1 1
ciInstanceKlass jdk/internal/reflect/ConstructorAccessor 1 0 16 100 1 100 1 1 1 1 100 1 100 1 100 1 1 1
instanceKlass jdk/internal/reflect/DirectConstructorHandleAccessor
instanceKlass jdk/internal/reflect/DirectConstructorHandleAccessor$NativeAccessor
ciInstanceKlass jdk/internal/reflect/ConstructorAccessorImpl 1 1 27 10 7 12 1 1 1 100 1 100 1 1 1 1 1 1 1 1 1 100 1 100 1 100 1 1 1
ciInstanceKlass jdk/internal/reflect/ConstantPool 1 1 142 10 100 12 1 1 1 9 7 12 1 1 1 10 12 1 1 10 12 1 1 10 12 1 10 12 1 1 10 12 1 1 10 12 1 10 12 1 1 10 12 1 10 12 1 1 10 12 1 10 12 1 10 12 1 10 12 1 1 10 12 1 1 10 12 1 1 10 12 1 1 10 12 1 10 12 1 1 10 100 12 1 1 1 8 11 7 12 1 1 1 10 7 12 1 1 1 1 1 1 1 1 1 1 1 1 1 1 1 1 1 1 1 1 1 1 1 1 1 1 1 1 1 1 1 1 1 1 1 1 1 1 1 1 1 1 1 1 1 1 1 1
instanceKlass java/lang/invoke/VolatileCallSite
instanceKlass java/lang/invoke/MutableCallSite
instanceKlass java/lang/invoke/ConstantCallSite
ciInstanceKlass java/lang/invoke/CallSite 1 1 297 10 7 12 1 1 1 10 7 12 1 1 1 9 12 1 1 10 7 12 1 1 1 10 12 1 100 1 10 12 1 1 10 12 1 1 9 100 12 1 1 1 10 100 12 1 1 10 12 1 1 100 1 100 1 10 10 100 12 1 1 1 10 12 1 1 8 1 10 12 1 10 12 1 1 10 12 1 10 12 1 1 10 12 1 1 10 10 100 12 1 1 10 12 1 1 9 12 1 9 100 12 1 1 1 8 1 10 7 12 1 1 1 10 12 1 1 100 1 10 12 1 1 9 12 1 8 1 100 1 10 12 1 10 12 1 100 1 8 1 10 10 12 1 10 12 1 1 100 1 10 12 1 1 10 12 1 10 12 1 10 12 1 1 10 12 1 1 9 12 1 1 8 10 12 1 1 9 12 1 1 100 1 10 10 12 1 10 100 12 1 1 1 10 12 1 1 10 12 1 1 10 12 1 10 7 12 1 1 1 100 1 8 1 10 10 12 10 12 1 1 100 1 100 1 100 1 8 1 10 12 1 10 7 12 1 1 1 1 1 1 1 1 1 1 1 1 1 1 1 1 1 1 1 1 1 1 1 1 1 1 1 1 1 1 1 1 1 1 1 1 1 1 1 1 1 1 1 1 1 1 1 1 1 1 1 1 1 1 1 1 100 1 100 1 1 1
staticfield java/lang/invoke/CallSite $assertionsDisabled Z 1
ciInstanceKlass java/lang/invoke/ConstantCallSite 1 1 65 10 7 12 1 1 1 9 7 12 1 1 1 9 12 1 1 10 7 12 1 1 1 10 12 1 100 1 10 12 9 12 1 1 100 1 10 10 12 1 1 10 12 1 1 1 1 1 1 1 1 1 1 1 1 1 100 1 1 1 1 1 1 1 1
staticfield java/lang/invoke/ConstantCallSite UNSAFE Ljdk/internal/misc/Unsafe; jdk/internal/misc/Unsafe
instanceKlass java/lang/invoke/DirectMethodHandle$Special
instanceKlass java/lang/invoke/DirectMethodHandle$StaticAccessor
instanceKlass java/lang/invoke/DirectMethodHandle$Interface
instanceKlass java/lang/invoke/DirectMethodHandle$Constructor
instanceKlass java/lang/invoke/DirectMethodHandle$Accessor
ciInstanceKlass java/lang/invoke/DirectMethodHandle 1 1 931 7 1 7 1 100 1 7 1 7 1 10 7 12 1 1 1 10 7 12 1 1 1 100 1 10 12 1 10 12 1 1 10 7 12 1 1 10 12 1 1 10 12 1 10 12 1 7 1 10 12 1 1 10 12 1 1 10 12 1 10 12 1 1 10 7 12 1 1 1 10 12 1 9 12 1 1 100 1 10 9 12 1 1 9 12 1 10 12 1 10 12 1 10 12 1 1 10 12 1 10 12 1 10 12 1 10 7 12 1 1 1 10 12 1 10 12 1 1 8 1 10 12 1 1 7 1 10 12 1 7 1 10 10 12 1 10 12 1 10 12 1 10 7 12 1 1 1 10 12 1 1 7 1 10 12 1 10 12 1 7 1 10 12 1 10 12 1 1 10 12 1 1 10 12 8 10 100 12 1 1 1 10 12 1 10 12 1 10 12 1 1 10 12 1 9 7 12 1 1 1 7 1 10 12 1 10 7 12 1 1 1 10 12 1 10 12 1 1 9 12 1 1 100 1 10 8 1 10 12 1 1 10 12 1 1 8 1 10 12 1 10 12 1 10 10 12 1 10 12 1 10 12 1 10 12 1 10 12 1 1 10 12 1 10 12 1 1 10 12 1 10 12 1 1 10 10 7 12 1 1 1 10 12 1 10 12 1 1 10 12 1 10 12 1 1 8 1 9 7 12 1 1 1 8 1 9 12 1 9 12 1 8 1 9 12 1 9 12 1 8 1 9 12 1 9 12 1 8 1 10 12 1 10 12 1 1 10 7 12 1 1 1 10 12 1 10 12 1 1 9 12 1 1 7 1 10 12 1 1 100 1 10 7 12 1 1 1 10 12 1 1 10 12 1 1 7 1 10 12 1 1 10 12 1 10 12 1 1 7 1 10 12 1 1 10 12 1 10 12 1 10 12 1 1 10 12 1 9 12 1 1 10 7 1 9 12 1 9 12 1 10 7 12 1 1 1 10 12 1 7 1 7 1 7 1 9 12 1 1 10 7 12 1 1 1 10 12 10 12 1 7 1 10 12 1 10 12 1 1 8 1 9 12 1 9 12 1 10 12 1 1 9 12 1 1 10 7 12 1 1 1 9 12 1 1 9 12 1 1 10 12 1 10 12 1 10 12 1 10 12 1 1 10 12 1 9 12 1 10 12 1 10 12 1 10 12 1 10 12 1 1 10 12 1 1 9 12 1 1 10 12 1 1 9 7 12 1 1 1 9 12 1 9 12 1 9 12 1 9 12 1 9 12 1 9 12 1 9 12 1 9 12 1 9 12 1 9 12 1 9 12 1 9 12 1 9 12 1 9 12 1 9 12 1 9 12 1 9 12 1 9 12 1 9 12 1 9 12 1 9 12 1 9 12 1 9 12 1 9 12 1 9 12 1 9 12 1 9 12 1 9 12 1 9 12 1 9 12 1 9 12 1 9 12 1 9 12 1 9 12 1 9 12 1 9 12 1 8 1 9 12 1 1 9 12 1 1 10 12 1 10 12 1 1 9 7 1 10 12 1 9 12 1 1 10 12 10 12 1 10 12 1 10 12 1 10 12 1 10 8 1 8 1 8 1 8 1 10 12 1 1 9 12 1 1 10 12 1 10 100 12 1 1 1 8 9 12 1 1 10 12 1 1 8 1 8 8 9 12 1 8 1 8 8 8 8 8 1 8 10 12 1 7 1 10 12 1 8 1 8 1 10 12 1 10 12 1 10 12 1 10 12 1 1 7 1 1 1 1 3 1 3 1 3 1 3 1 3 1 3 1 3 1 3 1 3 1 3 1 1 1 1 1 1 1 1 1 1 3 1 3 1 1 1 1 3 1 1 1 1 1 1 1 1 1 1 1 1 1 1 1 1 1 1 1 1 1 1 1 1 1 1 1 1 1 1 1 1 1 1 1 1 1 1 1 1 1 1 1 1 1 1 1 1 1 1 1 1 1 1 1 1 1 1 1 1 1 100 1 1 1 1 1 1 1 1 1 100 1 1 1 1 1 1 1 1 1 1 1 1 1 1 1 1 1 1 1 1 1 1 1 1 1 1 1 1 1 1 1 1 1 1 1 1 1 1 1 1 1 1 1 1 1 1 1 1 1 1 1 1
staticfield java/lang/invoke/DirectMethodHandle IMPL_NAMES Ljava/lang/invoke/MemberName$Factory; java/lang/invoke/MemberName$Factory
staticfield java/lang/invoke/DirectMethodHandle FT_UNCHECKED_REF I 8
staticfield java/lang/invoke/DirectMethodHandle ACCESSOR_FORMS [Ljava/lang/invoke/LambdaForm; 132 [Ljava/lang/invoke/LambdaForm;
staticfield java/lang/invoke/DirectMethodHandle ALL_WRAPPERS [Lsun/invoke/util/Wrapper; 10 [Lsun/invoke/util/Wrapper;
staticfield java/lang/invoke/DirectMethodHandle NFS [Ljava/lang/invoke/LambdaForm$NamedFunction; 12 [Ljava/lang/invoke/LambdaForm$NamedFunction;
staticfield java/lang/invoke/DirectMethodHandle OBJ_OBJ_TYPE Ljava/lang/invoke/MethodType; java/lang/invoke/MethodType
staticfield java/lang/invoke/DirectMethodHandle LONG_OBJ_TYPE Ljava/lang/invoke/MethodType; java/lang/invoke/MethodType
staticfield java/lang/invoke/DirectMethodHandle $assertionsDisabled Z 1
ciInstanceKlass java/lang/invoke/MutableCallSite 0 0 61 10 100 12 1 1 1 10 12 1 9 100 12 1 1 1 10 12 1 10 12 1 1 9 100 12 1 1 1 10 100 12 1 1 1 10 100 12 1 1 1 1 1 1 1 1 1 1 1 1 1 1 1 1 1 1 1 1 100 1 1
ciInstanceKlass java/lang/invoke/VolatileCallSite 0 0 37 10 100 12 1 1 1 10 12 1 10 100 12 1 1 1 10 12 1 10 12 1 1 1 1 1 1 1 1 1 1 1 1 1 1 1 1
instanceKlass java/lang/invoke/VarHandleReferences$Array
instanceKlass java/lang/invoke/VarHandleLongs$Array
instanceKlass java/lang/invoke/VarHandleLongs$FieldInstanceReadOnly
instanceKlass java/lang/invoke/VarHandleBooleans$FieldInstanceReadOnly
instanceKlass java/lang/invoke/LazyInitializingVarHandle
instanceKlass java/lang/invoke/VarHandleReferences$FieldStaticReadOnly
instanceKlass java/lang/invoke/VarHandleByteArrayAsDoubles$ByteArrayViewVarHandle
instanceKlass java/lang/invoke/VarHandleByteArrayAsLongs$ByteArrayViewVarHandle
instanceKlass java/lang/invoke/VarHandleByteArrayAsFloats$ByteArrayViewVarHandle
instanceKlass java/lang/invoke/VarHandleByteArrayAsInts$ByteArrayViewVarHandle
instanceKlass java/lang/invoke/VarHandleByteArrayAsChars$ByteArrayViewVarHandle
instanceKlass java/lang/invoke/VarHandleByteArrayAsShorts$ByteArrayViewVarHandle
instanceKlass java/lang/invoke/VarHandleReferences$FieldInstanceReadOnly
instanceKlass java/lang/invoke/VarHandleInts$FieldInstanceReadOnly
ciInstanceKlass java/lang/invoke/VarHandle 1 1 474 10 7 12 1 1 1 10 7 12 1 1 9 12 1 1 9 12 1 1 10 12 1 1 8 1 10 12 1 1 10 7 12 1 1 1 10 12 1 1 10 100 12 1 1 1 9 100 12 1 1 1 10 12 1 1 10 100 12 1 1 1 10 12 1 1 9 12 1 10 12 1 9 12 1 1 10 7 12 1 1 10 12 1 9 100 12 1 1 1 9 12 1 1 10 12 1 1 100 1 100 1 10 8 1 10 12 1 1 10 12 1 8 1 10 12 1 10 12 1 9 12 1 1 9 12 1 10 12 1 10 12 1 1 10 12 1 10 10 100 12 1 1 1 10 12 1 1 10 12 1 1 10 100 12 1 1 1 10 100 12 1 1 1 10 100 12 1 1 1 9 12 1 1 9 10 12 1 10 12 1 1 10 12 1 1 10 12 1 10 100 12 1 1 1 9 12 1 1 10 12 1 1 9 12 1 10 12 1 10 12 1 10 100 12 1 1 100 1 10 9 7 12 1 1 1 9 12 1 1 10 7 12 1 1 1 10 12 1 10 12 1 10 12 1 10 12 1 10 12 1 10 12 1 1 8 10 12 1 1 7 1 10 12 1 1 100 1 1 1 1 1 1 1 1 1 1 1 1 1 1 1 1 1 1 1 1 1 1 1 1 1 1 1 1 1 1 1 1 1 1 1 1 1 1 1 1 1 1 1 1 1 1 1 1 1 1 1 1 1 1 1 1 1 1 1 1 1 1 1 1 1 100 1 1 1 1 1 1 1 1 100 1 1 1 1 1 1 1 1 1 1 1 1 100 1 100 1 1 100 1 100 1 100 1 100 1 100 1 100 1 100 1 100 1 100 1 100 1 100 1 100 1 100 1 100 1 100 1 100 1 100 1 100 1 100 1 100 1 100 1 100 1 100 1 100 1 100 1 100 1 100 1 100 1 100 1 100 1 100 1 100 1 100 1 100 1 100 1 100 1 1 1 1 1 1 100 1 1 1 100 1 1 100 1 100 1 100 1 100 1 100 1 100 1 1 1 1 100 1 100 1 100 1 100 1 100 1 100 1 100 1 100 1
staticfield java/lang/invoke/VarHandle VFORM_OFFSET J 16
staticfield java/lang/invoke/VarHandle $assertionsDisabled Z 1
ciInstanceKlass java/lang/invoke/MemberName 1 1 728 7 1 7 1 100 1 9 12 1 1 10 7 12 1 1 1 9 12 1 1 10 12 1 1 10 12 1 1 10 12 1 1 10 12 1 10 12 1 1 10 7 12 1 1 1 10 12 1 9 7 12 1 1 10 12 1 100 1 100 1 10 12 1 8 1 10 12 1 1 10 12 1 10 12 1 1 10 12 1 9 12 1 1 8 1 10 100 12 1 1 1 7 1 10 10 12 1 1 7 1 7 1 10 12 1 9 12 1 1 100 1 8 1 10 12 1 10 12 1 10 12 1 10 12 1 10 12 1 1 10 12 1 10 12 1 10 12 1 1 8 1 8 1 10 12 1 8 1 9 12 1 1 3 10 12 1 10 12 1 10 12 1 10 10 7 12 1 1 1 10 12 1 10 12 1 10 12 1 10 12 1 7 1 8 10 12 1 1 10 12 1 1 8 1 9 100 1 8 9 100 1 10 12 1 1 10 12 1 10 12 1 8 1 10 12 1 1 10 12 1 10 12 1 10 12 1 10 12 1 1 100 1 10 12 1 1 10 12 1 8 1 10 12 1 10 12 1 8 1 10 12 1 1 10 12 1 1 100 1 10 12 1 1 10 12 8 1 8 1 100 1 10 12 1 10 100 12 1 1 1 100 1 10 12 10 12 1 10 12 1 10 12 1 10 12 1 10 10 12 1 10 12 1 10 12 1 3 10 12 1 3 10 12 1 3 3 3 3 3 3 10 12 1 3 9 12 1 10 12 1 1 3 10 12 1 10 10 7 12 1 1 1 10 12 1 1 10 7 12 1 1 10 10 12 1 10 12 1 1 10 12 1 10 10 12 1 1 10 12 1 10 12 1 10 12 1 100 1 10 10 10 12 100 1 10 10 10 12 1 1 10 12 1 1 10 10 12 1 8 10 7 1 10 12 1 10 7 1 10 12 1 10 12 1 10 12 1 10 10 12 1 10 12 1 1 10 12 1 1 10 12 1 10 12 1 10 12 1 100 1 10 12 1 1 100 1 8 1 10 7 1 10 12 1 10 12 10 12 1 1 10 12 1 10 12 1 8 1 8 1 8 1 8 1 10 12 1 10 12 1 10 7 12 1 1 1 8 1 8 1 10 12 1 8 1 10 10 10 12 1 10 12 1 8 1 8 1 10 10 12 1 8 1 10 100 12 1 1 1 8 1 100 1 10 12 1 10 12 1 1 10 12 1 8 1 8 1 8 1 8 1 100 1 10 8 1 8 1 8 1 8 1 10 12 1 100 1 100 1 100 1 10 100 1 10 100 1 10 100 12 1 1 1 9 7 12 1 1 1 100 1 100 1 1 1 1 1 1 1 3 1 3 1 3 1 3 1 3 1 3 1 1 1 1 1 1 1 1 3 1 3 1 1 1 1 1 1 1 1 1 1 1 1 1 1 1 1 1 1 1 1 1 1 1 1 1 1 1 1 1 1 1 1 1 1 1 1 1 1 1 1 1 1 1 1 1 1 1 1 1 1 1 1 1 1 1 1 1 1 1 1 1 1 1 1 1 1 1 1 1 1 1 1 1 1 1 1 1 1 1 1 1 1 1 1 1 1 1 1 1 1 1 1 1 1 1 1 1 1 1 100 1 1 1 1 1 1 1 1 1 1 1 1 1 1 1 1
staticfield java/lang/invoke/MemberName $assertionsDisabled Z 1
ciInstanceKlass java/lang/invoke/ResolvedMethodName 1 1 25 10 100 12 1 1 1 9 7 12 1 1 1 1 1 1 1 1 1 1 1 1 1 1 1
ciInstanceKlass java/lang/invoke/MethodHandleNatives 1 1 706 100 1 10 7 12 1 1 1 9 7 12 1 1 1 10 12 1 1 100 1 10 10 12 1 1 10 12 1 10 12 1 8 1 8 1 8 1 8 1 8 1 8 1 8 1 8 1 8 1 8 1 10 12 1 1 7 1 10 7 12 1 1 1 10 100 12 1 1 1 7 1 10 10 12 1 1 8 1 10 12 1 8 1 10 12 1 1 8 1 10 12 1 1 9 7 12 1 1 1 8 1 10 100 12 1 1 1 100 1 10 12 100 1 100 1 8 1 7 1 10 10 12 1 7 1 9 7 12 1 1 10 12 1 1 10 12 1 10 7 12 1 1 1 10 12 1 1 9 12 1 8 1 10 12 1 1 10 12 1 8 1 10 12 1 1 7 1 10 12 1 10 7 12 1 1 1 10 12 1 10 12 1 1 10 12 1 1 8 1 10 12 1 1 8 1 10 12 1 8 1 8 1 8 1 100 1 10 12 1 8 1 10 100 12 1 1 1 10 12 1 1 10 100 12 1 1 10 10 12 1 1 10 12 1 10 100 12 1 1 1 100 1 8 1 10 100 12 1 1 1 7 1 8 1 10 12 1 8 1 8 1 8 1 8 1 8 1 10 12 1 1 10 12 1 1 10 12 1 10 12 1 1 10 12 1 1 7 1 10 12 1 100 1 100 1 10 12 1 10 12 1 8 1 8 1 10 10 12 1 1 10 12 1 1 8 1 10 100 12 1 1 8 1 8 1 10 12 1 1 10 7 12 1 1 1 100 1 10 12 1 1 7 1 9 12 1 1 10 7 12 1 1 1 10 10 12 1 9 12 1 10 12 1 9 12 1 9 12 1 10 12 1 1 10 12 1 10 12 1 1 7 1 7 1 10 12 1 1 10 12 1 10 12 1 1 10 7 12 1 1 1 10 12 1 8 1 10 12 1 10 12 1 10 12 1 1 10 12 1 10 7 12 1 1 1 10 12 1 1 100 1 8 1 10 9 7 12 1 1 1 10 12 1 1 10 12 1 1 100 1 10 12 1 1 10 12 1 1 100 1 100 1 10 10 100 1 100 1 10 100 1 10 10 12 1 1 10 100 1 10 12 1 10 12 1 1 10 12 1 1 10 12 1 1 10 12 1 10 12 1 1 10 8 1 10 12 1 10 12 1 10 12 1 10 12 1 10 12 1 1 10 12 1 10 12 1 10 12 1 10 10 7 12 1 1 10 12 1 8 1 8 1 10 12 1 1 10 7 12 1 1 1 9 12 1 1 1 1 1 1 1 1 1 1 1 1 1 100 1 1 1 1 1 1 1 1 1 1 1 1 1 1 1 1 1 1 1 1 1 1 1 1 1 1 1 1 1 1 1 1 1 1 1 1 1 1 1 1 1 1 1 1 1 1 1 1 1 1 1 1 1 1 1 1 1 1 1 1 1 1 1 100 1 1 1 1 1 1 1 1 1 1 1 1 1 1 1 1 1 1 1 1 1 1 1 1 1 1 1 1 1 1 1 1 1 1 1 100 1 1 1 1 1 1 1 1 1 1 1 1 1 1 1 1 1 1 1 1 1 1 1 1 1 1 1 1 1 1 1 1 1 1 100 1 1
staticfield java/lang/invoke/MethodHandleNatives USE_SOFT_CACHE Z 1
staticfield java/lang/invoke/MethodHandleNatives $assertionsDisabled Z 1
ciInstanceKlass java/lang/invoke/LambdaForm 1 1 1051 7 1 100 1 10 7 12 1 1 1 9 12 1 1 9 12 1 9 12 1 9 12 1 1 9 12 1 1 9 12 1 1 9 12 1 1 9 12 1 1 9 12 1 10 7 12 1 1 9 12 1 10 12 1 1 100 1 10 10 12 1 1 10 12 1 10 12 1 10 12 1 1 10 12 1 9 12 1 9 12 1 10 12 1 1 10 7 12 1 1 1 10 12 1 1 9 100 12 1 1 1 10 12 1 1 9 7 12 1 1 10 12 1 10 12 1 1 10 12 1 1 10 12 1 1 7 1 10 7 12 1 1 1 10 12 1 1 10 12 1 10 12 1 1 9 12 1 1 9 12 1 9 12 1 1 10 12 1 9 12 1 10 100 12 1 1 1 10 12 1 1 100 1 10 12 1 9 12 1 1 10 100 12 1 1 1 10 12 1 10 12 1 7 1 10 12 1 10 12 1 10 12 1 1 10 12 1 1 10 12 1 10 12 1 10 12 1 10 12 1 1 8 1 10 12 1 10 12 1 10 10 12 1 8 1 8 1 9 12 1 9 12 1 1 9 12 1 10 7 12 1 1 1 10 12 1 1 10 12 1 10 12 1 1 10 12 1 10 12 1 10 100 12 1 1 1 9 12 1 10 12 1 8 1 8 1 8 1 8 1 8 1 8 1 8 1 8 1 10 12 1 9 12 1 7 1 10 12 1 1 9 12 1 10 12 1 10 12 1 1 10 12 10 12 1 10 12 1 1 10 12 1 1 10 10 12 1 1 10 12 1 1 7 1 8 1 10 12 1 1 10 12 1 10 12 1 1 10 8 1 10 12 1 1 8 1 8 1 8 1 10 12 1 10 12 1 10 12 1 1 100 1 10 12 1 1 10 12 1 1 10 7 12 1 1 1 10 12 1 1 9 12 1 1 8 1 10 100 12 1 1 1 10 7 12 1 1 10 12 10 12 1 1 10 12 1 1 9 12 1 8 10 12 1 1 100 1 10 12 1 1 10 12 1 9 7 12 1 1 9 100 12 1 1 1 8 1 10 100 12 1 1 10 12 1 1 100 1 100 1 10 10 12 1 1 10 12 1 1 8 1 8 1 100 1 8 1 10 12 10 12 1 10 12 1 10 12 1 1 8 1 8 1 10 12 1 10 12 1 1 8 1 8 1 8 1 100 1 8 1 100 1 8 1 100 1 8 1 10 12 1 8 1 9 10 7 12 1 1 1 10 12 1 9 12 1 1 10 12 1 10 10 12 1 10 12 1 10 12 1 10 12 1 1 10 12 1 10 12 1 1 10 12 1 1 10 12 1 1 10 12 1 1 8 1 100 10 12 1 10 12 1 9 12 1 1 10 7 12 1 1 8 1 8 1 100 1 8 1 8 1 8 1 8 1 8 1 8 1 8 1 8 1 10 12 1 1 10 12 1 1 10 12 1 10 12 1 10 12 1 10 12 1 8 1 8 1 8 1 10 12 1 8 1 10 12 1 8 1 8 1 8 1 8 1 8 1 10 12 1 10 12 1 10 12 1 1 10 7 12 1 1 1 10 12 1 10 12 1 10 12 1 10 12 1 10 12 1 9 12 1 1 8 1 10 12 1 1 9 12 1 9 12 1 1 10 12 1 1 9 12 1 9 12 1 1 9 12 1 9 12 1 1 7 1 10 7 12 1 1 1 9 12 1 10 12 1 10 12 1 8 1 10 12 1 9 12 1 1 7 1 10 7 12 1 1 1 8 1 100 1 10 12 1 9 12 1 10 12 1 10 12 1 10 7 12 1 1 1 10 12 1 9 7 12 1 1 10 12 1 1 10 12 1 10 12 1 10 12 1 9 12 10 12 1 10 10 12 1 9 12 1 9 9 12 1 7 9 12 1 1 10 12 1 1 9 12 1 10 12 1 10 7 1 9 1 1 1 1 3 1 3 1 1 3 1 3 1 1 1 1 1 1 1 1 1 1 1 1 1 1 1 1 1 1 1 1 1 1 1 1 1 1 1 1 1 1 1 1 1 1 1 1 1 1 1 1 1 1 1 1 1 1 1 1 1 100 1 1 1 1 1 1 1 1 1 1 1 1 1 1 1 1 1 1 1 1 1 1 1 1 1 1 1 1 1 1 1 1 1 1 1 1 1 1 1 1 1 1 1 1 1 1 1 1 1 1 1 1 1 1 1 1 1 1 1 1 1 1 1 1 100 1 1 1 1 1 1 1 1 1 1 1 1 1 1 1 1 1 1 1 1 1 1 1 1 1 1 1 1 1 1 1 1 1 1 1 1 100 1 1 1 1 1 1 1 1 1 1 1 1 1 1 1 1 1 1 1 1 1 1 100 1 1 1 100 1 1 100 1 1 1 1 1 1 1 1 1 1 1
staticfield java/lang/invoke/LambdaForm DEFAULT_CUSTOMIZED Ljava/lang/invoke/MethodHandle; 
staticfield java/lang/invoke/LambdaForm DEFAULT_KIND Ljava/lang/invoke/LambdaForm$Kind; java/lang/invoke/LambdaForm$Kind
staticfield java/lang/invoke/LambdaForm COMPILE_THRESHOLD I 0
staticfield java/lang/invoke/LambdaForm INTERNED_ARGUMENTS [[Ljava/lang/invoke/LambdaForm$Name; 5 [[Ljava/lang/invoke/LambdaForm$Name;
staticfield java/lang/invoke/LambdaForm IMPL_NAMES Ljava/lang/invoke/MemberName$Factory; java/lang/invoke/MemberName$Factory
staticfield java/lang/invoke/LambdaForm LF_identity [Ljava/lang/invoke/LambdaForm; 6 [Ljava/lang/invoke/LambdaForm;
staticfield java/lang/invoke/LambdaForm LF_zero [Ljava/lang/invoke/LambdaForm; 6 [Ljava/lang/invoke/LambdaForm;
staticfield java/lang/invoke/LambdaForm NF_identity [Ljava/lang/invoke/LambdaForm$NamedFunction; 6 [Ljava/lang/invoke/LambdaForm$NamedFunction;
staticfield java/lang/invoke/LambdaForm NF_zero [Ljava/lang/invoke/LambdaForm$NamedFunction; 6 [Ljava/lang/invoke/LambdaForm$NamedFunction;
staticfield java/lang/invoke/LambdaForm createFormsLock Ljava/lang/Object; java/lang/Object
staticfield java/lang/invoke/LambdaForm DEBUG_NAME_COUNTERS Ljava/util/HashMap; 
staticfield java/lang/invoke/LambdaForm DEBUG_NAMES Ljava/util/HashMap; 
staticfield java/lang/invoke/LambdaForm TRACE_INTERPRETER Z 0
staticfield java/lang/invoke/LambdaForm $assertionsDisabled Z 1
ciInstanceKlass jdk/internal/foreign/abi/NativeEntryPoint 0 0 223 10 100 12 1 1 1 9 100 12 1 1 1 9 12 1 1 100 1 8 1 10 12 1 10 12 1 1 100 1 10 100 12 1 1 1 10 12 1 9 12 1 1 18 12 1 1 10 100 12 1 1 1 9 100 12 1 1 1 8 1 10 12 1 1 8 1 8 1 8 1 8 1 10 100 12 1 1 1 100 1 10 10 12 1 1 8 1 10 12 1 8 1 10 12 1 10 12 1 1 10 12 1 1 100 1 8 1 10 12 1 10 12 1 1 100 1 8 1 10 10 12 1 9 12 1 1 18 12 1 1 10 100 12 1 1 1 10 12 1 1 10 12 1 10 100 12 1 1 1 10 1 1 1 1 1 1 1 1 1 1 1 1 1 1 1 1 1 1 1 1 1 1 1 1 1 1 1 1 1 1 1 1 1 1 1 1 1 1 1 1 1 1 1 1 16 1 15 10 12 16 1 16 15 10 12 15 10 100 12 1 1 1 1 1 100 1 1 100 1 100 1 1
ciInstanceKlass jdk/internal/foreign/abi/ABIDescriptor 0 0 55 10 100 12 1 1 1 9 100 12 1 1 1 9 12 1 1 9 12 1 9 12 1 9 12 1 1 9 12 1 9 12 1 1 9 12 1 9 12 1 9 12 1 9 12 1 1 1 1 1 1 1 1 1 1
ciInstanceKlass jdk/internal/foreign/abi/VMStorage 0 0 91 10 100 12 1 1 1 9 100 12 1 1 1 9 12 1 1 9 12 1 1 9 12 1 1 100 1 10 8 1 10 12 1 1 10 12 1 10 12 1 1 10 12 1 18 12 1 18 12 1 1 18 12 1 1 1 1 1 1 1 1 1 1 1 1 1 1 1 1 1 1 1 8 1 15 15 15 15 15 10 100 12 1 1 1 1 100 1 100 1 1
ciInstanceKlass jdk/internal/foreign/abi/UpcallLinker$CallRegs 0 0 66 10 100 12 1 1 1 9 100 12 1 1 1 9 12 1 18 12 1 1 18 12 1 1 18 12 1 1 1 1 1 1 1 1 1 1 1 1 1 1 1 1 1 1 100 1 1 1 8 1 15 15 15 10 100 12 1 1 1 1 1 100 1 100 1 1
instanceKlass java/lang/StackFrameInfo
ciInstanceKlass java/lang/ClassFrameInfo 1 1 126 10 7 12 1 1 1 9 7 12 1 1 1 7 1 3 9 12 1 1 9 12 1 1 100 1 9 12 1 1 3 11 100 12 1 1 1 11 12 1 10 12 1 1 10 12 1 1 10 12 1 100 1 10 10 12 1 1 8 1 8 1 10 12 100 1 10 10 12 1 1 8 1 10 12 1 8 1 10 12 8 1 10 12 1 10 7 12 1 1 1 100 1 1 1 1 1 1 1 1 1 1 1 1 1 1 1 1 1 1 1 1 1 1 1 1 1 1 1 100 1 1 1 1 1 1
staticfield java/lang/ClassFrameInfo JLIA Ljdk/internal/access/JavaLangInvokeAccess; java/lang/invoke/MethodHandleImpl$1
ciInstanceKlass java/lang/StackWalker$StackFrame 1 1 41 100 1 10 12 1 1 100 1 100 1 1 1 1 1 1 1 1 1 1 1 1 1 1 1 1 1 1 1 1 1 1 1 1 1 1 1 100 1 1 1
ciInstanceKlass java/lang/StackWalker 1 1 236 9 7 12 1 1 1 10 7 12 1 1 1 7 1 10 7 12 1 1 1 10 12 1 1 11 7 12 1 1 1 10 12 1 1 10 12 1 1 100 1 8 1 10 12 1 10 12 1 10 12 1 10 7 12 1 1 9 12 1 1 9 12 1 1 9 12 1 1 9 12 1 1 10 12 1 1 9 12 1 1 9 12 1 1 9 12 1 1 9 12 1 1 10 12 1 1 10 7 12 1 1 1 10 7 12 1 1 1 18 12 1 1 100 1 8 1 10 8 1 10 12 1 1 10 100 12 1 1 1 10 12 1 1 10 12 1 11 12 1 1 9 7 12 1 1 11 100 12 1 1 1 10 12 1 1 1 1 1 1 1 1 1 1 1 1 1 1 1 1 1 1 1 1 1 1 1 1 1 1 1 1 1 1 1 1 1 1 1 1 1 1 1 1 1 1 1 1 1 1 1 1 1 1 1 1 1 1 1 100 1 1 16 15 10 12 16 1 15 10 100 12 1 1 1 1 1 1 1 1 1 100 1 100 1 1
staticfield java/lang/StackWalker DEFAULT_EMPTY_OPTION Ljava/util/EnumSet; java/util/RegularEnumSet
staticfield java/lang/StackWalker DEFAULT_WALKER Ljava/lang/StackWalker; java/lang/StackWalker
instanceKlass java/lang/LiveStackFrameInfo
ciInstanceKlass java/lang/StackFrameInfo 1 1 150 10 7 12 1 1 1 9 7 12 1 1 1 9 12 1 1 11 7 12 1 1 1 10 12 1 1 10 7 12 1 1 1 9 12 1 1 10 12 1 1 9 12 1 1 100 1 10 12 10 12 1 9 12 1 100 1 100 1 10 12 1 1 11 12 1 1 10 12 1 10 12 1 10 12 1 1 9 12 1 1 10 12 1 1 10 100 12 1 1 10 12 1 1 9 12 1 10 100 12 1 1 1 9 12 1 1 10 100 1 10 12 1 9 12 1 1 10 12 1 1 10 12 1 1 1 1 1 1 1 1 1 1 1 1 1 1 1 1 100 1 100 1 1 1 1 1 1 1 1
staticfield java/lang/StackFrameInfo $assertionsDisabled Z 1
ciInstanceKlass java/lang/LiveStackFrameInfo 0 0 97 10 100 12 1 1 1 9 100 12 1 1 1 9 12 1 9 12 1 9 12 1 9 12 1 1 100 1 10 12 1 1 10 12 1 8 1 10 12 1 1 8 1 8 1 8 1 10 100 1 10 12 1 100 1 10 12 1 100 1 100 1 1 1 3 1 3 1 1 1 1 1 1 1 1 1 1 1 1 1 1 1 1 1 1 1 1 1 1 1 1 1 1 1 100 1 1
ciInstanceKlass java/lang/LiveStackFrame 0 0 112 100 1 10 100 12 1 1 1 11 100 12 1 1 1 11 12 1 9 100 12 1 1 1 10 100 12 1 1 1 10 100 12 1 1 1 11 12 1 10 12 1 100 1 100 1 1 1 1 1 1 1 1 1 1 1 1 1 1 1 1 1 1 1 1 1 1 1 1 1 100 1 1 1 1 1 1 1 100 1 8 1 1 12 10 1 1 1 8 1 1 1 8 1 1 1 8 1 1 1 8 1 1 8 1 1 1 8 1 1 8 1
instanceKlass java/lang/StackStreamFactory$StackFrameTraverser
ciInstanceKlass java/lang/StackStreamFactory$AbstractStackWalker 1 1 364 7 1 100 1 3 10 7 12 1 1 1 10 7 12 1 1 10 7 12 1 1 1 9 12 1 1 9 12 1 1 9 12 1 1 9 12 1 9 12 1 10 7 12 1 1 1 10 12 1 1 10 100 12 1 1 9 12 1 1 9 12 1 1 10 12 1 1 9 12 1 1 10 7 12 1 1 1 10 12 1 1 9 12 1 1 9 100 12 1 1 1 100 1 10 8 1 10 12 1 1 10 12 1 8 1 10 12 1 1 10 100 12 1 1 1 100 1 8 1 10 12 1 8 1 10 12 10 7 12 1 1 9 12 1 1 8 1 5 0 8 1 8 1 9 12 1 1 10 12 1 1 18 12 1 1 10 100 12 1 1 1 10 12 1 1 10 12 1 10 12 1 9 7 12 1 1 1 10 12 1 1 9 12 1 10 12 1 10 12 1 10 12 1 10 12 1 10 12 1 10 12 1 1 8 1 10 12 1 10 12 1 10 12 1 10 12 1 1 8 1 10 12 1 1 10 12 1 1 10 12 1 1 10 12 1 10 12 1 10 12 1 9 12 1 8 1 10 12 1 8 1 10 12 1 10 12 1 1 10 12 1 10 12 1 10 12 1 1 10 12 1 10 12 1 10 12 1 10 12 1 10 12 1 10 12 1 1 10 12 1 10 12 1 10 12 1 10 12 1 8 1 1 1 1 1 1 1 1 1 1 1 1 1 100 1 1 1 1 1 1 100 1 1 1 1 100 1 1 1 1 1 1 1 1 1 1 1 1 1 1 1 1 1 1 16 15 15 10 100 12 1 1 1 1 1 1 1 1 100 1 100 1 1
ciInstanceKlass jdk/internal/module/Modules 1 1 481 10 100 12 1 1 1 9 7 12 1 1 1 11 7 12 1 1 1 11 12 1 1 11 12 1 1 11 12 1 1 11 12 1 11 12 1 11 12 1 11 12 1 11 12 1 11 12 1 1 10 100 12 1 1 1 10 12 1 1 10 100 12 1 1 10 100 12 1 1 1 10 100 12 1 1 10 12 1 1 11 12 1 9 12 1 1 11 7 12 1 1 1 10 12 1 1 10 10 12 1 10 100 1 9 12 1 1 10 100 12 1 1 10 12 1 1 10 100 12 1 1 1 100 1 11 100 12 1 1 1 10 100 12 1 1 1 11 100 12 1 1 10 12 1 1 10 100 12 1 1 10 100 12 1 1 1 10 12 1 1 10 12 1 1 11 12 1 1 18 12 1 1 11 100 12 1 1 10 100 12 1 1 1 11 100 12 1 1 1 100 1 11 12 1 1 11 100 12 1 1 1 11 12 1 1 10 12 1 1 10 100 12 1 1 18 12 1 1 11 12 1 1 18 12 1 1 11 12 1 1 10 12 1 18 18 10 12 1 1 9 12 1 1 11 100 12 1 1 1 100 1 10 11 12 1 11 12 1 1 10 100 1 10 12 1 1 10 100 12 1 1 10 12 1 1 11 12 10 12 1 1 100 1 10 18 12 1 10 12 1 1 100 1 8 1 10 12 1 10 100 12 1 1 18 12 1 11 11 12 10 12 1 10 10 100 1 18 12 1 10 10 10 7 12 1 1 10 7 12 1 1 1 10 12 1 1 1 1 1 1 1 1 1 1 1 1 1 1 1 1 1 1 1 1 1 1 1 1 1 1 1 1 1 1 1 1 1 1 1 1 1 1 1 1 1 1 1 1 1 1 1 1 1 1 1 1 1 1 1 1 1 1 1 1 1 1 1 1 100 1 1 1 1 1 1 1 1 1 1 1 1 1 1 1 1 1 1 1 1 1 1 1 16 15 10 12 1 16 1 16 1 15 10 12 1 16 1 16 1 15 10 12 16 1 15 10 16 1 15 10 12 16 1 16 15 10 12 16 15 10 12 16 15 10 12 15 10 100 12 1 1 1 1 1 1 100 1 100 1 1
staticfield jdk/internal/module/Modules JLA Ljdk/internal/access/JavaLangAccess; java/lang/System$1
staticfield jdk/internal/module/Modules JLMA Ljdk/internal/access/JavaLangModuleAccess; java/lang/module/ModuleDescriptor$1
staticfield jdk/internal/module/Modules $assertionsDisabled Z 1
instanceKlass com/sun/beans/util/Cache$Kind
instanceKlass com/fasterxml/jackson/core/type/WritableTypeId$Inclusion
instanceKlass com/fasterxml/jackson/core/json/JsonWriteFeature
instanceKlass com/fasterxml/jackson/core/StreamWriteCapability
instanceKlass org/apache/tomcat/util/net/Acceptor$AcceptorState
instanceKlass com/netflix/discovery/endpoint/EndpointUtils$DiscoveryUrlType
instanceKlass jakarta/ws/rs/core/Response$Status$Family
instanceKlass jakarta/ws/rs/core/Response$Status
instanceKlass com/netflix/discovery/shared/transport/decorator/EurekaHttpClientDecorator$RequestType
instanceKlass org/apache/hc/core5/io/CloseMode
instanceKlass com/fasterxml/jackson/core/StreamReadCapability
instanceKlass org/apache/hc/core5/http/message/StatusLine$StatusClass
instanceKlass org/apache/hc/core5/http2/HttpVersionPolicy
instanceKlass org/apache/hc/client5/http/auth/ChallengeType
instanceKlass org/apache/hc/client5/http/auth/AuthExchange$State
instanceKlass org/apache/hc/client5/http/RouteInfo$LayerType
instanceKlass org/apache/hc/client5/http/RouteInfo$TunnelType
instanceKlass org/apache/hc/core5/http/Method
instanceKlass com/fasterxml/jackson/databind/jsontype/PolymorphicTypeValidator$Validity
instanceKlass com/netflix/appinfo/InstanceInfo$ActionType
instanceKlass com/fasterxml/jackson/annotation/JsonFormat$Feature
instanceKlass com/fasterxml/jackson/databind/util/AccessPattern
instanceKlass com/fasterxml/jackson/databind/cfg/ConstructorDetector$SingleArgConstructor
instanceKlass com/fasterxml/jackson/annotation/JsonProperty$Access
instanceKlass com/fasterxml/jackson/databind/AnnotationIntrospector$ReferenceProperty$Type
instanceKlass io/micrometer/observation/transport/Kind
instanceKlass org/springframework/web/util/HierarchicalUriComponents$EncodeState
instanceKlass org/springframework/web/util/UriComponentsBuilder$EncodingHint
instanceKlass org/springframework/web/util/HierarchicalUriComponents$Type
instanceKlass org/springframework/web/util/RfcUriParser$State
instanceKlass org/springframework/web/util/UriComponentsBuilder$ParserType
instanceKlass org/springframework/web/util/DefaultUriBuilderFactory$EncodingMode
instanceKlass org/springframework/http/client/observation/ClientHttpObservationDocumentation$HighCardinalityKeyNames
instanceKlass org/springframework/http/client/observation/ClientHttpObservationDocumentation
instanceKlass org/springframework/http/client/observation/ClientHttpObservationDocumentation$LowCardinalityKeyNames
instanceKlass org/apache/hc/client5/http/ssl/HostnameVerificationPolicy
instanceKlass org/apache/hc/core5/reactor/ssl/SSLBufferMode
instanceKlass org/apache/hc/client5/http/impl/cookie/RFC6265CookieSpecFactory$CompatibilityLevel
instanceKlass org/apache/hc/client5/http/impl/ChainElement
instanceKlass org/apache/hc/core5/pool/PoolReusePolicy
instanceKlass org/apache/hc/core5/pool/PoolConcurrencyPolicy
instanceKlass org/apache/hc/core5/http/URIScheme
instanceKlass org/apache/hc/client5/http/psl/DomainType
instanceKlass com/netflix/spectator/api/NoopGauge
instanceKlass com/netflix/spectator/api/NoopTimer
instanceKlass com/netflix/spectator/api/NoopCounter
instanceKlass com/netflix/spectator/api/SystemClock
instanceKlass com/netflix/appinfo/InstanceInfo$PortType
instanceKlass com/fasterxml/jackson/annotation/OptBoolean
instanceKlass com/fasterxml/jackson/annotation/JsonTypeInfo$Id
instanceKlass com/netflix/appinfo/DataCenterInfo$Name
instanceKlass com/netflix/appinfo/EurekaAccept
instanceKlass com/google/gson/Strictness
instanceKlass com/google/gson/ToNumberPolicy
instanceKlass org/springframework/boot/availability/LivenessState
instanceKlass org/springframework/boot/availability/ReadinessState
instanceKlass com/fasterxml/jackson/core/JsonToken
instanceKlass com/fasterxml/jackson/annotation/JsonTypeInfo$As
instanceKlass com/fasterxml/jackson/databind/ObjectMapper$DefaultTyping
instanceKlass com/fasterxml/jackson/core/StreamReadFeature
instanceKlass com/fasterxml/jackson/core/StreamWriteFeature
instanceKlass org/springframework/boot/jackson/JsonComponent$Scope
instanceKlass com/netflix/appinfo/InstanceInfo$InstanceStatus
instanceKlass org/springframework/util/ConcurrentLruCache$CacheEntryState
instanceKlass org/springframework/util/ConcurrentLruCache$DrainStatus
instanceKlass org/springframework/http/HttpStatus
instanceKlass org/springframework/http/HttpStatus$Series
instanceKlass org/springframework/boot/convert/DurationStyle$Unit
instanceKlass org/springframework/boot/convert/DurationStyle
instanceKlass software/amazon/awssdk/metrics/MetricCategory
instanceKlass software/amazon/awssdk/metrics/MetricLevel
instanceKlass software/amazon/awssdk/core/traits/TimestampFormatTrait$Format
instanceKlass software/amazon/awssdk/core/protocol/MarshallLocation
instanceKlass software/amazon/awssdk/awscore/internal/AwsServiceProtocol
instanceKlass org/apache/http/impl/cookie/RFC6265CookieSpecProvider$CompatibilityLevel
instanceKlass org/apache/http/impl/cookie/DefaultCookieSpecProvider$CompatibilityLevel
instanceKlass org/apache/http/conn/util/DomainType
instanceKlass sun/security/ssl/NamedGroup
instanceKlass sun/security/ssl/NamedGroup$NamedGroupSpec
instanceKlass sun/security/ssl/CipherSuite$KeyExchange
instanceKlass sun/security/ssl/CipherSuite$MacAlg
instanceKlass sun/security/ssl/CipherSuite$HashAlg
instanceKlass sun/security/ssl/CipherType
instanceKlass sun/security/ssl/SSLCipher
instanceKlass sun/security/ssl/CipherSuite
instanceKlass java/security/CryptoPrimitive
instanceKlass sun/security/ssl/ProtocolVersion
instanceKlass software/amazon/awssdk/utils/ProxyEnvironmentSetting
instanceKlass software/amazon/awssdk/utils/ProxySystemSetting
instanceKlass software/amazon/awssdk/http/Protocol
instanceKlass software/amazon/awssdk/services/s3/S3SystemSetting
instanceKlass software/amazon/awssdk/utils/JavaSystemSetting
instanceKlass software/amazon/awssdk/core/retry/RetryMode
instanceKlass software/amazon/awssdk/core/ClientType
instanceKlass software/amazon/awssdk/awscore/defaultsmode/DefaultsMode
instanceKlass software/amazon/awssdk/core/SdkSystemSetting
instanceKlass software/amazon/awssdk/profiles/ProfileFileSystemSetting
instanceKlass jakarta/websocket/CloseReason$CloseCodes
instanceKlass jakarta/servlet/DispatcherType
instanceKlass org/springframework/boot/web/servlet/server/Encoding$Type
instanceKlass org/apache/tomcat/util/net/openssl/OpenSSLStatus$Name
instanceKlass jakarta/servlet/SessionTrackingMode
instanceKlass org/apache/tomcat/util/net/SocketEvent
instanceKlass org/apache/catalina/WebResourceRoot$ArchiveIndexStrategy
instanceKlass org/apache/coyote/ContinueResponseTiming
instanceKlass org/apache/tomcat/util/net/AbstractEndpoint$BindState
instanceKlass org/apache/tomcat/util/buf/EncodedSolidusHandling
instanceKlass java/security/DrbgParameters$Capability
instanceKlass org/springframework/boot/autoconfigure/web/servlet/WebMvcProperties$MatchingStrategy
instanceKlass java/text/NumberFormat$Style
instanceKlass java/util/concurrent/Future$State
instanceKlass org/springframework/boot/system/JavaVersion
instanceKlass org/springframework/boot/autoconfigure/web/ServerProperties$Tomcat$UseApr
instanceKlass org/springframework/boot/web/servlet/server/Session$SessionTrackingMode
instanceKlass org/springframework/boot/autoconfigure/web/ServerProperties$Jetty$Accesslog$Format
instanceKlass org/springframework/boot/autoconfigure/web/ErrorProperties$IncludeAttribute
instanceKlass java/lang/invoke/MethodHandleImpl$ArrayAccess
instanceKlass org/springframework/boot/sql/init/DatabaseInitializationMode
instanceKlass org/springframework/boot/autoconfigure/reactor/ReactorProperties$ContextPropagationMode
instanceKlass org/springframework/boot/autoconfigure/netty/NettyProperties$LeakDetection
instanceKlass org/springframework/boot/http/client/ClientHttpRequestFactorySettings$Redirects
instanceKlass org/springframework/boot/autoconfigure/http/client/HttpClientProperties$Factory
instanceKlass org/springframework/boot/autoconfigure/gson/GsonProperties$Strictness
instanceKlass com/google/gson/FieldNamingPolicy
instanceKlass com/google/gson/LongSerializationPolicy
instanceKlass org/springframework/boot/autoconfigure/jackson/JacksonProperties$ConstructorDetectorStrategy
instanceKlass org/springframework/boot/autoconfigure/web/WebProperties$LocaleResolver
instanceKlass org/springframework/validation/DefaultMessageCodesResolver$Format
instanceKlass org/springframework/boot/web/server/Shutdown
instanceKlass org/springframework/boot/autoconfigure/web/ServerProperties$ForwardHeadersStrategy
instanceKlass org/springframework/boot/autoconfigure/cache/CacheType
instanceKlass org/springframework/boot/autoconfigure/thread/Threading
instanceKlass org/springframework/boot/autoconfigure/condition/SearchStrategy
instanceKlass org/springframework/boot/autoconfigure/condition/ConditionalOnWebApplication$Type
instanceKlass org/springframework/boot/autoconfigure/condition/ConditionMessage$Style
instanceKlass org/springframework/boot/autoconfigure/condition/FilteringSpringBootCondition$ClassNameFilter
instanceKlass org/springframework/web/bind/annotation/RequestMethod
instanceKlass org/springframework/context/annotation/Bean$Bootstrap
instanceKlass java/nio/file/FileTreeWalker$EventType
instanceKlass java/nio/file/FileVisitOption
instanceKlass java/nio/file/AccessMode
instanceKlass org/apache/catalina/authenticator/AuthenticatorBase$AllowCorsPreflight
instanceKlass java/util/Comparators$NaturalOrderComparator
instanceKlass org/springframework/context/annotation/ConfigurationCondition$ConfigurationPhase
instanceKlass org/apache/catalina/LifecycleState
instanceKlass org/apache/tomcat/util/http/CookiesWithoutEquals
instanceKlass org/apache/tomcat/util/http/SameSiteCookies
instanceKlass com/fasterxml/jackson/annotation/PropertyAccessor
instanceKlass org/springframework/beans/factory/support/DefaultListableBeanFactory$PreInstantiation
instanceKlass com/fasterxml/jackson/datatype/jsr310/JavaTimeFeature
instanceKlass org/springframework/expression/spel/SpelCompilerMode
instanceKlass com/fasterxml/jackson/annotation/JsonCreator$Mode
instanceKlass com/fasterxml/jackson/core/JsonParser$NumberType
instanceKlass org/springframework/context/annotation/FilterType
instanceKlass com/fasterxml/jackson/databind/DeserializationFeature
instanceKlass com/fasterxml/jackson/databind/cfg/JsonNodeFeature
instanceKlass com/fasterxml/jackson/databind/cfg/EnumFeature
instanceKlass com/fasterxml/jackson/databind/SerializationFeature
instanceKlass com/fasterxml/jackson/core/util/Separators$Spacing
instanceKlass com/fasterxml/jackson/databind/MapperFeature
instanceKlass com/fasterxml/jackson/annotation/JsonFormat$Shape
instanceKlass com/fasterxml/jackson/databind/cfg/CoercionInputShape
instanceKlass com/fasterxml/jackson/databind/cfg/CoercionAction
instanceKlass com/fasterxml/jackson/databind/type/LogicalType
instanceKlass com/fasterxml/jackson/annotation/JsonAutoDetect$Visibility
instanceKlass com/fasterxml/jackson/annotation/Nulls
instanceKlass com/fasterxml/jackson/annotation/JsonInclude$Include
instanceKlass org/springframework/security/crypto/encrypt/RsaAlgorithm
instanceKlass com/fasterxml/jackson/core/JsonGenerator$Feature
instanceKlass com/fasterxml/jackson/core/JsonParser$Feature
instanceKlass com/fasterxml/jackson/core/JsonFactory$Feature
instanceKlass org/springframework/core/ResolvableType$WildcardBounds$Kind
instanceKlass com/fasterxml/jackson/core/Base64Variant$PaddingReadBehaviour
instanceKlass java/math/RoundingMode
instanceKlass sun/util/locale/provider/LocaleProviderAdapter$Type
instanceKlass com/fasterxml/jackson/databind/util/internal/PrivateMaxEntriesMap$DrainStatus
instanceKlass org/springframework/context/annotation/ScopedProxyMode
instanceKlass org/springframework/core/annotation/MergedAnnotation$Adapt
instanceKlass com/fasterxml/jackson/core/JsonEncoding
instanceKlass org/springframework/boot/Banner$Mode
instanceKlass ch/qos/logback/core/pattern/parser/TokenStream$TokenizerState
instanceKlass ch/qos/logback/core/subst/Node$Type
instanceKlass ch/qos/logback/core/subst/Token$Type
instanceKlass ch/qos/logback/core/subst/Tokenizer$TokenizerState
instanceKlass org/springframework/boot/ansi/AnsiStyle
instanceKlass org/springframework/boot/logging/logback/RollingPolicySystemProperty
instanceKlass org/springframework/boot/logging/LoggingSystemProperty
instanceKlass org/springframework/boot/ansi/AnsiColor
instanceKlass org/springframework/boot/ansi/AnsiOutput$Enabled
instanceKlass org/springframework/boot/context/config/Profiles$Type
instanceKlass org/yaml/snakeyaml/tokens/Token$ID
instanceKlass org/yaml/snakeyaml/events/Event$ID
instanceKlass org/yaml/snakeyaml/comments/CommentType
instanceKlass org/yaml/snakeyaml/introspector/BeanAccess
instanceKlass org/yaml/snakeyaml/DumperOptions$NonPrintableStyle
instanceKlass org/yaml/snakeyaml/DumperOptions$LineBreak
instanceKlass org/yaml/snakeyaml/DumperOptions$FlowStyle
instanceKlass org/yaml/snakeyaml/DumperOptions$ScalarStyle
instanceKlass org/yaml/snakeyaml/nodes/NodeId
instanceKlass org/springframework/beans/factory/config/YamlProcessor$ResolutionMethod
instanceKlass org/springframework/boot/context/config/LocationResourceLoader$ResourceType
instanceKlass org/springframework/boot/BootstrapRegistry$Scope
instanceKlass org/springframework/boot/context/config/ConfigDataEnvironmentContributor$ImportPhase
instanceKlass org/springframework/boot/context/config/ConfigDataEnvironmentContributor$Kind
instanceKlass org/springframework/boot/context/config/ConfigData$Option
instanceKlass org/springframework/boot/context/properties/source/ConfigurationPropertyState
instanceKlass org/springframework/boot/context/config/ConfigDataNotFoundAction
instanceKlass org/springframework/boot/context/properties/bind/BindMethod
instanceKlass org/springframework/boot/context/config/ConfigDataEnvironmentContributors$BinderOption
instanceKlass org/springframework/boot/cloud/CloudPlatform
instanceKlass org/springframework/core/NativeDetector$Context
instanceKlass org/springframework/boot/context/properties/source/ConfigurationPropertyName$Form
instanceKlass java/nio/file/attribute/PosixFilePermission
instanceKlass java/time/Month
instanceKlass org/springframework/format/annotation/DurationFormat$Style
instanceKlass java/time/format/FormatStyle
instanceKlass org/springframework/format/datetime/standard/DateTimeFormatterRegistrar$Type
instanceKlass sun/util/logging/PlatformLogger$Level
instanceKlass jdk/internal/logger/BootstrapLogger$LoggingBackend
instanceKlass java/util/stream/MatchOps$MatchKind
instanceKlass java/lang/annotation/ElementType
instanceKlass org/springframework/core/annotation/IntrospectionFailureLogger
instanceKlass org/springframework/boot/devtools/restart/FailureHandler$Outcome
instanceKlass java/lang/StackStreamFactory$WalkerState
instanceKlass java/lang/StackWalker$ExtendedOption
instanceKlass java/lang/StackWalker$Option
instanceKlass org/springframework/boot/context/properties/bind/Bindable$BindRestriction
instanceKlass org/springframework/boot/context/properties/source/ConfigurationPropertyName$ElementType
instanceKlass org/springframework/boot/logging/LogLevel
instanceKlass java/lang/classfile/attribute/StackMapFrameInfo$SimpleVerificationTypeInfo
instanceKlass java/lang/reflect/ProxyGenerator$PrimitiveTypeInfo
instanceKlass java/lang/classfile/ClassFile$StackMapsOption
instanceKlass java/lang/annotation/RetentionPolicy
instanceKlass org/springframework/util/ConcurrentReferenceHashMap$Restructure
instanceKlass org/springframework/core/annotation/MergedAnnotations$SearchStrategy
instanceKlass jdk/internal/icu/util/CodePointTrie$ValueWidth
instanceKlass jdk/internal/icu/util/CodePointTrie$Type
instanceKlass java/text/Normalizer$Form
instanceKlass sun/security/util/DisabledAlgorithmConstraints$Constraint$Operator
instanceKlass java/lang/System$Logger$Level
instanceKlass sun/security/rsa/RSAUtil$KeyType
instanceKlass sun/security/util/KnownOIDs
instanceKlass java/security/Security$SecPropLoader$LoadingMode
instanceKlass ch/qos/logback/core/spi/FilterReply
instanceKlass org/springframework/util/ConcurrentReferenceHashMap$TaskOption
instanceKlass org/springframework/util/ConcurrentReferenceHashMap$ReferenceType
instanceKlass org/springframework/boot/WebApplicationType
instanceKlass org/slf4j/helpers/Reporter$Level
instanceKlass org/slf4j/helpers/Reporter$TargetChoice
instanceKlass ch/qos/logback/core/util/ReentryGuardFactory$GuardType
instanceKlass java/time/format/TextStyle
instanceKlass java/time/format/DateTimeFormatterBuilder$SettingsParser
instanceKlass java/util/Locale$Category
instanceKlass java/time/format/ResolverStyle
instanceKlass java/time/format/SignStyle
instanceKlass java/time/temporal/JulianFields$Field
instanceKlass java/time/temporal/IsoFields$Unit
instanceKlass java/time/temporal/IsoFields$Field
instanceKlass java/util/regex/Pattern$Qtype
instanceKlass java/time/temporal/ChronoUnit
instanceKlass java/time/temporal/ChronoField
instanceKlass ch/qos/logback/core/joran/spi/ConsoleTarget
instanceKlass ch/qos/logback/classic/spi/Configurator$ExecutionStatus
instanceKlass java/net/Proxy$Type
instanceKlass java/net/StandardProtocolFamily
instanceKlass jdk/internal/util/OperatingSystem
instanceKlass java/util/concurrent/TimeUnit
instanceKlass java/nio/file/LinkOption
instanceKlass sun/nio/fs/WindowsPathType
instanceKlass java/nio/file/StandardOpenOption
instanceKlass jdk/internal/vm/Continuation$Pinned
instanceKlass java/util/stream/Collector$Characteristics
instanceKlass java/util/stream/StreamShape
instanceKlass java/lang/classfile/Opcode$Kind
instanceKlass java/lang/classfile/Opcode
instanceKlass java/lang/invoke/VarHandle$AccessType
instanceKlass java/lang/invoke/VarHandle$AccessMode
instanceKlass java/lang/invoke/MethodHandleImpl$Intrinsic
instanceKlass java/lang/classfile/AttributeMapper$AttributeStability
instanceKlass jdk/internal/classfile/impl/AbstractPoolEntry$Utf8EntryImpl$State
instanceKlass java/lang/classfile/TypeKind
instanceKlass java/lang/invoke/LambdaForm$BasicType
instanceKlass java/lang/invoke/LambdaForm$Kind
instanceKlass java/lang/constant/DirectMethodHandleDesc$Kind
instanceKlass sun/invoke/util/Wrapper
instanceKlass java/util/stream/StreamOpFlag$Type
instanceKlass java/util/stream/StreamOpFlag
instanceKlass java/lang/reflect/AccessFlag$Location
instanceKlass java/lang/reflect/AccessFlag
instanceKlass java/lang/module/ModuleDescriptor$Modifier
instanceKlass java/io/File$PathStatus
instanceKlass jdk/internal/module/ModuleBootstrap$IllegalNativeAccess
instanceKlass java/lang/reflect/ClassFileFormatVersion
instanceKlass java/lang/Thread$State
instanceKlass java/lang/module/ModuleDescriptor$Requires$Modifier
ciInstanceKlass java/lang/Enum 1 1 204 9 7 12 1 1 1 9 12 1 1 10 7 12 1 1 1 9 12 1 10 7 12 1 1 1 100 1 10 10 12 1 1 10 12 1 100 1 10 10 7 12 1 1 10 12 1 1 18 12 1 1 10 100 12 1 1 1 10 12 1 1 11 7 12 1 1 1 100 1 8 1 10 12 1 7 1 7 1 10 8 1 10 12 1 1 10 12 1 1 8 1 10 12 1 10 100 1 8 1 10 10 12 1 1 10 100 12 1 1 1 100 1 100 1 100 1 1 1 1 1 1 1 1 1 1 1 1 1 1 1 1 1 1 1 1 1 1 1 1 1 1 1 1 1 1 1 1 1 1 1 1 1 1 1 1 1 1 1 1 1 1 1 3 1 1 1 1 100 1 100 1 1 100 1 1 1 1 1 1 1 1 1 1 1 16 15 10 12 16 15 10 100 12 1 1 1 1 1 100 1 100 1 1
ciInstanceKlass jdk/internal/loader/ClassLoaders 1 1 185 10 100 12 1 1 1 10 7 12 1 1 1 10 12 1 1 10 100 12 1 1 1 9 7 12 1 1 1 9 12 1 1 9 12 1 1 7 1 11 100 12 1 1 1 100 1 11 12 1 1 11 12 1 1 10 100 12 1 1 1 10 100 12 1 1 1 100 1 100 1 10 7 12 1 1 1 9 12 1 1 8 1 10 7 12 1 1 1 10 12 1 1 7 1 10 12 1 10 12 1 1 7 1 10 12 1 1 10 12 1 1 10 12 1 7 1 10 12 10 12 1 8 1 10 7 12 1 1 8 1 8 1 10 12 1 7 1 10 10 12 1 10 12 1 1 1 1 1 1 1 1 1 1 1 1 1 1 1 1 1 1 1 1 100 1 1 1 1 1 1 1 1 1 1 1 1 1 1 1 1 1 1 1 1
staticfield jdk/internal/loader/ClassLoaders JLA Ljdk/internal/access/JavaLangAccess; java/lang/System$1
staticfield jdk/internal/loader/ClassLoaders BOOT_LOADER Ljdk/internal/loader/ClassLoaders$BootClassLoader; jdk/internal/loader/ClassLoaders$BootClassLoader
staticfield jdk/internal/loader/ClassLoaders PLATFORM_LOADER Ljdk/internal/loader/ClassLoaders$PlatformClassLoader; jdk/internal/loader/ClassLoaders$PlatformClassLoader
staticfield jdk/internal/loader/ClassLoaders APP_LOADER Ljdk/internal/loader/ClassLoaders$AppClassLoader; jdk/internal/loader/ClassLoaders$AppClassLoader
instanceKlass org/springframework/beans/factory/support/ManagedList
ciInstanceKlass java/util/ArrayList 1 1 514 10 7 12 1 1 1 7 1 9 7 12 1 1 1 9 12 1 100 1 100 1 10 8 1 10 12 1 1 10 12 1 10 12 1 1 10 12 1 9 12 1 11 7 12 1 1 1 9 12 1 1 11 12 1 1 7 10 7 12 1 1 1 9 12 1 10 12 1 10 12 1 1 10 7 12 1 1 1 10 7 12 1 1 1 10 12 1 1 10 12 1 1 10 12 1 1 10 12 1 10 12 1 1 100 1 100 1 10 12 1 10 10 7 12 1 1 1 10 7 12 1 1 10 12 1 100 1 10 10 12 10 12 1 1 10 12 1 1 10 12 1 10 12 10 12 1 1 100 1 10 12 1 1 10 12 1 1 10 12 1 100 1 10 11 12 1 1 11 100 12 1 1 1 11 12 1 10 12 1 10 12 1 10 12 1 1 100 1 10 12 1 1 10 10 12 1 1 10 12 1 8 1 8 1 8 1 8 1 10 12 1 1 10 12 1 1 11 12 1 100 1 10 100 12 1 1 10 12 1 10 12 1 1 10 100 12 1 1 10 12 1 10 100 12 1 1 1 11 100 12 1 1 1 10 12 1 100 1 8 1 10 7 1 10 12 1 7 1 10 12 1 10 12 1 1 7 1 10 12 1 10 12 1 1 11 7 12 1 1 7 1 10 12 1 10 12 1 1 11 7 12 1 1 10 12 1 1 10 12 1 1 10 12 1 1 10 12 1 1 11 100 12 1 1 10 12 1 1 10 12 1 1 100 1 100 1 100 1 1 1 1 5 0 1 3 1 1 1 1 1 1 1 1 1 1 1 1 1 1 1 1 1 1 1 1 1 1 1 1 1 1 1 1 1 1 1 1 1 1 1 1 1 1 1 1 1 1 1 1 1 1 1 1 1 1 1 1 1 1 1 1 1 1 1 1 1 1 1 1 1 1 1 1 1 1 1 1 1 1 1 1 1 1 1 1 1 1 1 1 1 1 1 1 1 1 1 1 1 1 1 1 1 1 1 1 1 1 1 1 100 1 1 1 1 100 1 1 1 1 1 1 1 1 1 1 1 1 1 1 1 1 1 1 1 1 1 1 1 1 1 1 1 1 1 100 1 1 1 1 1 1 1 1 1 1 1 1 1 1 1 1 1 1 1 100 1 100 1 1 1 1 1 1
staticfield java/util/ArrayList EMPTY_ELEMENTDATA [Ljava/lang/Object; 0 [Ljava/lang/Object;
staticfield java/util/ArrayList DEFAULTCAPACITY_EMPTY_ELEMENTDATA [Ljava/lang/Object; 0 [Ljava/lang/Object;
ciInstanceKlass java/util/List 1 1 251 10 100 12 1 1 1 11 100 12 1 1 1 11 100 12 1 1 1 11 12 1 1 11 100 12 1 1 11 12 1 1 11 12 1 1 10 100 12 1 1 1 7 1 7 1 10 12 1 1 100 1 10 100 12 1 1 1 11 12 1 1 11 12 1 11 12 1 100 1 10 12 1 11 12 1 1 11 12 1 1 11 12 1 10 100 12 1 1 1 9 7 12 1 1 1 7 1 10 12 10 12 1 7 1 10 12 1 1 10 12 1 10 12 1 1 11 12 1 1 100 1 1 1 1 1 1 1 1 1 1 1 1 1 1 1 1 1 1 1 1 1 1 1 1 1 1 1 1 1 1 1 1 1 1 1 1 1 1 1 1 1 1 1 1 100 1 100 1 1 1 1 1 1 1 1 1 1 1 1 1 1 1 1 1 1 1 1 1 1 1 1 1 1 1 1 1 1 1 1 1 1 1 1 1 1 1 1 1 1 1 1 1 1 1 1 1 1 1 1 1 1 1 1 1 1 1 1 1 1 1 1 1 1 1 1 1 1 1 1 1 1 1 1 100 1 1 100 1 1 1
ciInstanceKlass java/util/SequencedCollection 1 1 104 100 1 10 12 1 1 11 100 12 1 1 1 11 100 12 1 1 1 11 12 1 1 11 12 1 100 1 100 1 1 1 1 1 1 1 1 1 1 1 1 1 1 1 1 1 1 1 1 1 1 1 1 1 1 1 1 1 100 1 8 1 12 10 1 1 8 1 1 1 8 1 1 8 1 1 1 8 1 1 8 1 1 1 8 1 1 8 1 8 1 1 8 1 1 1 8 1 1 8 1 1 8 1
ciInstanceKlass java/lang/Iterable 1 1 62 10 7 12 1 1 1 11 7 12 1 1 1 11 7 12 1 1 1 11 12 1 1 11 7 12 1 1 1 10 7 12 1 1 1 100 1 1 1 1 1 1 1 1 1 1 1 1 1 1 1 1 1 1 1 1 1 1 1 1 1 1
ciInstanceKlass java/util/RandomAccess 1 0 7 100 1 100 1 1 1
instanceKlass org/springframework/boot/web/servlet/ServletContextInitializerBeans
instanceKlass java/util/TreeMap$Values
instanceKlass com/fasterxml/jackson/databind/util/internal/LinkedDeque
instanceKlass java/util/concurrent/ConcurrentLinkedDeque
instanceKlass java/util/LinkedHashMap$LinkedValues
instanceKlass java/util/IdentityHashMap$Values
instanceKlass java/util/AbstractQueue
instanceKlass java/util/HashMap$Values
instanceKlass java/util/ArrayDeque
instanceKlass java/util/AbstractSet
instanceKlass java/util/ImmutableCollections$AbstractImmutableCollection
instanceKlass java/util/AbstractList
ciInstanceKlass java/util/AbstractCollection 1 1 160 10 7 12 1 1 1 10 7 12 1 1 1 10 12 1 1 11 7 12 1 1 1 11 12 1 1 10 12 1 1 10 100 12 1 1 1 10 12 1 1 10 12 1 1 10 7 12 1 1 10 7 12 1 1 1 7 1 10 100 12 1 1 1 10 100 12 1 1 1 100 1 10 11 12 1 11 7 1 10 12 1 10 12 1 10 7 12 1 1 1 11 8 1 7 1 10 10 12 1 1 8 1 10 12 1 10 12 1 1 1 1 1 1 1 1 1 1 1 1 1 1 1 1 1 1 1 1 1 1 1 1 1 1 1 1 1 1 1 1 1 1 1 1 1 1 1 1 1 1 1 1 1 1 1 1 1 1 1 1
instanceKlass java/util/AbstractSequentialList
instanceKlass java/util/Collections$SingletonList
instanceKlass java/util/ArrayList$SubList
instanceKlass java/util/Vector
instanceKlass sun/security/jca/ProviderList$2
instanceKlass java/util/Arrays$ArrayList
instanceKlass java/util/Collections$EmptyList
instanceKlass java/util/ArrayList
ciInstanceKlass java/util/AbstractList 1 1 218 10 7 12 1 1 1 9 7 12 1 1 1 10 12 1 1 10 12 1 1 100 1 10 10 12 1 1 11 7 12 1 1 1 11 12 1 1 11 12 1 10 7 12 1 1 1 10 12 1 11 12 1 11 12 1 11 12 1 10 12 1 1 10 12 1 1 11 100 12 1 1 1 11 7 1 11 7 1 10 12 1 7 1 10 12 1 10 12 1 1 100 1 100 1 10 12 1 100 1 10 100 1 100 1 10 8 1 10 12 1 1 10 12 1 10 12 1 1 10 12 1 8 1 100 1 8 1 8 1 8 1 10 7 1 11 10 10 12 1 11 12 1 10 12 1 1 8 1 8 1 1 1 1 1 1 1 1 1 1 1 1 1 1 1 1 1 1 1 1 1 1 1 1 1 1 1 1 1 1 1 1 1 1 1 1 1 1 1 1 1 1 1 1 1 1 1 1 1 1 1 1 1 1 1 1 1 1 100 1 100 1 1 1 1 1 1 1
ciInstanceKlass java/lang/annotation/Annotation 1 0 17 100 1 100 1 1 1 1 1 1 1 1 1 1 1 1 1
ciMethod jdk/internal/util/ArraysSupport mismatch ([BI[BII)I 408 0 18237 0 512
ciMethod jdk/internal/util/ArraysSupport vectorizedMismatch (Ljava/lang/Object;JLjava/lang/Object;JII)I 504 564 252 0 -1
ciMethod java/lang/String startsWith (Ljava/lang/String;I)Z 512 0 46757 0 904
ciMethod java/lang/String startsWith (Ljava/lang/String;)Z 516 0 218439 0 768
ciMethod java/lang/String coder ()B 1024 0 1117542 0 80
ciInstanceKlass com/fasterxml/jackson/databind/util/ClassUtil 1 1 930 10 9 10 7 10 7 10 10 10 11 10 10 10 11 11 10 11 11 11 100 10 10 10 8 10 8 7 10 8 10 8 10 10 10 8 10 8 100 100 10 8 10 8 7 11 7 100 7 9 7 8 10 9 10 100 8 10 10 10 10 10 100 100 100 10 10 10 10 10 10 10 100 10 100 10 10 10 10 9 10 10 100 10 10 11 10 100 10 8 10 8 10 10 10 8 8 10 10 7 10 10 10 10 8 8 100 8 10 8 8 8 10 8 10 10 10 10 10 8 10 10 10 10 11 10 10 10 100 10 100 9 10 9 10 9 9 9 10 9 10 9 10 9 10 9 10 8 100 100 100 100 100 100 100 100 7 11 10 10 10 8 10 8 8 10 8 8 11 10 10 10 10 9 10 10 10 11 10 10 10 10 10 10 10 100 10 10 7 10 8 8 8 10 7 10 9 8 10 8 10 8 8 8 10 10 10 100 8 8 10 10 10 10 10 9 10 100 10 10 10 10 100 10 8 10 9 10 7 10 10 10 10 10 10 7 10 7 1 1 100 1 1 1 1 1 1 1 1 1 1 1 1 1 1 1 1 1 1 1 1 1 1 1 1 1 1 1 1 1 1 1 1 1 1 1 1 1 1 1 1 1 100 1 1 1 1 1 1 1 1 1 1 1 1 100 100 1 1 1 1 100 1 1 1 1 1 1 1 1 100 100 1 1 1 1 1 1 1 1 100 1 1 1 1 1 1 1 1 1 1 1 1 1 1 1 1 1 1 1 1 1 1 1 1 1 1 1 1 1 1 1 1 1 1 1 1 1 1 1 1 1 1 1 1 1 1 1 1 1 1 1 1 1 1 1 1 100 1 1 1 1 1 1 1 1 1 1 100 1 1 1 1 1 100 1 1 1 1 1 1 1 1 1 1 1 1 100 1 1 1 1 1 1 1 1 1 1 1 1 1 1 1 1 1 1 100 1 1 1 1 1 1 1 1 1 1 1 1 1 1 1 1 1 1 1 1 1 1 1 1 1 1 1 1 1 1 100 100 1 1 1 1 1 1 1 1 1 1 1 1 1 1 1 1 1 1 1 1 1 1 1 1 1 1 1 1 1 1 100 100 100 1 1 1 1 1 1 1 1 1 100 1 1 1 1 1 1 100 1 1 1 1 100 1 1 1 1 1 1 1 1 1 1 1 1 1 1 1 1 1 100 100 100 1 1 1 1 1 1 1 1 1 1 1 100 100 1 1 1 1 1 1 1 1 1 1 1 1 1 1 1 12 12 12 1 7 12 1 12 12 12 7 12 12 12 12 12 12 12 100 12 12 1 12 12 12 1 12 1 1 12 1 12 1 12 12 12 1 12 1 1 1 12 1 7 12 1 1 7 1 1 1 12 1 1 12 12 12 1 1 12 12 100 12 12 1 1 1 12 12 12 12 12 12 12 1 12 1 12 12 12 100 12 100 12 12 1 12 12 100 12 1 1 12 1 12 7 12 1 1 12 1 12 12 12 1 1 1 1 1 1 1 12 1 12 12 12 12 1 12 12 12 100 12 100 12 1 12 1 12 12 12 12 12 12 12 12 1 1 1 1 1 1 1 1 1 1 12 12 12 12 1 12 1 1 1 1 100 12 12 12 12 100 12 100 12 12 100 12 12 12 1 12 12 1 1 1 1 12 1 100 12 100 12 1 100 12 1 12 1 1 1 12 12 12 1 1 1 12 100 12 12 12 12 12 1 100 12 12 12 100 12 1 1 12 12 12 1 12 12 12 12 12 1 12 1 1 1 1 1 1 1 1 1 1 1 1 1 1 1 1 1 1 1 1 1 1 1 1 1 1 1 1 1 1 1 1 1 1 1 1 1 1 1 1 1 1 1 1 1 1 1 1 1 1 1 1 1 1 1 1 1 1 1 1 1 1 1 1 1 1 1 1 1 1 1 1 1 1 1 1 1 1 1 1 1 1 1 1 1 1 1 1 1 1 1 1 1 1 1 1 1 1 1 1 1 1 1 1 1 1 1 1 1 1 1 1 1 1 1 1 1 1 1 1 1 1 1 1 1 1 1 1 1 1 1 1 1 1 1 1 1 1 1 1 1 1 1 1
staticfield com/fasterxml/jackson/databind/util/ClassUtil CLS_OBJECT Ljava/lang/Class; java/lang/Class
staticfield com/fasterxml/jackson/databind/util/ClassUtil NO_ANNOTATIONS [Ljava/lang/annotation/Annotation; 0 [Ljava/lang/annotation/Annotation;
staticfield com/fasterxml/jackson/databind/util/ClassUtil NO_CTORS [Lcom/fasterxml/jackson/databind/util/ClassUtil$Ctor; 0 [Lcom/fasterxml/jackson/databind/util/ClassUtil$Ctor;
staticfield com/fasterxml/jackson/databind/util/ClassUtil EMPTY_ITERATOR Ljava/util/Iterator; java/util/Collections$EmptyIterator
ciMethodData java/lang/String coder ()B 2 1117030 orig 80 0 0 0 0 0 0 0 0 0 0 0 0 0 0 0 0 0 0 0 0 0 0 0 0 0 0 0 0 0 0 0 0 0 0 0 0 0 0 0 0 0 0 0 0 0 0 0 0 0 0 0 0 0 0 0 0 0 0 0 0 0 0 0 0 0 0 0 0 0 0 0 0 0 0 0 0 0 0 0 0 data 14 0x30007 0x0 0x38 0x110b6b 0xa0003 0x110b6e 0x18 0x0 0x0 0x0 0x0 0x9 0x1 0x0 oops 0 methods 0
ciMethodData java/lang/String length ()I 2 800880 orig 80 0 0 0 0 0 0 0 0 0 0 0 0 0 0 0 0 0 0 0 0 0 0 0 0 0 0 0 0 0 0 0 0 0 0 0 0 0 0 0 0 0 0 0 0 0 0 0 0 0 0 0 0 0 0 0 0 0 0 0 0 0 0 0 0 0 0 0 0 0 0 0 0 0 0 0 0 0 0 0 0 data 15 0x60005 0x90 0x1f749829db8 0xc37d9 0x0 0x0 0x0 0x0 0x0 0x0 0x0 0x0 0x9 0x1 0x0 oops 1 2 java/lang/String methods 0
ciMethodData java/lang/String startsWith (Ljava/lang/String;I)Z 2 46501 orig 80 1 0 0 0 0 0 0 0 0 0 0 0 0 0 0 0 0 0 0 0 0 0 0 0 0 0 0 0 0 0 0 0 0 0 0 0 0 0 2 0 0 0 0 0 0 0 0 0 0 0 0 0 0 0 0 0 0 0 0 0 0 0 0 0 0 0 0 0 0 0 0 0 0 0 0 0 0 0 0 0 data 74 0x10007 0x11 0xa0 0xb594 0x60005 0x549 0x1f749829db8 0xb04b 0x0 0x0 0xa0005 0x549 0x1f749829db8 0xb04b 0x0 0x0 0xe0007 0xb241 0x20 0x353 0x270005 0x549 0x1f749829db8 0xacf8 0x0 0x0 0x2f0005 0x549 0x1f749829db8 0xacf8 0x0 0x0 0x8000000600320007 0x2c9 0x88 0xaf7a 0x380007 0xaf7a 0x20 0x0 0x460002 0xaf7a 0x490007 0x9ea3 0x38 0x10d7 0x4d0003 0x10d7 0x18 0x540007 0x2c9 0x20 0x0 0x5d0007 0x8 0x50 0x2d1 0x650002 0x36 0x740007 0x10 0xffffffffffffffd0 0x2c1 0x0 0x0 0x0 0x0 0x0 0x0 0x9 0x3 0x0 0x0 0x0 oops 4 6 java/lang/String 12 java/lang/String 22 java/lang/String 28 java/lang/String methods 0
ciMethodData jdk/internal/util/ArraysSupport mismatch ([BI[BII)I 2 18033 orig 80 0 0 0 0 0 0 0 0 0 0 0 0 0 0 0 0 0 0 0 0 0 0 0 0 0 0 0 0 0 0 0 0 0 0 0 0 0 0 0 0 0 0 0 0 0 0 0 0 0 0 0 0 0 0 0 0 0 0 0 0 0 0 0 0 0 0 0 0 0 0 0 0 0 0 0 0 0 0 0 0 data 38 0x70007 0x36bf 0x70 0xfb2 0x100007 0x5ed 0x20 0x9c5 0x300002 0x5ed 0x370007 0x5ea 0x20 0x3 0x4a0007 0x75d 0x58 0x380b 0x590007 0x2bf 0x20 0x354c 0x620003 0x2bf 0xffffffffffffffc0 0x0 0x0 0x0 0x0 0x0 0x0 0x9 0x5 0xffffffffffffffff 0x0 0xffffffffffffffff 0x0 0x0 oops 0 methods 0
ciMethodData java/lang/String startsWith (Ljava/lang/String;)Z 2 218181 orig 80 1 0 0 0 0 0 0 0 0 0 0 0 0 0 0 0 0 0 0 0 0 0 0 0 0 0 0 0 0 0 0 0 0 0 0 0 0 0 0 0 0 0 0 0 0 0 0 0 0 0 0 0 0 0 0 0 0 0 0 0 0 0 0 0 0 0 0 0 0 0 0 0 0 0 0 0 0 0 0 0 data 16 0x30005 0x8df 0x1f749829db8 0x34b65 0x0 0x0 0x0 0x0 0x0 0x0 0x0 0x0 0x9 0x2 0x0 0x0 oops 1 2 java/lang/String methods 0
ciMethodData java/lang/Class getName ()Ljava/lang/String; 2 136313 orig 80 0 0 0 0 0 0 0 0 0 0 0 0 0 0 0 0 0 0 0 0 0 0 0 0 0 0 0 0 0 0 0 0 0 0 0 0 0 0 0 0 0 0 0 0 0 0 0 0 0 0 0 0 0 0 0 0 0 0 0 0 0 0 0 0 0 0 0 0 0 0 0 0 0 0 0 0 0 0 0 0 data 22 0x60007 0x970 0x38 0x20b09 0xa0003 0x20b09 0x48 0xe0005 0x970 0x0 0x0 0x0 0x0 0x0 0x0 0x0 0x0 0x0 0x0 0x9 0x1 0xffffffffffffffff oops 0 methods 0
ciMethod com/fasterxml/jackson/databind/util/ClassUtil isJDKClass (Ljava/lang/Class;)Z 516 0 6410 0 -1
ciMethodData com/fasterxml/jackson/databind/util/ClassUtil isJDKClass (Ljava/lang/Class;)Z 2 6152 orig 80 0 0 0 0 0 0 0 0 0 0 0 0 0 0 0 0 0 0 0 0 0 0 0 0 0 0 0 0 0 0 0 0 0 0 0 0 0 0 0 0 0 0 0 0 0 0 0 0 0 0 0 0 0 0 0 0 0 0 0 0 0 0 0 0 0 0 0 0 0 0 0 0 0 0 0 0 0 0 0 0 data 48 0x10005 0x3 0x1f749829e48 0x1805 0x0 0x0 0x80005 0x3 0x1f749829db8 0x1805 0x0 0x0 0xb0007 0xa30 0xc0 0xdd8 0x110005 0x3 0x1f749829db8 0xdd5 0x0 0x0 0x140007 0x0 0x70 0xdd8 0x1a0005 0x3 0x1f749829db8 0xdd5 0x0 0x0 0x1d0007 0xdd8 0x38 0x0 0x210003 0xa30 0x18 0x0 0x0 0x0 0x0 0x0 0x0 0x9 0x1 0x0 oops 4 2 java/lang/Class 8 java/lang/String 18 java/lang/String 28 java/lang/String methods 0
compile com/fasterxml/jackson/databind/util/ClassUtil isJDKClass (Ljava/lang/Class;)Z -1 4 inline 29 0 -1 0 com/fasterxml/jackson/databind/util/ClassUtil isJDKClass (Ljava/lang/Class;)Z 1 1 0 java/lang/Class getName ()Ljava/lang/String; 1 8 0 java/lang/String startsWith (Ljava/lang/String;)Z 2 3 0 java/lang/String startsWith (Ljava/lang/String;I)Z 3 6 0 java/lang/String length ()I 4 6 0 java/lang/String coder ()B 3 10 0 java/lang/String length ()I 4 6 0 java/lang/String coder ()B 3 39 0 java/lang/String coder ()B 3 47 0 java/lang/String coder ()B 3 70 0 jdk/internal/util/ArraysSupport mismatch ([BI[BII)I 1 17 0 java/lang/String startsWith (Ljava/lang/String;)Z 2 3 0 java/lang/String startsWith (Ljava/lang/String;I)Z 3 6 0 java/lang/String length ()I 4 6 0 java/lang/String coder ()B 3 10 0 java/lang/String length ()I 4 6 0 java/lang/String coder ()B 3 39 0 java/lang/String coder ()B 3 47 0 java/lang/String coder ()B 3 70 0 jdk/internal/util/ArraysSupport mismatch ([BI[BII)I 1 26 0 java/lang/String startsWith (Ljava/lang/String;)Z 2 3 0 java/lang/String startsWith (Ljava/lang/String;I)Z 3 6 0 java/lang/String length ()I 4 6 0 java/lang/String coder ()B 3 10 0 java/lang/String length ()I 4 6 0 java/lang/String coder ()B 3 39 0 java/lang/String coder ()B 3 47 0 java/lang/String coder ()B 3 70 0 jdk/internal/util/ArraysSupport mismatch ([BI[BII)I
